<?xml version="1.0" encoding="UTF-8"?><resources>
  <string name="tacAccept">Αποδοχή</string>
  <string name="navAddLabelTextField">Προσθέστε μια ετικέτα (έως 10 χαρακτήρες)</string>
  <string name="recentEditScreenDeleteMessageText">Η διεύθυνση διαγράφηκε</string>
  <string name="navTurnImmediatelyNotice">Αμέσως</string>
  <string name="categoryWinery">Οινοποιεία</string>
  <string name="carWashItemLabel">Πλυντήριο αυτοκινήτων</string>
  <string name="ui_nav1">Πλοήγηση</string>
  <string name="mapUpdateFailedSDCardErrorContactDealer">Η SD κάρτα σας είναι γεμάτη ή έχει κάποιο πρόβλημα. Βλ. Εγχειρίδιο κατόχου ή επισκεφθείτε τον πλησιέστερο διανομέα.</string>
  <string name="navLimitNumberRecordings">Δεν μπορούν να καταγραφούν περισσότερες από %1$s διαδρομές. Διαγράψτε παλιότερες καταγραφές, για να μπορέσετε να καταγράψετε νέες διαδρομές.</string>
  <string name="navActionFailedLabel">Ενέργεια ανεπιτυχής</string>
  <string name="destinationFarFromRoad">Ο προορισμός βρίσκεται πολύ μακριά εκτός δρόμου</string>
  <string name="navDestinationNearby">Ο προορισμός βρίσκεται κοντά</string>
  <string name="emergencyCenterItemLabel">Κέντρα/Αίθουσες επειγόντων περιστατικών</string>
  <string name="enableSmartSearchLabel">Ενεργοποιήστε, για έξυπνη αναζήτ κ' δρομολόγ</string>
  <string name="favoriteRemoved">Αγαπημένο καταργήθηκε</string>
  <string name="commonMapServiceServiceRouteNotFound">Η διαδρομή δεν βρέθηκε</string>
  <string name="navSetUpHomeOption">Ορισμός ως Οικία</string>
  <string name="navFeatureUnavailableInGuidanceToast">Λειτουργία μη διαθέσιμη κατά την Καθοδήγηση</string>
  <string name="sdcardNotValidForVehicleErrorMessage">Κάρτα SD μη αποδεκτή σε αυτό το όχημα για πλοήγηση. Βλ. Εγχειρίδιο κατόχου ή επισκεφθείτε τον πλησιέστερο διανομέα.</string>
  <string name="snacksItemLabel">Nτελικατέσεν/Ποτά</string>
  <string name="dessertsBeverages">Γλυκά/Ποτά</string>
  <string name="categoryDeliSandwiches">Ντελικατέσεν/Σάντουιτς</string>
  <string name="alertMsgFrequentTrafficAccidentAhead">Πλησιάζετε σε περιοχή συχνών ατυχημάτ</string>
  <string name="ftuePrice">Λάβετε αυτόματες ενημερώσεις χάρτη ασύρματα</string>
  <string name="ftueActiveRouting">Ενεργή δρομολόγηση – Λαμβάνει δυναμικά τη βέλτιστη διαδρομή, με βάση τις τρέχουσες οδικές συνθήκες</string>
  <string name="ftueSmartDestination">Έξυπνος προορισμός – Μαθαίνει και προβλέπει τις αγαπημένες σας ενδιάμεσες στάσεις και εμφανίζει τις βέλτιστες διαδρομές μέχρι τον προορισμό σας</string>
  <string name="ftueSmartSearch">Έξυπνη αναζήτηση – Βρίσκει γρήγορα μέρη που σας ενδιαφέρουν</string>
  <string name="ftueSkip">Παράλειψη</string>
  <string name="mapControlInstructionZoom">Μεγέθυνση</string>
  <string name="mapControlInstructionPan">Μετακίν.</string>
  <string name="mapControlInstructionPin">Καρφίτσ.</string>
  <string name="mapControlInstructionRecenter">Επαν κεντρ</string>
  <string name="mapControlInstructionDismiss">Κλείσιμο</string>
  <string name="mapControlInstructionSwitch">Εναλλαγή</string>
  <string name="mapControlInstructionSelect">Επιλογή</string>
  <string name="mapControlInstructionBack">Πίσω</string>
  <string name="mapControl">Χειρισμός χάρτη</string>
  <string name="navTripStatsNotice">Στατιστικά διαδρομής</string>
  <string name="navSmartDestinationsReady">Οι Έξυπνοι προορισμοί σας είναι έτοιμοι!</string>
  <string name="navTapCardAlternateRoutes">Πατήστε στην κάρτα για να δείτε εναλλακτικές διαδρομές.</string>
  <string name="navSwipeDismissCard">Σύρετε αριστερά ή δεξιά, για να κλείσει η κάρτα.</string>
  <string name="navSwipeMinimizeCard">Σύρετε προς τα κάτω, για ελαχιστοποίηση της κάρτας</string>
  <string name="navLongHoldEdit">Κρατήστε το πατημένο, για να τροποποιήσετε την κάρτα.</string>
  <string name="navFasterBubble">%1$s λεπτά\nπιο γρήγ</string>
  <string name="navSimilarTimeBubble">Παρόμοια ώρα</string>
  <string name="navSlowerBubble">%1$s λεπτά\nπιο αργή</string>
  <string name="navYouveArrivedNotice">Φτάσατε στον προορισμό σας</string>
  <string name="navDynamicDistance">%1$s mi</string>
  <string name="largeMapUpdateAvailable">Μεγάλη ενημέρωση χάρτη διαθέσιμη</string>
  <string name="downloadSizeVarDataRatesApply">Το μέγεθος προς λήψη είναι περίπου %1$s MB. Μπορεί να ισχύει χρέωση\nδεδομένων ή/και υπέρβασης.</string>
  <string name="massageParlorsItemLabel">Κέντρα μασάζ</string>
  <string name="tennisItemLabel">Γήπεδα τένις</string>
  <string name="golfItemLabel">Γήπεδα γκολφ</string>
  <string name="categorySoccerField">Γήπεδα ποδοσφαίρου</string>
  <string name="toastLocationMaskingOff">Απόκρυψη περιοχής απενεργοποιημένη</string>
  <string name="titleLocationMasking">Απόκρυψη περιοχής ενεργοποιημένη</string>
  <string name="navExitNavButton">Έξοδος από την Πλοήγηση</string>
  <string name="subContent_requestPermissions">Η Πλοήγηση ζητά επίσης να της επιτραπεί η πρόσβαση στην Τοποθεσία, το Τηλέφωνο και τις Επαφές σας.</string>
  <string name="navSystemSettingsGrantAccess">Μεταβείτε στις Ρυθμίσεις συστήματος, για να επιτρέψετε την πρόσβαση.</string>
  <string name="mapColorSummary">Επιλέξτε "Αυτόματα" για αυτόματη εναλλαγή προγράμματος, ανάλογα με τις συνθήκες φωτισμού.</string>
  <string name="newLocalMapUpdateAvailable">Νέα ενημέρωση χάρτη διαθέσιμη</string>
  <string name="onStarDynamic">%1$s</string>
  <string name="nameAlreadyTaken">Το όνομα χρησιμοποιείται ήδη</string>
  <string name="navHighwayModeTitle">Πρόγραμμα "Αυτοκινητόδρομος"</string>
  <string name="yourNavServiceRenewed">Η συνδρομή σας στην Υπηρεσία πλοήγησης ανανεώθηκε.</string>
  <string name="neverCheckForBetterRoute">Ποτέ αναζήτηση για καλύτερες διαδρομές</string>
  <string name="askBeforeRerouting">Ερώτηση πριν την αναδρομολόγηση</string>
  <string name="renewSubscriptionLabel">Ανανέωση συνδρομής</string>
  <string name="restartNavSystemNotice">Πρέπει να επανεκκινήσετε τη λειτουργία Πλοήγησης, για να ισχύσει η συνδρομή σας. Διαφορετικά, η συνδρομή σας δεν θα είναι διαθέσιμη μέχρι να εκκινήσετε τον κινητήρα;\nΝα γίνει επανεκκίνηση τώρα;</string>
  <string name="yourSubscriptionRenewed">Η συνδρομή σας ανανεώθηκε.</string>
  <string name="couldNotFindChargingStation">Δεν βρέθηκε σταθμός φόρτισης</string>
  <string name="noNearbyExits">Δεν υπάρχουν έξοδοι κοντά σας</string>
  <string name="noExitsNearby">Δεν υπάρχουν έξοδοι κοντά σας.</string>
  <string name="roadTracing">Ανίχνευση διαδρομής</string>
  <string name="navWarningCallNotPossible">Χωρίς πρόσβαση στο τηλέφωνό σας, η Πλοήγηση δεν μπορεί να ενεργοποιήσει τη λειτουργία "Κλήση".\nΓια να επιτρέψετε την πρόσβαση, κάντε κλικ στην επιλογή "Εμφάνιση πρόσβασης" παρακάτω ή μεταβείτε στις Ρυθμίσεις συστήματος.</string>
  <string name="poiBankATMsIcon">Τράπεζες/ΑΤΜ</string>
  <string name="poiDrink">Ποτά</string>
  <string name="dialogueContinueRecordingRoute">Να συνεχιστεί η καταγραφή;</string>
  <string name="dialogRecordedSince">Καταγραφή από:\n%1$s στις %2$s</string>
  <string name="messageTotalDistanceExceed">Η συνολική γραμμική απόσταση ολόκληρης της διαδρομής δεν πρέπει να υπερβαίνει τα %1$s.</string>
  <string name="navTAPTCDetails">Πατήστε για λεπτομέρειες</string>
  <string name="navSaveChangesLabel">Να αποθηκευτούν οι αλλαγές;</string>
  <string name="navSaveChangesPopup">Να αποθηκ. οι αλλαγές στον Έξυπνο προορισμό;</string>
  <string name="navUpdateButton">Ενημέρωση</string>
  <string name="ftueToastTurnOnPredictiveNav">Πλοήγηση με πρόβλεψη απενεργοποιημένη. Ενεργοποιήστε την στις Ρυθμίσεις.</string>
  <string name="ftuePredictiveNavIsOn">Πλοήγηση με πρόβλεψη ενεργοποιημένη. Απενεργοποιήστε την στις Ρυθμίσεις.</string>
  <string name="dialogContentReminder">Πλοήγηση με πρόβλεψη ενεργοποιημένη. Απενεργοποιήστε την στις Ρυθμίσεις.</string>
  <string name="RecentDestinationsClearedMessage">Οι πρόσφατοι προορισμοί διαγράφηκαν</string>
  <string name="RecentDestinationsRestoredMessage">Έγινε επαναφορά των πρόσφατων προορισμών</string>
  <string name="toastRecordedRouteSaved">Η διαδρομή που καταγράφηκε αποθηκεύτηκε. Μπορείτε να τη βρείτε στην οθόνη Ανίχνευση διαδρομής.</string>
  <string name="recordRouteDistanceSave">%1$s\n%2$s στις %3$s\nΑπόσταση: %4$s\nΘέλετε να αποθηκευθεί;</string>
  <string name="titleRemoveDestinationWaypoint">Διαγρ. προορισμού/ενδιάμ. προορισμού</string>
  <string name="renameYourRecordedRoute">Μετονομάστε τη διαδρομή που καταγράφηκε.</string>
  <string name="messageRestartToDismiss">Επανεκκινήστε την εφαρμογή πλοήγησης, για να αγνοηθεί το σφάλμα.</string>
  <string name="restrictedRoadOnRoute">Ισχύουν οδικοί περιορισμοί στη διαδρομή</string>
  <string name="roadIsClosed">Ο δρόμος είναι προς το παρόν κλειστός</string>
  <string name="noSavedRouteYet">Δεν έχετε αποθηκεύσει διαδρομές έως τώρα.</string>
  <string name="roadTracingDescription">Η Ανίχνευση διαδρομής σας βοηθά να καταγράψετε την εκτός δρόμου διαδρομή σας και να ανατρέξετε στην αφετηρία.</string>
  <string name="routeTracing">Ανίχνευση διαδρομής</string>
  <string name="toastRouteOptionsUncheck">Αποεπιλέξτε ένα στοιχείο και επιλέξτε ένα άλλο</string>
  <string name="routingToNearestPointToDestination">Δρομολόγηση προς το πλησιέστ. σημείο στον προορισμό.</string>
  <string name="dialogStopRecordingMemoryDiskIsFull">Κάρτα SD γεμάτη</string>
  <string name="dialogCannotRecordMemoryCardIsFull">Κάρτα SD γεμάτη. Δεν είναι εφικτή η καταγραφή άλλων διαδρομών.</string>
  <string name="dialogueStoppedRecording">Η καταγραφή σταμάτησε</string>
  <string name="navSDCardFullRecStopMessage">Κάρτα SD γεμάτη. Η καταγραφή σταμάτησε.</string>
  <string name="listView">Προβ λίστας</string>
  <string name="SearchHistoryClearedMessage">Το ιστορικό αναζήτησης διαγράφηκε</string>
  <string name="SearchHistoryRestoredMessage">Έγινε επαναφορά του ιστορικού αναζήτησης</string>
  <string name="shoppingLifeIcon">Αγορές/Lifestyle</string>
  <string name="barsAsia">Μπαρ</string>
  <string name="generalHospitals">Γενικά Νοσοκομεία</string>
  <string name="gradeATertiaryHospitals">Πανεπιστημιακά Νοσοκομεία</string>
  <string name="starClassHotels">Ξενοδοχεία 3-5 αστέρων</string>
  <string name="mapView">Προβ χάρτη</string>
  <string name="incrDataUpdateInProcess">Ενημέρωση χάρτη σε εξέλιξη: %1$s%</string>
  <string name="poiBankATMsTitle">Τράπεζες/ΑΤΜ</string>
  <string name="bookStoreItemLabel">Βιβλιοπωλεία</string>
  <string name="commercialStreetItemLabel">Εμπορικά κέντρα</string>
  <string name="veterinarianItemLabel">Κτηνίατροι</string>
  <string name="shoppingLifeTitle">Αγορές/Lifestyle</string>
  <string name="titleShowPOIsOnMap">Εμφάνιση στον χάρτη</string>
  <string name="navLabelTakenToast">Η ετικέτα υπάρχει ήδη. Επιλέξτε άλλη.</string>
  <string name="navSetUpWorkCard">Ορισμός ως Εργασία</string>
  <string name="navSetUpHomeCard">Ορισμός ως Οικία</string>
  <string name="navDragMapUpdateAddress">Σύρετε χάρτη για ενημερ διεύθ</string>
  <string name="navLabelButton">Ετικέτα</string>
  <string name="commonDone">Τέλος</string>
  <string name="favoriteSaved">Αγαπημένο αποθηκεύτηκε</string>
  <string name="navHidePermanentlyText">Απόκρυψη μόνιμα</string>
  <string name="navHiddenDestinationNotice">Αυτή η τοποθεσία δεν θα εμφανιστεί ξανά ως Έξυπνος προορισμός. Η αναίρεση δεν είναι εφικτή.</string>
  <string name="navHideButton">Απόκρυψη</string>
  <string name="navHidePermanaentlyLabel">Απόκρυψη μόνιμα;</string>
  <string name="navChangesSavedToast">Οι αλλαγές αποθηκεύτηκαν</string>
  <string name="annotationCVP0TimeToHome">%1$s έως %2$s</string>
  <string name="buttonLearnMore">Μάθε περισσότ.</string>
  <string name="coachTripAssist">Ο Έξυπνος προορισμός δείχνει σημαντικές πληροφορίες οδήγησης για τις συνήθεις διαδρομές σας.</string>
  <string name="TripAssistMessage">Ο Έξυπνος προορισμός μαθαίνει και προβλέπει τις αγαπημένες σας ενδιάμεσες στάσεις και σας βοηθά να φτάσετε στον προορισμός σας χωρίς να χρειάζεται να πληκτρολογείτε.\n\nΓια να χειριστείτε τον Έξυπνο προορισμό, μεταβείτε στις Επιλογές &gt; Ρυθμίσεις &gt; Πλοήγηση με πρόβλεψη.</string>
  <string name="bubbleStartPoint">Αφετηρία</string>
  <string name="trafficEventsUnavailableTitle">Ειδοπ. για κυκλοφ. προβλήματα μη διαθ.</string>
  <string name="trafficEventsUnavailableContent">Συνδέστε το σύστημα πληροφοριών με το τηλέφωνό σας, για να λαμβάνετε πληροφορίες οδικής κυκλοφορίας σε πραγματικό χρόνο.</string>
  <string name="navTollboothAhead">Πλησιάζετε σε σταθμό διοδίων</string>
  <string name="significantTrafficDelayRerouteVars">Σημαντική καθυστέρηση κυκλοφορίας στη συνήθη διαδρομή προς %1$s.\nΑναδρομολόγηση μέσω %2$s, εξοικονόμηση %3$s λεπτών.</string>
  <string name="MRTStationItemLabel">Σταθμοί μετρό/σιδηροδρόμου</string>
  <string name="dialogCannotRecordUnknownIssues">Άγνωστα προβλήματα. Δεν είναι εφικτή η καταγραφή άλλων διαδρομών αυτή τη στιγμή.</string>
  <string name="rerouteViaVars">%1$s σε %2$s στην %3$s (προς %4$s)\nΑναδρομολόγηση μέσω %5$s.</string>
  <string name="navViewPredictiveTutorial">Μπορείτε να δείτε την επεξηγηματική παρουσίαση στις Ρυθμίσεις &gt; Πλοήγηση με πρόβλεψη</string>
</resources>