<?xml version="1.0" encoding="UTF-8"?><resources>
  <string name="tacAccept">Aceitar</string>
  <string name="navAddLabelTextField">Adicionar um rótulo (máximo 10 caracteres)</string>
  <string name="recentEditScreenDeleteMessageText">Endereço excluído</string>
  <string name="navTurnImmediatelyNotice">Imediatamente</string>
  <string name="categoryWinery">Enotecas</string>
  <string name="carWashItemLabel">Lava rápido/lava a jato</string>
  <string name="ui_nav1">Navegação</string>
  <string name="mapUpdateFailedSDCardErrorContactDealer">O cartão SD está cheio ou danificado. Ver o manual do proprietário para saber mais detalhes ou contactar a concessionária.</string>
  <string name="navLimitNumberRecordings">Não é possível gravar mais de %1$s rotas. Excluir gravações antigas antes de criar novas.</string>
  <string name="navActionFailedLabel">Ação falhou</string>
  <string name="destinationFarFromRoad">Destino longe da estrada</string>
  <string name="navDestinationNearby">Destino próximo</string>
  <string name="emergencyCenterItemLabel">Pronto-socorro/atendimento</string>
  <string name="enableSmartSearchLabel">Habilitar para roteamento e pesquisa inteligente</string>
  <string name="favoriteRemoved">Favorito removido</string>
  <string name="commonMapServiceServiceRouteNotFound">Rota não encontrada</string>
  <string name="navSetUpHomeOption">Definir Casa</string>
  <string name="navFeatureUnavailableInGuidanceToast">Recurso indisponível no modo de orientação</string>
  <string name="sdcardNotValidForVehicleErrorMessage">Este cartão SD não é válido para navegação neste veículo. Ver o manual do proprietário para saber mais ou contactar a concessionária</string>
  <string name="snacksItemLabel">Lanches/bebidas</string>
  <string name="dessertsBeverages">Sobremesas/bebidas</string>
  <string name="categoryDeliSandwiches">Delicatéssen/sanduíches</string>
  <string name="alertMsgFrequentTrafficAccidentAhead">Área com frequentes acidentes à frente</string>
  <string name="ftuePrice">Obtenha atualizações automáticas do mapa</string>
  <string name="ftueActiveRouting">Roteamento ativo: obtém a melhor rota atualizada dinamicamente com base nas condições atuais de trânsito</string>
  <string name="ftueSmartDestination">Destino inteligente: aprende e prevê suas paradas favoritas e mostra as melhores rotas</string>
  <string name="ftueSmartSearch">Pesquisa inteligente: encontra rapidamente os locais importantes para você</string>
  <string name="ftueSkip">Próximo</string>
  <string name="mapControlInstructionZoom">Zoom</string>
  <string name="mapControlInstructionPan">Mover</string>
  <string name="mapControlInstructionPin">Marcar</string>
  <string name="mapControlInstructionRecenter">Centralizar</string>
  <string name="mapControlInstructionDismiss">Ignorar</string>
  <string name="mapControlInstructionSwitch">Trocar</string>
  <string name="mapControlInstructionSelect">Selecionar</string>
  <string name="mapControlInstructionBack">Voltar</string>
  <string name="mapControl">Controle do mapa</string>
  <string name="navTripStatsNotice">Info da viagem</string>
  <string name="navSmartDestinationsReady">Seus destinos inteligentes estão prontos!</string>
  <string name="navTapCardAlternateRoutes">Toque no carta para ver rotas alternativas</string>
  <string name="navSwipeDismissCard">Deslize para a esquerda ou direita para ignorar esta carta</string>
  <string name="navSwipeMinimizeCard">Deslize para baixo para minimizar a carta</string>
  <string name="navLongHoldEdit">Mantenha pressionado para editar a carta</string>
  <string name="navFasterBubble">%1$s min\n+ rápido</string>
  <string name="navSimilarTimeBubble">Tempo similar</string>
  <string name="navSlowerBubble">%1$s min\nmais lento</string>
  <string name="navYouveArrivedNotice">Você chegou</string>
  <string name="navDynamicDistance">%1$s mi</string>
  <string name="largeMapUpdateAvailable">Grande atualiz. de mapa disponível</string>
  <string name="downloadSizeVarDataRatesApply">O download tem aproximadamente %1$s MB.\nPode haver custo adicional.</string>
  <string name="massageParlorsItemLabel">Massagens</string>
  <string name="tennisItemLabel">Quadras de tênis</string>
  <string name="golfItemLabel">Campos de golf</string>
  <string name="categorySoccerField">Campos de futebol</string>
  <string name="toastLocationMaskingOff">Esconder localização Desligada</string>
  <string name="titleLocationMasking">Esconder localização Ligada</string>
  <string name="navExitNavButton">Sair da navegação</string>
  <string name="subContent_requestPermissions">A navegação também requer permissão de acesso ao seu local, telefone e contatos.</string>
  <string name="navSystemSettingsGrantAccess">Acessar as configurações do sistema para permitir o acesso.</string>
  <string name="mapColorSummary">Selecione Automático para mudar os modos automaticamente com base nas condições de iluminação.</string>
  <string name="newLocalMapUpdateAvailable">Atualização de mapa disponível</string>
  <string name="onStarDynamic">%1$s</string>
  <string name="nameAlreadyTaken">Nome já em uso</string>
  <string name="navHighwayModeTitle">Modo rodovia</string>
  <string name="yourNavServiceRenewed">O serviço de navegação foi renovado</string>
  <string name="neverCheckForBetterRoute">Nunca pesquisar por melhores rotas</string>
  <string name="askBeforeRerouting">Perguntar antes de recalcular rota</string>
  <string name="renewSubscriptionLabel">Renovar assinatura</string>
  <string name="restartNavSystemNotice">É necessário reiniciar a navegação antes da nova  assinatura ter efeito. Caso contrário, a nova assinatura não estará disponível até que reinicie o motor. Reiniciar agora?</string>
  <string name="yourSubscriptionRenewed">A assinatura foi renovada</string>
  <string name="couldNotFindChargingStation">Não foi possível encontrar uma estação de carregamento</string>
  <string name="noNearbyExits">Nenhuma saída próxima</string>
  <string name="noExitsNearby">Nenhuma saída próxima</string>
  <string name="roadTracing">Acompanhar rota</string>
  <string name="navWarningCallNotPossible">Sem acesso ao telefone, a navegação não poderá habilitar o recurso "Chamada".\nPara permitir o acesso, clique em Mostrar permissões ou acesse as Configurações do sistema.</string>
  <string name="poiBankATMsIcon">Bancos/Cx. eletr.</string>
  <string name="poiDrink">Bebidas</string>
  <string name="dialogueContinueRecordingRoute">Continuar a gravar?</string>
  <string name="dialogRecordedSince">Gravado desde:\n%1$s às %2$s</string>
  <string name="messageTotalDistanceExceed">A distância linear total de toda a viagem não pode exceder %1$s</string>
  <string name="navTAPTCDetails">Toque para mais detalhes</string>
  <string name="navSaveChangesLabel">Salvar alterações?</string>
  <string name="navSaveChangesPopup">Salvar as alterações nos destinos inteligentes?</string>
  <string name="navUpdateButton">Atualizar</string>
  <string name="ftueToastTurnOnPredictiveNav">Navegação previsível Desligada. Ligar em Configurações.</string>
  <string name="ftuePredictiveNavIsOn">Navegação previsível Ligada. Desligar em Configurações.</string>
  <string name="dialogContentReminder">Navegação previsível Ligada. Desligar em Configurações.</string>
  <string name="RecentDestinationsClearedMessage">Destinos recentes apagados</string>
  <string name="RecentDestinationsRestoredMessage">Destinos recentes restaurados</string>
  <string name="toastRecordedRouteSaved">Rota gravada salva. Encontre-a na tela de Acompanhar rota</string>
  <string name="recordRouteDistanceSave">%1$s\n%2$s às %3$s\nDistância: %4$s\nGostaria de salvar?</string>
  <string name="titleRemoveDestinationWaypoint">Remover destino/ponto no caminho</string>
  <string name="renameYourRecordedRoute">Renomear a rota salva</string>
  <string name="messageRestartToDismiss">Reinicie a navegação para ignorar o erro</string>
  <string name="restrictedRoadOnRoute">Estrada restrita na rota</string>
  <string name="roadIsClosed">Estrada fechada atualmente</string>
  <string name="noSavedRouteYet">Nenhuma rota salva</string>
  <string name="roadTracingDescription">Acompanhar rota ajuda você a gravar rotas fora da estrada e retornar ao ponto inicial.</string>
  <string name="routeTracing">Acompanhar rota</string>
  <string name="toastRouteOptionsUncheck">Desmarcar uma seleção e, então, marcar outra</string>
  <string name="routingToNearestPointToDestination">Calculando a rota para o pronto mais próximo do destino</string>
  <string name="dialogStopRecordingMemoryDiskIsFull">Cartão SD cheio</string>
  <string name="dialogCannotRecordMemoryCardIsFull">Cartão SD cheio. No momento, não é possível gravar mais rotas.</string>
  <string name="dialogueStoppedRecording">Gravação parada</string>
  <string name="navSDCardFullRecStopMessage">Cartão SD cheio. A gravação parou.</string>
  <string name="listView">Ver lista</string>
  <string name="SearchHistoryClearedMessage">Histórico de pesquisa apagado</string>
  <string name="SearchHistoryRestoredMessage">Histórico de pesquisa restaurado</string>
  <string name="shoppingLifeIcon">Shop./serv. per.</string>
  <string name="barsAsia">Bares</string>
  <string name="generalHospitals">Hospitais</string>
  <string name="gradeATertiaryHospitals">Hospitais terciários de classe A</string>
  <string name="starClassHotels">Hotéis classificados como 3-5 estrelas</string>
  <string name="mapView">Ver mapa</string>
  <string name="incrDataUpdateInProcess">Atualização de mapa em progresso: %1$s%</string>
  <string name="poiBankATMsTitle">Bancos/caixas eletrônicos</string>
  <string name="bookStoreItemLabel">Livrarias</string>
  <string name="commercialStreetItemLabel">Áreas comerciais</string>
  <string name="veterinarianItemLabel">Veterinários</string>
  <string name="shoppingLifeTitle">Shopping/serviços personalizados</string>
  <string name="titleShowPOIsOnMap">Mostrar no mapa</string>
  <string name="navLabelTakenToast">Rótulo retirado. Selecione outro.</string>
  <string name="navSetUpWorkCard">Definir Trabalho</string>
  <string name="navSetUpHomeCard">Definir casa</string>
  <string name="navDragMapUpdateAddress">Arraste o mapa p/ atualizar o end.</string>
  <string name="navLabelButton">Rótulo</string>
  <string name="commonDone">Concluído</string>
  <string name="favoriteSaved">Favorito salvo</string>
  <string name="navHidePermanentlyText">Ocultar permanentemente</string>
  <string name="navHiddenDestinationNotice">Esta localização não será mostrada novamente como um Destino inteligente. Esta ação é permanente.</string>
  <string name="navHideButton">Ocultar</string>
  <string name="navHidePermanaentlyLabel">Ocultar permanentemente?</string>
  <string name="navChangesSavedToast">Alterações salvas</string>
  <string name="annotationCVP0TimeToHome">%1$s para %2$s</string>
  <string name="buttonLearnMore">Saiba mais</string>
  <string name="coachTripAssist">O Destino inteligente mostra informações de condução importantes para as suas viagens recorrentes</string>
  <string name="TripAssistMessage">O Destino inteligente aprende e prediz suas paradas favoritas para ajudar você a chegar lá mais rapidamente e sem precisar digitar.\n\nGerencie o Destino inteligente em Opções &gt; Configurações &gt; Navegação previsível.</string>
  <string name="bubbleStartPoint">Ponto de partida</string>
  <string name="trafficEventsUnavailableTitle">Eventos de trânsito indisponíveis</string>
  <string name="trafficEventsUnavailableContent">Conectar-se com o telefone para obter informações de trânsito ao vivo.</string>
  <string name="navTollboothAhead">Pedágio à frente</string>
  <string name="significantTrafficDelayRerouteVars">Trânsito na rota atual para %1$s.\nRecalcular para %2$s,  %3$s min. mais rápido.</string>
  <string name="MRTStationItemLabel">Metrô/Estações de trem</string>
  <string name="dialogCannotRecordUnknownIssues">Problemas desconhecidos. No momento, não é possível gravar mais rotas.</string>
  <string name="rerouteViaVars">%1$s a %2$s na %3$s (para %4$s)\nRecalcular para %5$s</string>
  <string name="navViewPredictiveTutorial">Veja este tutorial em Configurações &gt; Navegação previsível</string>
</resources>