<?xml version="1.0" encoding="UTF-8"?><resources>
  <string name="tacAccept">Akceptuj</string>
  <string name="navAddLabelTextField">Dodaj etykietę (maks. 10 znaków)</string>
  <string name="recentEditScreenDeleteMessageText">Adres usunięty</string>
  <string name="navTurnImmediatelyNotice">Natychmiast</string>
  <string name="categoryWinery">Wytwórnie win</string>
  <string name="carWashItemLabel">Myjnia samochodowa</string>
  <string name="ui_nav1">Nawigacja</string>
  <string name="mapUpdateFailedSDCardErrorContactDealer">Karta SD jest zapełniona lub uszkodzona. Zajrzyj do instrukcji obsługi lub udaj się do dealera.</string>
  <string name="navLimitNumberRecordings">Nie można zarejestrować więcej niż %1$s tras. Aby utworzyć nowe trasy, usuń stare zapisy.</string>
  <string name="navActionFailedLabel">Operacja nie powiodła się</string>
  <string name="destinationFarFromRoad">Cel podróży oddalony od drogi</string>
  <string name="navDestinationNearby">Cel podróży w pobliżu</string>
  <string name="emergencyCenterItemLabel">Stacje pogotowia ratunkowego</string>
  <string name="enableSmartSearchLabel">Inteligentne wyszukiwanie i wyznaczanie trasy</string>
  <string name="favoriteRemoved">Usunięto z ulubionych</string>
  <string name="commonMapServiceServiceRouteNotFound">Nie znaleziono trasy</string>
  <string name="navSetUpHomeOption">Ustaw adres domowy</string>
  <string name="navFeatureUnavailableInGuidanceToast">Funkcja niedostępna przy prowadzeniu po trasie</string>
  <string name="sdcardNotValidForVehicleErrorMessage">Ta karta SD nie nadaje się do nawigacji w tym pojeździe. Zajrzyj do instrukcji obsługi lub udaj się do dealera.</string>
  <string name="snacksItemLabel">Przekąski/napoje</string>
  <string name="dessertsBeverages">Desery/napoje</string>
  <string name="categoryDeliSandwiches">Delikatesy/punkty sprzedające kanapki</string>
  <string name="alertMsgFrequentTrafficAccidentAhead">Miejsce częstych wypadków przed Tobą</string>
  <string name="ftuePrice">Odbieraj automatyczne aktualizacje mapy bezprzewodowo</string>
  <string name="ftueActiveRouting">Aktywne wyznaczanie trasy – dynamiczny wybór najlepszej trasy w oparciu o bieżące warunki jazdy</string>
  <string name="ftueSmartDestination">Inteligentne cele – zapamiętuje i przewiduje Twoje ulubione cele podróży oraz wyświetla najlepsze trasy, które do nich prowadzą</string>
  <string name="ftueSmartSearch">Inteligentne wyszukiwanie – umożliwia szybkie znalezienie interesujących Cię miejsc</string>
  <string name="ftueSkip">Pomiń</string>
  <string name="mapControlInstructionZoom">Skala +/-</string>
  <string name="mapControlInstructionPan">Przesuń</string>
  <string name="mapControlInstructionPin">Przypnij</string>
  <string name="mapControlInstructionRecenter">Wyśrodkuj</string>
  <string name="mapControlInstructionDismiss">Odrzuć</string>
  <string name="mapControlInstructionSwitch">Przełącz</string>
  <string name="mapControlInstructionSelect">Wybierz</string>
  <string name="mapControlInstructionBack">Wstecz</string>
  <string name="mapControl">Przyciski mapy</string>
  <string name="navTripStatsNotice">Statystyka podróży</string>
  <string name="navSmartDestinationsReady">Funkcja Inteligentne cele jest gotowa!</string>
  <string name="navTapCardAlternateRoutes">Stuknij kartę, aby wyświetlić alternatywne trasy.</string>
  <string name="navSwipeDismissCard">Przesuń w lewo lub w prawo, aby zamknąć kartę.</string>
  <string name="navSwipeMinimizeCard">Przesuń w dół, aby zminimalizować kartę.</string>
  <string name="navLongHoldEdit">Przytrzymaj dłużej kartę, aby ją edytować.</string>
  <string name="navFasterBubble">%1$s min\nszybciej</string>
  <string name="navSimilarTimeBubble">Podobny czas</string>
  <string name="navSlowerBubble">%1$s min\nwolniej</string>
  <string name="navYouveArrivedNotice">Jesteś u celu</string>
  <string name="navDynamicDistance">%1$s mi</string>
  <string name="largeMapUpdateAvailable">Dostępna duża aktualizacja mapy</string>
  <string name="downloadSizeVarDataRatesApply">Rozmiar pliku do pobrania wynosi około\n%1$s MB. Mogą obowiązywać opłaty za transmisję i przekroczenie limitu danych</string>
  <string name="massageParlorsItemLabel">Gabinety masażu</string>
  <string name="tennisItemLabel">Korty tenisowe</string>
  <string name="golfItemLabel">Pola golfowe</string>
  <string name="categorySoccerField">Boiska piłkarskie</string>
  <string name="toastLocationMaskingOff">Maskowanie lokalizacji wyłączone</string>
  <string name="titleLocationMasking">Maskowanie lokalizacji włączone</string>
  <string name="navExitNavButton">Zamknij nawigację</string>
  <string name="subContent_requestPermissions">Nawigacja wymaga również zezwolenia na dostęp do Twojej lokalizacji, telefonu i kontaktów.</string>
  <string name="navSystemSettingsGrantAccess">Aby udzielić dostępu, przejdź do sekcji Ustawienia systemu.</string>
  <string name="mapColorSummary">Wybierz opcję Auto, aby automatycznie zmieniać tryb na podstawie warunków oświetlenia.</string>
  <string name="newLocalMapUpdateAvailable">Dostępna nowa aktual. lokalnej mapy</string>
  <string name="onStarDynamic">%1$s</string>
  <string name="nameAlreadyTaken">Nazwa jest już używana</string>
  <string name="navHighwayModeTitle">Tryb autostradowy</string>
  <string name="yourNavServiceRenewed">Subskrypcja usługi nawigacji została odnowiona.</string>
  <string name="neverCheckForBetterRoute">Nigdy nie szukaj lepszych tras</string>
  <string name="askBeforeRerouting">Pytaj przed zmianą trasy</string>
  <string name="renewSubscriptionLabel">Odnów subskrypcję</string>
  <string name="restartNavSystemNotice">Aby nowa subskrypcja zaczęła obowiązywać, musisz ponownie uruchomić nawigację. W przeciwnym razie subskrypcja nie będzie dostępna do kolejnego uruchomienia silnika.\nPonownie uruchomić nawigację teraz?</string>
  <string name="yourSubscriptionRenewed">Subskrypcja została odnowiona.</string>
  <string name="couldNotFindChargingStation">Nie można znaleźć stacji ładowania</string>
  <string name="noNearbyExits">Brak zjazdów w pobliżu</string>
  <string name="noExitsNearby">Brak zjazdów w pobliżu.</string>
  <string name="roadTracing">Rejestrowanie śladu trasy</string>
  <string name="navWarningCallNotPossible">Bez dostępu do telefonu nawigacja nie może włączyć funkcji „Połącz”.\nAby udzielić zezwolenia, kliknij Pokaż zezwolenie poniżej lub przejdź do sekcji Ustawienia systemu.</string>
  <string name="poiBankATMsIcon">Banki/bankom.</string>
  <string name="poiDrink">Drinki</string>
  <string name="dialogueContinueRecordingRoute">Wznowić rejestrowanie?</string>
  <string name="dialogRecordedSince">Rejestrowanie od:\n%1$s o %2$s</string>
  <string name="messageTotalDistanceExceed">Całkowity dystans podróży nie może przekraczać %1$s.</string>
  <string name="navTAPTCDetails">Stuknij, by zobaczyć detale</string>
  <string name="navSaveChangesLabel">Zapisać zmiany?</string>
  <string name="navSaveChangesPopup">Zapisać zmiany wprowadzone w inteligentnym celu?</string>
  <string name="navUpdateButton">Aktualizuj</string>
  <string name="ftueToastTurnOnPredictiveNav">Nawigacja przewidująca jest wyłączona. Można ją włączyć w sekcji Ustawienia.</string>
  <string name="ftuePredictiveNavIsOn">Nawigacja przewidująca jest włączona. Można ją wyłączyć w sekcji Ustawienia.</string>
  <string name="dialogContentReminder">Nawigacja przewidująca jest włączona. Można ją wyłączyć w sekcji Ustawienia.</string>
  <string name="RecentDestinationsClearedMessage">Usunięto ostatnie cele podróży</string>
  <string name="RecentDestinationsRestoredMessage">Przywrócono ostatnie cele podróży</string>
  <string name="toastRecordedRouteSaved">Zapisano rejestrowaną trasę. Można ją znaleźć na ekranie Rejestrowanie śladu trasy.</string>
  <string name="recordRouteDistanceSave">%1$s\n%2$s o %3$s\nOdległość: %4$s\nCzy chcesz zapisać?</string>
  <string name="titleRemoveDestinationWaypoint">Usuń cel podróży/punkt pośredni</string>
  <string name="renameYourRecordedRoute">Zmień nazwę zarejestrowanej trasy.</string>
  <string name="messageRestartToDismiss">Uruchom ponownie aplikację nawigacji, aby odrzucić błąd.</string>
  <string name="restrictedRoadOnRoute">Trasa obejmuje drogę z ograniczeniami w ruchu</string>
  <string name="roadIsClosed">Droga aktualnie zamknięta</string>
  <string name="noSavedRouteYet">Nie zapisano jeszcze żadnych tras.</string>
  <string name="roadTracingDescription">Rejestrowanie śladu trasy umożliwia zapisanie trasy podczas jazdy w terenie, aby następnie można było wrócić nią do punktu początkowego.</string>
  <string name="routeTracing">Rejestrowanie śladu trasy</string>
  <string name="toastRouteOptionsUncheck">Odznacz jedną z opcji, aby zaznaczyć nową</string>
  <string name="routingToNearestPointToDestination">Prowadzenie do punktu leżącego najbliżej celu podróży.</string>
  <string name="dialogStopRecordingMemoryDiskIsFull">Brak miejsca na karcie SD</string>
  <string name="dialogCannotRecordMemoryCardIsFull">Brak miejsca na karcie SD. Nie można kontynuować rejestrowania trasy.</string>
  <string name="dialogueStoppedRecording">Rejestrowanie zatrzymane</string>
  <string name="navSDCardFullRecStopMessage">Brak miejsca na karcie SD. Rejestrowanie zatrzymane.</string>
  <string name="listView">Widok listy</string>
  <string name="SearchHistoryClearedMessage">Usunięto historię wyszukiwania</string>
  <string name="SearchHistoryRestoredMessage">Przywrócono historię wyszukiwania</string>
  <string name="shoppingLifeIcon">Zakupy/butiki</string>
  <string name="barsAsia">Bary</string>
  <string name="generalHospitals">Szpitale ogólne</string>
  <string name="gradeATertiaryHospitals">Szpitale wysokospecjalistyczne</string>
  <string name="starClassHotels">Hotele wysokiej kategorii</string>
  <string name="mapView">Widok mapy</string>
  <string name="incrDataUpdateInProcess">Aktualizacja mapy w toku: %1$s%</string>
  <string name="poiBankATMsTitle">Banki/bankomaty</string>
  <string name="bookStoreItemLabel">Księgarnie</string>
  <string name="commercialStreetItemLabel">Dzielnice handlowe</string>
  <string name="veterinarianItemLabel">Weterynarze</string>
  <string name="shoppingLifeTitle">Centra handlowe/butiki</string>
  <string name="titleShowPOIsOnMap">Pokaż na mapie</string>
  <string name="navLabelTakenToast">Etykieta jest już używana. Wybierz inną.</string>
  <string name="navSetUpWorkCard">Ustaw adres służbowy</string>
  <string name="navSetUpHomeCard">Ustaw adres domowy</string>
  <string name="navDragMapUpdateAddress">Przesuń mapę by uaktualnić adres</string>
  <string name="navLabelButton">Etykieta</string>
  <string name="commonDone">Gotowe</string>
  <string name="favoriteSaved">Zapisano w ulubionych</string>
  <string name="navHidePermanentlyText">Ukryj na stałe</string>
  <string name="navHiddenDestinationNotice">To miejsce nie będzie więcej pokazywane jako inteligentny cel. Tego działania nie można cofnąć.</string>
  <string name="navHideButton">Ukryj</string>
  <string name="navHidePermanaentlyLabel">Ukryć na stałe?</string>
  <string name="navChangesSavedToast">Zapisano zmiany</string>
  <string name="annotationCVP0TimeToHome">%1$s do: %2$s</string>
  <string name="buttonLearnMore">Informacje</string>
  <string name="coachTripAssist">Funkcja Inteligentne cele wyświetla ważne informacje dotyczące jazdy do najczęściej używanych celów podróży</string>
  <string name="TripAssistMessage">Funkcja Inteligentne cele zapamiętuje Twoje ulubione cele podróży i przewiduje je, eliminując konieczność wprowadzania ich nazwy i pomagając w szybszym dotarciu na miejsce.\n\nAby wyłączyć funkcję Inteligentne cele, wybierz: Opcje &gt; Ustawienia &gt; Nawigacja przewidująca.</string>
  <string name="bubbleStartPoint">Punkt początkowy</string>
  <string name="trafficEventsUnavailableTitle">Powiadomienia o zdarzeniach niedostępne</string>
  <string name="trafficEventsUnavailableContent">Udostępnij połączenie internetowe telefonu systemowi multimedialnemu, aby odbierać informacje o ruchu drogowym w czasie rzeczywistym.</string>
  <string name="navTollboothAhead">Punkt poboru opłat przed Tobą</string>
  <string name="significantTrafficDelayRerouteVars">Znaczne opóźnienie na zwykłej trasie do: %1$s.\nWybierz objazd przez %2$s, co skróci czas jazdy o %3$s min.</string>
  <string name="MRTStationItemLabel">Stacje metra/kolei miejskiej</string>
  <string name="dialogCannotRecordUnknownIssues">Nieznany problem. Nie można kontynuować rejestrowania trasy.</string>
  <string name="rerouteViaVars">%1$s za %2$s na %3$s (do %4$s)\nObjazd przez %5$s.</string>
  <string name="navViewPredictiveTutorial">Samouczek można wyświetlić w sekcji Ustawienia &gt; Nawigacja przewidująca</string>
</resources>