<?xml version="1.0" encoding="UTF-8"?><resources>
  <string name="tacAccept">Accept</string>
  <string name="navAddLabelTextField">Adăugați o etichetă (maximum 10 caractere)</string>
  <string name="recentEditScreenDeleteMessageText">Adresă ștearsă</string>
  <string name="navTurnImmediatelyNotice">Imediat</string>
  <string name="categoryWinery">Crame</string>
  <string name="carWashItemLabel">Spălătorie auto</string>
  <string name="ui_nav1">Navigație</string>
  <string name="mapUpdateFailedSDCardErrorContactDealer">Cardul dvs. SD este plin sau deteriorat. Consultați Manualul de utilizare pt. detalii suplimentare sau vizitați dealerul.</string>
  <string name="navLimitNumberRecordings">Nu pot fi memorate mai mult de %1$s rute. Ștergeți înregistrările vechi înaintea creării unora noi.</string>
  <string name="navActionFailedLabel">Acțiune eșuată</string>
  <string name="destinationFarFromRoad">Destinație foarte îndepărtată de șosea</string>
  <string name="navDestinationNearby">Destinație în apropiere</string>
  <string name="emergencyCenterItemLabel">Centre/camere de urgență</string>
  <string name="enableSmartSearchLabel">Activare pentru căutare inteligentă și rutare</string>
  <string name="favoriteRemoved">Adresa favorită a fost ştearsă</string>
  <string name="commonMapServiceServiceRouteNotFound">Ruta nu a fost găsită</string>
  <string name="navSetUpHomeOption">Setează adresa pentru acasă</string>
  <string name="navFeatureUnavailableInGuidanceToast">Funcție nedisponibilă în modul Ghidare</string>
  <string name="sdcardNotValidForVehicleErrorMessage">Acest card SD nu este valid în acest vehicul pt. navigație. Consultați-vă Manualul de utilizare pt. detalii suplimentare sau vizitați dealerul.</string>
  <string name="snacksItemLabel">Aperitive/băuturi</string>
  <string name="dessertsBeverages">Deserturi/băuturi</string>
  <string name="categoryDeliSandwiches">Delicatese/sandwich-uri</string>
  <string name="alertMsgFrequentTrafficAccidentAhead">Urmează o zonă cu accidente frecvente</string>
  <string name="ftuePrice">Primiți automat hărți actualizate, prin transmisie fără fir</string>
  <string name="ftueActiveRouting">Rută activă - Actualizează dinamic cea mai bună rută posibilă în funcție de condițiile actuale ale șoselei.</string>
  <string name="ftueSmartDestination">Destinație inteligentă - Învață și vă prezice opririle favorite și vă indică cele mai bune rute pentru a ajunge acolo</string>
  <string name="ftueSmartSearch">Căutare inteligentă - Găsește rapid locuri în care vă doriți să ajungeți</string>
  <string name="ftueSkip">Sari peste</string>
  <string name="mapControlInstructionZoom">Zoom</string>
  <string name="mapControlInstructionPan">Deplasare</string>
  <string name="mapControlInstructionPin">Pin</string>
  <string name="mapControlInstructionRecenter">Recentrare</string>
  <string name="mapControlInstructionDismiss">Închidere</string>
  <string name="mapControlInstructionSwitch">Comutare</string>
  <string name="mapControlInstructionSelect">Selectare</string>
  <string name="mapControlInstructionBack">Înapoi</string>
  <string name="mapControl">Control hartă</string>
  <string name="navTripStatsNotice">Informații despre călătorie</string>
  <string name="navSmartDestinationsReady">Destinațiile dumneavoastră inteligente sunt disponibile!</string>
  <string name="navTapCardAlternateRoutes">Atingeți cardul pentru a obține rute alternative.</string>
  <string name="navSwipeDismissCard">Glisați spre stânga sau dreapta pentru a închide cardul.</string>
  <string name="navSwipeMinimizeCard">Glisați în jos pentru a minimiza cardul.</string>
  <string name="navLongHoldEdit">Mențineți apăsat pentru editarea cardului.</string>
  <string name="navFasterBubble">%1$s min mai\nrapidă</string>
  <string name="navSimilarTimeBubble">Durată similară</string>
  <string name="navSlowerBubble">%1$s min mai\nlent</string>
  <string name="navYouveArrivedNotice">Ați ajuns la destinație</string>
  <string name="navDynamicDistance">%1$s mi</string>
  <string name="largeMapUpdateAvailable">Actualizare mare hartă disponibilă</string>
  <string name="downloadSizeVarDataRatesApply">Mărimea de descărcare este aproximativ %1$sMB.\nSunt posibile tarife pt. date și/sau exces.</string>
  <string name="massageParlorsItemLabel">Saloane de masaj</string>
  <string name="tennisItemLabel">Terenuri de tenis</string>
  <string name="golfItemLabel">Terenuri de golf</string>
  <string name="categorySoccerField">Terenuri de fotbal</string>
  <string name="toastLocationMaskingOff">Mascarea locației inactivă</string>
  <string name="titleLocationMasking">Mascarea locației activă</string>
  <string name="navExitNavButton">Părăsire navigație</string>
  <string name="subContent_requestPermissions">Sistemul de navigație vă solicită acordul pt. a vă accesa locația, telefonul și contactele.</string>
  <string name="navSystemSettingsGrantAccess">Vă rugăm să vizitați Setările sistemului pt. a obține accesul.</string>
  <string name="mapColorSummary">Selectați Auto pentru a modifica automat modurile în funcție de condițiile de iluminare.</string>
  <string name="newLocalMapUpdateAvailable">Actualizare hartă locală disponibilă</string>
  <string name="onStarDynamic">%1$s</string>
  <string name="nameAlreadyTaken">Denumire folosită deja</string>
  <string name="navHighwayModeTitle">Mod autostradă</string>
  <string name="yourNavServiceRenewed">Serviciul dvs. de navigație a fost reînnoit.</string>
  <string name="neverCheckForBetterRoute">Nu căuta rute mai bune</string>
  <string name="askBeforeRerouting">Întreabă înaintea reconfigurării traseului</string>
  <string name="renewSubscriptionLabel">Reînnoire abonament</string>
  <string name="restartNavSystemNotice">Trebuie să reporniți Navigația înainte ca noul abonament să intre în vigoare. În caz contrar, abonamentul nu v-a fi disponibil până la următoarea pornire a motorului dvs.\nReporniți acum?</string>
  <string name="yourSubscriptionRenewed">Abonamentul dvs. a fost reînnoit.</string>
  <string name="couldNotFindChargingStation">Nu s-a putut găsi stația de încărcare</string>
  <string name="noNearbyExits">Nu există ieșiri în apropiere</string>
  <string name="noExitsNearby">Nu există ieșiri în apropiere.</string>
  <string name="roadTracing">Urmărire traseu</string>
  <string name="navWarningCallNotPossible">Fără accesul la telefonul dvs., sistemul de navigație nu poate activa funcția “Apelare”.\nPentru a oferi accesul, faceți clic pe Afișare permisiuni de mai jos sau vizitați Setările sistemului.</string>
  <string name="poiBankATMsIcon">Bănci/ATM-uri</string>
  <string name="poiDrink">Băuturi</string>
  <string name="dialogueContinueRecordingRoute">Continuați înregistrarea?</string>
  <string name="dialogRecordedSince">Înregistrat de la:\n%1$s la ora %2$s</string>
  <string name="messageTotalDistanceExceed">Distanța liniară totală a întregii călătorii nu poate depăși %1$s.</string>
  <string name="navTAPTCDetails">Atingeți pt. a vedea detaliile</string>
  <string name="navSaveChangesLabel">Salvați modificările?</string>
  <string name="navSaveChangesPopup">Memorați modificările la Destinație inteligentă?</string>
  <string name="navUpdateButton">Actualizare</string>
  <string name="ftueToastTurnOnPredictiveNav">Navigație Predictivă oprită. Activați din Setări.</string>
  <string name="ftuePredictiveNavIsOn">Navigație Predictivă activă. Dezactivați din Setări.</string>
  <string name="dialogContentReminder">Navigație Predictivă activă. Dezactivați din Setări.</string>
  <string name="RecentDestinationsClearedMessage">Destinații recente șterse</string>
  <string name="RecentDestinationsRestoredMessage">Destinații recente memorate</string>
  <string name="toastRecordedRouteSaved">Traseu înregistrat este salvat. Îl găsiți în ecranul Urmărire traseu.</string>
  <string name="recordRouteDistanceSave">%1$s\n%2$s la ora %3$s\nDistanța: %4$s\nDoriți să memorați?</string>
  <string name="titleRemoveDestinationWaypoint">Șterge destinația/punctul de traseu</string>
  <string name="renameYourRecordedRoute">Redenumiți-vă traseul înregistrat.</string>
  <string name="messageRestartToDismiss">Vă rugăm reporniți aplicația Sistemului de navigație pentru anularea erorii.</string>
  <string name="restrictedRoadOnRoute">Șosea restricționată pe traseu</string>
  <string name="roadIsClosed">Șosea momentan închisă</string>
  <string name="noSavedRouteYet">Încă nu ați salvat niciun traseu.</string>
  <string name="roadTracingDescription">Urmărirea traseului vă ajută să vă înregistrați traseul off-road și să reveniți la punctul de start.</string>
  <string name="routeTracing">Urmărirea traseului</string>
  <string name="toastRouteOptionsUncheck">Debifați o selecție iar apoi selectați alta</string>
  <string name="routingToNearestPointToDestination">Deplasare la cel mai apropiat punct de destinația dvs.</string>
  <string name="dialogStopRecordingMemoryDiskIsFull">Card SD plin</string>
  <string name="dialogCannotRecordMemoryCardIsFull">Card SD plin. Nu pot fi înregistrate mai multe trasee la momentul actual.</string>
  <string name="dialogueStoppedRecording">Înregistrare oprită</string>
  <string name="navSDCardFullRecStopMessage">Card SD plin. Înregistrare oprită.</string>
  <string name="listView">Vizual. listă</string>
  <string name="SearchHistoryClearedMessage">Istoric căutare șters</string>
  <string name="SearchHistoryRestoredMessage">Istoric căutare restabilit</string>
  <string name="shoppingLifeIcon">Shopping/Lifest.</string>
  <string name="barsAsia">Baruri</string>
  <string name="generalHospitals">Spitale generale</string>
  <string name="gradeATertiaryHospitals">Spitale municipale</string>
  <string name="starClassHotels">Hoteluri cu 3-5 stele</string>
  <string name="mapView">Vizual. hartă</string>
  <string name="incrDataUpdateInProcess">Actualizarea hărții în desfășurare: %1$s%</string>
  <string name="poiBankATMsTitle">Bănci/ATM-uri</string>
  <string name="bookStoreItemLabel">Librării</string>
  <string name="commercialStreetItemLabel">Zone comerciale</string>
  <string name="veterinarianItemLabel">Veterinari</string>
  <string name="shoppingLifeTitle">Shopping/Lifestyle</string>
  <string name="titleShowPOIsOnMap">Arată pe hartă</string>
  <string name="navLabelTakenToast">Etichetă utilizată. Vă rugăm alegeți alta.</string>
  <string name="navSetUpWorkCard">Setați Muncă</string>
  <string name="navSetUpHomeCard">Setați Acasă</string>
  <string name="navDragMapUpdateAddress">Trageți harta pt. actualiz. adresei</string>
  <string name="navLabelButton">Etichetă</string>
  <string name="commonDone">Terminat</string>
  <string name="favoriteSaved">Adresa favorită a fost salvată</string>
  <string name="navHidePermanentlyText">Ascunde permanent</string>
  <string name="navHiddenDestinationNotice">Această locație nu va fi afișată din nou ca Destinație inteligentă. Această acțiune nu poate fi revocată.</string>
  <string name="navHideButton">Ascunde</string>
  <string name="navHidePermanaentlyLabel">Ascunde permanent?</string>
  <string name="navChangesSavedToast">Modificări memorate</string>
  <string name="annotationCVP0TimeToHome">%1$s până la %2$s</string>
  <string name="buttonLearnMore">Află mai mult</string>
  <string name="coachTripAssist">Destinația inteligentă arată informații importante de conducere pt. călătoriile dvs. obișnuite</string>
  <string name="TripAssistMessage">Funcția Destinație inteligentă învață și vă prezice opririle favorite pentru a vă ajuta să ajungeți mai repede acolo fără să scrieți.\n\nAdministrați Destinație inteligentă în Opțiuni &gt; Setări &gt; Navigație Predictivă.</string>
  <string name="bubbleStartPoint">Punct de start</string>
  <string name="trafficEventsUnavailableTitle">Eveniment din trafic nedisponibil</string>
  <string name="trafficEventsUnavailableContent">Sincronizați sistemul de informații la telefonul dvs. pentru a accesa funcția Trafic live.</string>
  <string name="navTollboothAhead">Punct de taxare în față</string>
  <string name="significantTrafficDelayRerouteVars">Întârziere de trafic semnificativă pe traseul uzual spre %1$s.\nReconfigurați traseul prin %2$s, economisiți %3$s min.</string>
  <string name="MRTStationItemLabel">Stații de metrou/tramvai</string>
  <string name="dialogCannotRecordUnknownIssues">Problemă necunoscută. Nu pot fi înregistrate mai multe trasee în momentul acesta.</string>
  <string name="rerouteViaVars">%1$s în %2$s pe %3$s (până la %4$s)\nReconfigurați traseul prin %5$s.</string>
  <string name="navViewPredictiveTutorial">Puteți vizualiza tutorialul din Setări &gt; Navigație Predictivă</string>
</resources>