<?xml version="1.0" encoding="UTF-8"?><resources>
  <string name="tacAccept">Прийняти</string>
  <string name="navAddLabelTextField">Додайте мітку (до 10 символів)</string>
  <string name="recentEditScreenDeleteMessageText">Адресу видалено</string>
  <string name="navTurnImmediatelyNotice">Негайно</string>
  <string name="categoryWinery">Виноробні</string>
  <string name="carWashItemLabel">Автомийки</string>
  <string name="ui_nav1">Навігатор</string>
  <string name="mapUpdateFailedSDCardErrorContactDealer">SD-картка заповнена або пошкоджена. Ознайомтеся з інструкцією автомобіля або зверніться в місце його придбання.</string>
  <string name="navLimitNumberRecordings">%1$s – це максимальна кількість маршрутів, яку можна записати. Щоб створювати нові записи, спочатку видаліть старі.</string>
  <string name="navActionFailedLabel">Не вдалося виконати цю дію</string>
  <string name="destinationFarFromRoad">Цей пункт призначення розташований далеко від дороги</string>
  <string name="navDestinationNearby">Поблизу пункту призначення</string>
  <string name="emergencyCenterItemLabel">Центри/пункти екстреної медичної допомоги</string>
  <string name="enableSmartSearchLabel">Увімкніть для інтелект. пош. і прокл. маршр.</string>
  <string name="favoriteRemoved">Елемент вибраного вилучено</string>
  <string name="commonMapServiceServiceRouteNotFound">Маршрут не знайдено</string>
  <string name="navSetUpHomeOption">Налаштування домашньої адреси</string>
  <string name="navFeatureUnavailableInGuidanceToast">Недоступно в режимі ведення за маршрутом</string>
  <string name="sdcardNotValidForVehicleErrorMessage">Ця SD-картка не підходить для навігаційної системи в цьому автомобілі. Див. інструкцію автомобіля чи зверніться до свого дилера.</string>
  <string name="snacksItemLabel">Закуски/напої</string>
  <string name="dessertsBeverages">Десерти/напої</string>
  <string name="categoryDeliSandwiches">Делікатеси/сендвічі</string>
  <string name="alertMsgFrequentTrafficAccidentAhead">Попереду діл. підвищеної аварійності</string>
  <string name="ftuePrice">Оновлення карт можна отримувати безпосередньо через радіоефір</string>
  <string name="ftueActiveRouting">Активне прокладання маршруту – забезпечує оптимальний маршрут, що динамічно оновлюється залежно від поточної ситуації на дорозі</string>
  <string name="ftueSmartDestination">Функція інтелектуальних пунктів призначення – запам’ятовує та прогнозує місця, в яких ви часто зупиняєтесь, і пропонує найкращі маршрути до них</string>
  <string name="ftueSmartSearch">Розумний пошук – дає змогу швидко знаходити місця, які вас цікавлять</string>
  <string name="ftueSkip">Пропустити</string>
  <string name="mapControlInstructionZoom">Масштаб.</string>
  <string name="mapControlInstructionPan">Панорам.</string>
  <string name="mapControlInstructionPin">Позначити</string>
  <string name="mapControlInstructionRecenter">Центрув.</string>
  <string name="mapControlInstructionDismiss">Зрозуміло</string>
  <string name="mapControlInstructionSwitch">Перемк.</string>
  <string name="mapControlInstructionSelect">Вибрати</string>
  <string name="mapControlInstructionBack">Назад</string>
  <string name="mapControl">Керувати картою</string>
  <string name="navTripStatsNotice">Статистичні дані про поїздку</string>
  <string name="navSmartDestinationsReady">Інтелектуальні пункти призначення готові!</string>
  <string name="navTapCardAlternateRoutes">Торкніться картки, щоб отримати альтернативні маршрути.</string>
  <string name="navSwipeDismissCard">Щоб закрити картку, проведіть по екрану вліво або вправо.</string>
  <string name="navSwipeMinimizeCard">Щоб згорнути картку, проведіть по екрану донизу</string>
  <string name="navLongHoldEdit">Щоб відредагувати картку, натисніть і потримайте.</string>
  <string name="navFasterBubble">Швидше\nна %1$s хв</string>
  <string name="navSimilarTimeBubble">Схожий час</string>
  <string name="navSlowerBubble">На %1$s хв\nдовше</string>
  <string name="navYouveArrivedNotice">Ви прибули в місце призначення</string>
  <string name="navDynamicDistance">%1$s mi</string>
  <string name="largeMapUpdateAvailable">З’явилося велике оновлення карт</string>
  <string name="downloadSizeVarDataRatesApply">Розмір завантаження: приблизно %1$s Мб.\nМоже стягуватися плата за мобільний Інтернет або перевищення трафіку.</string>
  <string name="massageParlorsItemLabel">Масажні салони</string>
  <string name="tennisItemLabel">Тенісні корти</string>
  <string name="golfItemLabel">Поля для гольфу</string>
  <string name="categorySoccerField">Футбольні поля</string>
  <string name="toastLocationMaskingOff">Маскування місцезнаходження вимкнено</string>
  <string name="titleLocationMasking">Маскування місцезнаходження увімк.</string>
  <string name="navExitNavButton">Закрити навігатор</string>
  <string name="subContent_requestPermissions">Навігатору також потрібен дозвіл на доступ до ваших місцезнаходження, телефону та контактів.</string>
  <string name="navSystemSettingsGrantAccess">Надайте потрібні дозволи в розділі "Налаштування системи".</string>
  <string name="mapColorSummary">Виберіть "Автоматично", щоб змінювати режим автоматично залежно від умов освітлення.</string>
  <string name="newLocalMapUpdateAvailable">Є оновлення місцевої карти</string>
  <string name="onStarDynamic">%1$s</string>
  <string name="nameAlreadyTaken">Така назва вже використовується</string>
  <string name="navHighwayModeTitle">Режим шосе</string>
  <string name="yourNavServiceRenewed">Роботу навігаційної служби поновлено.</string>
  <string name="neverCheckForBetterRoute">Ніколи не шукати кращі маршрути</string>
  <string name="askBeforeRerouting">Запитати перед пош. кращого маршруту</string>
  <string name="renewSubscriptionLabel">Поновити підписку</string>
  <string name="restartNavSystemNotice">Щоб набула чинності нова підписка, перезапустіть "Навігатор", інакше підписка буде недоступною до наступного запуску двигуна.\nПерезапустити зараз?</string>
  <string name="yourSubscriptionRenewed">Вашу підписку поновлено.</string>
  <string name="couldNotFindChargingStation">Не вдалося знайти зарядну станцію</string>
  <string name="noNearbyExits">Поблизу немає виїздів</string>
  <string name="noExitsNearby">Поблизу немає виїздів.</string>
  <string name="roadTracing">Запис шляху повернення</string>
  <string name="navWarningCallNotPossible">Без доступу до функції "Телефон" навігаційна система не зможе ввімкнути функцію "Зателефонувати".\nЩоб надати доступ, натисніть "Показати дозвіл" нижче, або відкрийте "Налаштування системи".</string>
  <string name="poiBankATMsIcon">Банки/ATM</string>
  <string name="poiDrink">Напої</string>
  <string name="dialogueContinueRecordingRoute">Продовжити запис?</string>
  <string name="dialogRecordedSince">Записано від:\n%1$s, %2$s</string>
  <string name="messageTotalDistanceExceed">Загальна лінійна відстань усієї поїздки не може перевищувати %1$s.</string>
  <string name="navTAPTCDetails">Нат., щоб показати опис</string>
  <string name="navSaveChangesLabel">Зберегти зміни?</string>
  <string name="navSaveChangesPopup">Зберегти зміни до інтелект. пунктів признач.?</string>
  <string name="navUpdateButton">Оновити</string>
  <string name="ftueToastTurnOnPredictiveNav">Предиктивну навігацію вимкнено. Увімкнути її можна в розділі "Налаштування".</string>
  <string name="ftuePredictiveNavIsOn">Увімкнено предиктивну навігацію. Вимкнути її можна в розділі "Налаштування".</string>
  <string name="dialogContentReminder">Увімкнено предиктивну навігацію. Вимкнути її можна в розділі "Налаштування".</string>
  <string name="RecentDestinationsClearedMessage">Нещодавні пункти призначення очищено</string>
  <string name="RecentDestinationsRestoredMessage">Список останніх пунктів призначення відновлено</string>
  <string name="toastRecordedRouteSaved">Записаний маршрут збережено. Він доступний на екрані "Запис шляху повернення".</string>
  <string name="recordRouteDistanceSave">%1$s\n%2$s, %3$s\nВідстань: %4$s\nЗберегти?</string>
  <string name="titleRemoveDestinationWaypoint">Видалення кінцев./проміжного пункту</string>
  <string name="renameYourRecordedRoute">Змініть назву записаного маршруту.</string>
  <string name="messageRestartToDismiss">Щоб зникло повідомлення про помилку, перезапустіть додаток "Навігатор".</string>
  <string name="restrictedRoadOnRoute">На маршруті є дорога, на якій діють обмеження</string>
  <string name="roadIsClosed">Ця дорога наразі закрита</string>
  <string name="noSavedRouteYet">Ви ще не зберігали маршрути.</string>
  <string name="roadTracingDescription">"Запис шляху повернення" дає змогу зафіксувати маршрут відхилення від основної дороги та повернутися до відправної точки.</string>
  <string name="routeTracing">Запис шляху повернення</string>
  <string name="toastRouteOptionsUncheck">Зніміть позначку з одного з пунктів і позначте інший</string>
  <string name="routingToNearestPointToDestination">Пошук марш. до пункту, найближчого до пункту признач.</string>
  <string name="dialogStopRecordingMemoryDiskIsFull">SD-картка заповнена</string>
  <string name="dialogCannotRecordMemoryCardIsFull">SD-картка заповнена. Поки що не можна записати додаткові маршрути.</string>
  <string name="dialogueStoppedRecording">Запис зупинено</string>
  <string name="navSDCardFullRecStopMessage">SD-картка заповнена. Запис зупинено.</string>
  <string name="listView">Як список</string>
  <string name="SearchHistoryClearedMessage">Історію пошуку очищено</string>
  <string name="SearchHistoryRestoredMessage">Історію пошуку відновлено</string>
  <string name="shoppingLifeIcon">ТРЦ/бренд. маг.</string>
  <string name="barsAsia">Бари</string>
  <string name="generalHospitals">Загальні лікарні</string>
  <string name="gradeATertiaryHospitals">Клініки найвищого класу</string>
  <string name="starClassHotels">Готелі із зірковою системою класифікації</string>
  <string name="mapView">На карті</string>
  <string name="incrDataUpdateInProcess">Виконується оновлення карти: %1$s%</string>
  <string name="poiBankATMsTitle">Банки/банкомати</string>
  <string name="bookStoreItemLabel">Книгарні</string>
  <string name="commercialStreetItemLabel">Торговельні райони</string>
  <string name="veterinarianItemLabel">Ветеринарні клініки</string>
  <string name="shoppingLifeTitle">Торговельні центри/брендові магазини</string>
  <string name="titleShowPOIsOnMap">Показати на карті</string>
  <string name="navLabelTakenToast">Така мітка вже використовується – виберіть іншу.</string>
  <string name="navSetUpWorkCard">Адреса роботи</string>
  <string name="navSetUpHomeCard">Домашня адреса</string>
  <string name="navDragMapUpdateAddress">Онов. адр., перетягнувши карту</string>
  <string name="navLabelButton">Мітка</string>
  <string name="commonDone">Гаразд</string>
  <string name="favoriteSaved">Елемент вибраного збережено</string>
  <string name="navHidePermanentlyText">Сховати остаточно</string>
  <string name="navHiddenDestinationNotice">Це місце розташ. вже не буде пропонуватися як інтелект. пункт призн. Скас. цю дію не можна.</string>
  <string name="navHideButton">Сховати</string>
  <string name="navHidePermanaentlyLabel">Сховати остаточно?</string>
  <string name="navChangesSavedToast">Зміни збережено</string>
  <string name="annotationCVP0TimeToHome">%1$s до %2$s</string>
  <string name="buttonLearnMore">Докладніше</string>
  <string name="coachTripAssist">Функція інтелектуальних пунктів призначення показує корисну інформацію про дорожній рух під час щоденних поїздок</string>
  <string name="TripAssistMessage">Функція інтелектуальних пунктів призначення запам’ятовує та прогнозує місця, в яких ви часто зупиняєтесь, щоб ви могли доїхати в потрібне місце, не вводячи його для пошуку вручну.\n\nКерувати ними можна в розділі "Параметри" &gt; "Налаштування" &gt; "Предиктивна навігація".</string>
  <string name="bubbleStartPoint">Відправна точка</string>
  <string name="trafficEventsUnavailableTitle">Сповіщення про події ДР недоступні</string>
  <string name="trafficEventsUnavailableContent">Зв’яжіть інформаційно-розважальну систему з телефоном, щоб оперативно отримувати інформацію про ситуацію на дорогах.</string>
  <string name="navTollboothAhead">Попереду пункт оплати дорожнього збору</string>
  <string name="significantTrafficDelayRerouteVars">На звичному маршруті до %1$s виявлено значну затримку дорожнього руху.\nМожна об’їхати через %2$s (на %3$s хв швидше).</string>
  <string name="MRTStationItemLabel">Станції метро/електричок</string>
  <string name="dialogCannotRecordUnknownIssues">Сталася невідома помилка. Поки що не можна записати додаткові маршрути.</string>
  <string name="rerouteViaVars">%1$s за %2$s на вулиці %3$s (до %4$s),\nможна об’їхати через %5$s.</string>
  <string name="navViewPredictiveTutorial">Довідка цієї функції міститься в розділі "Налаштування" &gt; "Предиктивна навігація"</string>
</resources>