<?xml version="1.0" encoding="UTF-8"?><resources>
  <string name="tacAccept">قبول</string>
  <string name="navAddLabelTextField">أضف تسمية (10 أحرف كحدّ أقصى)</string>
  <string name="recentEditScreenDeleteMessageText">تم حذف العنوان</string>
  <string name="navTurnImmediatelyNotice">فوراً</string>
  <string name="categoryWinery">مصانع مشروبات روحية</string>
  <string name="carWashItemLabel">مغاسل سيارات</string>
  <string name="ui_nav1">التجوال</string>
  <string name="mapUpdateFailedSDCardErrorContactDealer">بطاقة SD خاصتك إمّا ممتلئة أو تالفة. راجع دليل التشغيل للمزيد من التفاصيل أو قُم بزيارة وكيلك.</string>
  <string name="navLimitNumberRecordings">يتعذر تسجيل أكثر من %1$s مسار/مسارات. احذف تسجيلات قديمة قبل إنشاء تسجيلات جديدة.</string>
  <string name="navActionFailedLabel">فشل الإجراء</string>
  <string name="destinationFarFromRoad">الوجهة بعيدة جداً عن الطريق</string>
  <string name="navDestinationNearby">الوجهة قريبة</string>
  <string name="emergencyCenterItemLabel">مراكز/منشآت الطوارئ</string>
  <string name="enableSmartSearchLabel">تفعيل للبحث الذكي وتحديد المسار</string>
  <string name="favoriteRemoved">تمت إزالة المفضّلة</string>
  <string name="commonMapServiceServiceRouteNotFound">المسار غير موجود</string>
  <string name="navSetUpHomeOption">إعداد عنوان المنزل</string>
  <string name="navFeatureUnavailableInGuidanceToast">لا تتوفر هذه الميزة في وضع التوجيه</string>
  <string name="sdcardNotValidForVehicleErrorMessage">بطاقة SD هذه غير صالحة للتجوال في هذه السيارة. راجع دليل التشغيل للمزيد من التفاصيل أو قُم بزيارة وكيلك.</string>
  <string name="snacksItemLabel">وجبات خفيفة/مشروبات</string>
  <string name="dessertsBeverages">حلويات/مشروبات</string>
  <string name="categoryDeliSandwiches">مقبلات/سندويشات</string>
  <string name="alertMsgFrequentTrafficAccidentAhead">أمامك منطقة حوادث مرورية متكرّرة</string>
  <string name="ftuePrice">احصل على تحديث تلقائي للخرائط عبر الأثير</string>
  <string name="ftueActiveRouting">تحديد المسار النشط - للحصول على أفضل مسار من خلال التحديث الديناميكي المستند إلى ظروف الطريق الحالية</string>
  <string name="ftueSmartDestination">الوجهة الذكية - لفهم وتوقع محطات التوقف المفضّلة لديك ولعرض أفضل المسارات للوصول إليها</string>
  <string name="ftueSmartSearch">البحث الذكي - للبحث سريعاً عن الأماكن التي تهمك</string>
  <string name="ftueSkip">تخطي</string>
  <string name="mapControlInstructionZoom">تكبير/تصغير</string>
  <string name="mapControlInstructionPan">تحريك</string>
  <string name="mapControlInstructionPin">تثبيت</string>
  <string name="mapControlInstructionRecenter">إعادة توسيط</string>
  <string name="mapControlInstructionDismiss">تجاهل</string>
  <string name="mapControlInstructionSwitch">تبديل</string>
  <string name="mapControlInstructionSelect">تحديد</string>
  <string name="mapControlInstructionBack">رجوع</string>
  <string name="mapControl">التحكّم بالخريطة</string>
  <string name="navTripStatsNotice">إحصائيات الرحلة</string>
  <string name="navSmartDestinationsReady">الوجهات الذكية الخاصة بك جاهزة!</string>
  <string name="navTapCardAlternateRoutes">المس الخريطة لعرض مسارات بديلة.</string>
  <string name="navSwipeDismissCard">مرّر لليمين أو اليسار لتجاهل الخريطة.</string>
  <string name="navSwipeMinimizeCard">مرّر للأسفل لتصغير الخريطة</string>
  <string name="navLongHoldEdit">المس مطوّلاً لتحرير الخريطة.</string>
  <string name="navFasterBubble">أسرع بـ %1$s\nدقيقة/دقائق</string>
  <string name="navSimilarTimeBubble">مدة مماثلة</string>
  <string name="navSlowerBubble">أبطأ بـ %1$s\nدقيقة/دقائق</string>
  <string name="navYouveArrivedNotice">ها قد وصلت</string>
  <string name="navDynamicDistance">%1$s mi</string>
  <string name="largeMapUpdateAvailable">يتوفر تحديث بحجم كبير للخريطة</string>
  <string name="downloadSizeVarDataRatesApply">يبلغ حجم التنزيل %1$s ميغابايت تقريباً.\nقد يتم استيفاء أسعار باقة البيانات و/أو رسوم إضافية.</string>
  <string name="massageParlorsItemLabel">مراكز تدليك</string>
  <string name="tennisItemLabel">ملاعب تنس</string>
  <string name="golfItemLabel">ملاعب غولف</string>
  <string name="categorySoccerField">ملاعب كرة القدم</string>
  <string name="toastLocationMaskingOff">ميزة إخفاء الموقع غير نشطة</string>
  <string name="titleLocationMasking">ميزة إخفاء الموقع نشطة</string>
  <string name="navExitNavButton">الخروج من نظام التجوال</string>
  <string name="subContent_requestPermissions">يتطلّب نظام التجوال أيضاً توفر الإذن للوصول إلى موقعك وهاتفك وجهات الاتصال الخاصة بك.</string>
  <string name="navSystemSettingsGrantAccess">انتقل إلى "إعدادات النظام" لإعطاء حق الوصول.</string>
  <string name="mapColorSummary">حدّد "تلقائي" لتغيير الأوضاع تلقائياً وفقاً لظروف الإضاءة.</string>
  <string name="newLocalMapUpdateAvailable">يتوفر تحديث جديد للخريطة المحلية</string>
  <string name="onStarDynamic">%1$s</string>
  <string name="nameAlreadyTaken">الاسم مأخوذ</string>
  <string name="navHighwayModeTitle">وضع الطرق السريعة</string>
  <string name="yourNavServiceRenewed">لقد تم تجديد اشتراكك في خدمة الملاحة.</string>
  <string name="neverCheckForBetterRoute">عدم البحث أبداً عن مسارات أفضل</string>
  <string name="askBeforeRerouting">سؤال قبل تغيير المسار</string>
  <string name="renewSubscriptionLabel">تجديد الاشتراك</string>
  <string name="restartNavSystemNotice">ينبغي إعادة تشغيل نظام الملاحة كي يبدأ سريان فترة الاشتراك الجديدة. وإلّا، لن يكون الاشتراك متاحاً إلى أن تبدأ تشغيل المحرّك من جديد.\nهل تودّ إعادة التشغيل الآن؟</string>
  <string name="yourSubscriptionRenewed">لقد تم تجديد اشتراكك.</string>
  <string name="couldNotFindChargingStation">تعذر إيجاد محطة للشحن</string>
  <string name="noNearbyExits">لا مخارج قريبة</string>
  <string name="noExitsNearby">لا توجد مخارج قريبة.</string>
  <string name="roadTracing">تخطيط المسار</string>
  <string name="navWarningCallNotPossible">لا يمكن لنظام الملاحة تفعيل ميزة "الاتصال" دون الوصول إلى هاتفك. بغية منح حق الوصول، انقر على "عرض الإذن" أدناه، أو انتقل إلى "إعدادات النظام".</string>
  <string name="poiBankATMsIcon">مصرف/صرّاف آلي</string>
  <string name="poiDrink">مشروبات</string>
  <string name="dialogueContinueRecordingRoute">هل ترغب في متابعة التسجيل؟</string>
  <string name="dialogRecordedSince">تم التسجيل منذ:\n%1$s عند الساعة %2$s</string>
  <string name="messageTotalDistanceExceed">لا يمكن لإجمالي المسافة الخطية للرحلة بأكملها أن تتجاوز %1$s.</string>
  <string name="navTAPTCDetails">المس لعرض التفاصيل</string>
  <string name="navSaveChangesLabel">هل تريد حفظ التغييرات؟</string>
  <string name="navSaveChangesPopup">هل تريد حفظ التغييرات في الوجهة الذكية؟</string>
  <string name="navUpdateButton">تحديث</string>
  <string name="ftueToastTurnOnPredictiveNav">التجوال التنبئي قيد إيقاف التشغيل. يمكن تشغيله من "الإعدادات".</string>
  <string name="ftuePredictiveNavIsOn">التجوال التنبئي قيد التشغيل. يمكن إيقاف تشغيله من "الإعدادات".</string>
  <string name="dialogContentReminder">التجوال التنبئي قيد التشغيل. يمكن إيقاف تشغيله من "الإعدادات".</string>
  <string name="RecentDestinationsClearedMessage">تم مسح الوجهات الأخيرة</string>
  <string name="RecentDestinationsRestoredMessage">تمت استعادة الوجهات الأخيرة</string>
  <string name="toastRecordedRouteSaved">تم حفظ المسار المسجّل. يمكن العثور عليه في شاشة تخطيط المسار.</string>
  <string name="recordRouteDistanceSave">%1$s\n%2$s عند الساعة %3$s\nالمسافة: %4$s\nهل ترغب في حفظ المسار المسجّل؟</string>
  <string name="titleRemoveDestinationWaypoint">إزالة الوجهة/نقطة الطريق</string>
  <string name="renameYourRecordedRoute">أعِد تسمية مسارك المسجّل.</string>
  <string name="messageRestartToDismiss">يُرجى إعادة تشغيل تطبيق التجوال لتجاهل الخطأ.</string>
  <string name="restrictedRoadOnRoute">هناك طريق محظورة في المسار</string>
  <string name="roadIsClosed">الطريق مغلقة حالياً</string>
  <string name="noSavedRouteYet">لم تقم بحفظ أي مسار حتى الآن.</string>
  <string name="roadTracingDescription">تتيح ميزة تخطيط المسار مساعدتك على تسجيل المسار الذي تسلكه على الطرق الوعرة وعلى تتبّعه حتى العودة إلى نقطة البداية.</string>
  <string name="routeTracing">تتبّع المسار</string>
  <string name="toastRouteOptionsUncheck">قُم بإلغاء أحد الخيارات لتحديد خيار آخر</string>
  <string name="routingToNearestPointToDestination">تحديد المسار إلى النقطة الأقرب إلى وجهتك.</string>
  <string name="dialogStopRecordingMemoryDiskIsFull">بطاقة SD ممتلئة</string>
  <string name="dialogCannotRecordMemoryCardIsFull">بطاقة SD ممتلئة. يتعذّر تسجيل مسارات إضافية في الوقت الحاضر.</string>
  <string name="dialogueStoppedRecording">تم إيقاف التسجيل</string>
  <string name="navSDCardFullRecStopMessage">بطاقة SD ممتلئة. تم إيقاف التسجيل.</string>
  <string name="listView">عرض القائمة</string>
  <string name="SearchHistoryClearedMessage">تم مسح محفوظات البحث</string>
  <string name="SearchHistoryRestoredMessage">تمت استعادة محفوظات البحث</string>
  <string name="shoppingLifeIcon">مراكز تسوّق/أزياء</string>
  <string name="barsAsia">حانات</string>
  <string name="generalHospitals">مستشفيات عامة</string>
  <string name="gradeATertiaryHospitals">مستشفيات ثالثية من الصف الأول</string>
  <string name="starClassHotels">فنادق مصنّفة</string>
  <string name="mapView">عرض خريطة</string>
  <string name="incrDataUpdateInProcess">تحديث الخريطة قيد الإنجاز: %1$s%</string>
  <string name="poiBankATMsTitle">مصارف/صرّافات آلية</string>
  <string name="bookStoreItemLabel">مكتبات</string>
  <string name="commercialStreetItemLabel">مواقع تسوّق</string>
  <string name="veterinarianItemLabel">أطباء بيطريّين</string>
  <string name="shoppingLifeTitle">مراكز تسوّق/أزياء</string>
  <string name="titleShowPOIsOnMap">إظهار على الخريطة</string>
  <string name="navLabelTakenToast">التسمية مأخوذة. يُرجى اختيار واحدة أخرى.</string>
  <string name="navSetUpWorkCard">إعداد عنوان العمل</string>
  <string name="navSetUpHomeCard">إعداد عنوان المنزل</string>
  <string name="navDragMapUpdateAddress">اسحب الخريطة لتحديث العنوان</string>
  <string name="navLabelButton">التسمية</string>
  <string name="commonDone">تم</string>
  <string name="favoriteSaved">تم حفظ المفضّلة</string>
  <string name="navHidePermanentlyText">إخفاء بشكل دائم</string>
  <string name="navHiddenDestinationNotice">لن يتم إظهار هذا الموقع بعد الآن كوجهة ذكية. لا يمكنك التراجع عن هذا الإجراء.</string>
  <string name="navHideButton">إخفاء</string>
  <string name="navHidePermanaentlyLabel">هل تريد إخفاؤه بشكل دائم؟</string>
  <string name="navChangesSavedToast">تم حفظ التغييرات</string>
  <string name="annotationCVP0TimeToHome">%1$s إلى %2$s</string>
  <string name="buttonLearnMore">معرفة المزيد</string>
  <string name="coachTripAssist">تعرض ميزة "الوجهة الذكية" معلومات هامة حول القيادة خلال رحلاتك المعتادة.</string>
  <string name="TripAssistMessage">تعمل "الوجهة الذكية" على فهم وتوقع محطات التوقف المفضّلة لديك للمساعدة على الوصول إليها دون الحاجة لإدخال أي نص.\n\nيمكن التحكّم بميزة "الوجهة الذكية" في "الخيارات" &gt; الإعدادات" &gt; "التجوال التنبئي".</string>
  <string name="bubbleStartPoint">نقطة البداية</string>
  <string name="trafficEventsUnavailableTitle">لا توجد أية أحداث مرورية</string>
  <string name="trafficEventsUnavailableContent">قُم بربط نظام المعلومات مع هاتفك للحصول على بيانات حركة المرور بصورة مباشرة.</string>
  <string name="navTollboothAhead">أمامك محطة تحصيل للرسوم</string>
  <string name="significantTrafficDelayRerouteVars">هناك ازدحام مروري كثيف على المسار المعتاد إلى %1$s.\nينبغي تغيير المسار عبر %2$s وتوفير %3$s دقيقة/دقائق.</string>
  <string name="MRTStationItemLabel">محطات المترو/السكك الحديدية الخفيفة</string>
  <string name="dialogCannotRecordUnknownIssues">مشاكل غير معروفة. يتعذّر تسجيل المزيد من المسارات في الوقت الحاضر.</string>
  <string name="rerouteViaVars">%1$s بعد %2$s على %3$s (إلى %4$s)\nتغيير المسار عبر %5$s.</string>
  <string name="navViewPredictiveTutorial">يمكنك عرض "التدريب" في "الإعدادات" &gt; "التجوال التنبئي"</string>
</resources>