<?xml version="1.0" encoding="UTF-8"?><resources>
  <string name="tacAccept">Přijmout</string>
  <string name="navAddLabelTextField">Přidat popisek (max. 10 znaků)</string>
  <string name="recentEditScreenDeleteMessageText">Adresa smazána</string>
  <string name="navTurnImmediatelyNotice">Okamžitě</string>
  <string name="categoryWinery">Vinařství</string>
  <string name="carWashItemLabel">Myčky automobilů</string>
  <string name="ui_nav1">Navigace</string>
  <string name="mapUpdateFailedSDCardErrorContactDealer">Vaše SD karta je plná nebo poškozená. Podrobné informace najdete v uživatelské příručce nebo vám je sdělí váš prodejce.</string>
  <string name="navLimitNumberRecordings">Lze zaznamenat maximálně %1$s tras(y). Před vytvořením nových záznamů odstraňte ty staré.</string>
  <string name="navActionFailedLabel">Akce se nezdařila</string>
  <string name="destinationFarFromRoad">Cíl je daleko od silnice</string>
  <string name="navDestinationNearby">Cíl je v těsné blízkosti</string>
  <string name="emergencyCenterItemLabel">Pohotovost/úrazové ambulance</string>
  <string name="enableSmartSearchLabel">Umožňuje chytré vyhledávání a tvorbu tras</string>
  <string name="favoriteRemoved">Odebráno z oblíbených</string>
  <string name="commonMapServiceServiceRouteNotFound">Trasa nenalezena</string>
  <string name="navSetUpHomeOption">Nastavit domov</string>
  <string name="navFeatureUnavailableInGuidanceToast">Funkce není v režimu navádění k dispozici</string>
  <string name="sdcardNotValidForVehicleErrorMessage">Tuto SD kartu zde nelze použít pro navigaci. Více podrobností najdete v uživatelské příručce nebo vám je sdělí váš prodejce.</string>
  <string name="snacksItemLabel">Občerstvení/nápoje</string>
  <string name="dessertsBeverages">Cukrárny/nápoje</string>
  <string name="categoryDeliSandwiches">Lahůdkářství/sendviče</string>
  <string name="alertMsgFrequentTrafficAccidentAhead">Blíží se úsek častých nehod</string>
  <string name="ftuePrice">Získejte automatickou bezdrátovou aktualizaci map</string>
  <string name="ftueActiveRouting">Aktivní tvorba tras – vaše trasa bude dynamicky aktualizována na základě aktuálních podmínek na silnici.</string>
  <string name="ftueSmartDestination">Chytrý cíl – učí se a předvídá vaše oblíbené zastávky a ukazuje vám, jak se na ně nejlépe dostat</string>
  <string name="ftueSmartSearch">Chytré vyhledávání – rychle najde místa, která vás zajímají</string>
  <string name="ftueSkip">Přeskočit</string>
  <string name="mapControlInstructionZoom">Měřítko</string>
  <string name="mapControlInstructionPan">Posuv</string>
  <string name="mapControlInstructionPin">Špendlík</string>
  <string name="mapControlInstructionRecenter">Centrovat</string>
  <string name="mapControlInstructionDismiss">Zavřít</string>
  <string name="mapControlInstructionSwitch">Přepnout</string>
  <string name="mapControlInstructionSelect">Vybrat</string>
  <string name="mapControlInstructionBack">Zpět</string>
  <string name="mapControl">Ovládání mapy</string>
  <string name="navTripStatsNotice">Statistika jízdy</string>
  <string name="navSmartDestinationsReady">Vaše chytré cíle jsou připraveny!</string>
  <string name="navTapCardAlternateRoutes">Chcete-li alternativní trasy, klepněte na mapu.</string>
  <string name="navSwipeDismissCard">Mapu zavřete přejetím prstem doleva nebo doprava.</string>
  <string name="navSwipeMinimizeCard">Mapu zmenšíte přejetím prstem dolů.</string>
  <string name="navLongHoldEdit">Dlouhým přidržením mapu upravíte.</string>
  <string name="navFasterBubble">O %1$s min\nrychlejší</string>
  <string name="navSimilarTimeBubble">Podobná doba</string>
  <string name="navSlowerBubble">O %1$s min\npomalejší</string>
  <string name="navYouveArrivedNotice">Jste v cíli</string>
  <string name="navDynamicDistance">%1$s mi</string>
  <string name="largeMapUpdateAvailable">Je k dispozici velká aktualizace map</string>
  <string name="downloadSizeVarDataRatesApply">Stahované soubory mají objem asi %1$s MB.\nJe možné, že budete platit poplatky za přenos dat a/nebo překročení limitu.</string>
  <string name="massageParlorsItemLabel">Masážní salony</string>
  <string name="tennisItemLabel">Tenisové kurty</string>
  <string name="golfItemLabel">Golfová hřiště</string>
  <string name="categorySoccerField">Fotbalová hřiště/stadiony</string>
  <string name="toastLocationMaskingOff">Maskování polohy je vypnuto</string>
  <string name="titleLocationMasking">Maskování polohy je zapnuto</string>
  <string name="navExitNavButton">Ukončit navigaci</string>
  <string name="subContent_requestPermissions">Navigace požaduje též povolení k přístupu k vaší poloze, telefonu a kontaktům.</string>
  <string name="navSystemSettingsGrantAccess">Souhlas udělíte v systémových nastaveních.</string>
  <string name="mapColorSummary">Pro automatickou změnu režimů podle světelných podmínek zvolte Auto.</string>
  <string name="newLocalMapUpdateAvailable">Je k dispozici aktualizace místní mapy</string>
  <string name="onStarDynamic">%1$s</string>
  <string name="nameAlreadyTaken">Název se již používá</string>
  <string name="navHighwayModeTitle">Režim přístupových komunikací</string>
  <string name="yourNavServiceRenewed">Vaše předplatné navigace bylo prodlouženo.</string>
  <string name="neverCheckForBetterRoute">Nikdy nevyhledávat lepší trasy</string>
  <string name="askBeforeRerouting">Před přesměrováním se dotázat</string>
  <string name="renewSubscriptionLabel">Prodloužit předplatné</string>
  <string name="restartNavSystemNotice">Předplatné začne platit až po restartu navigace. Jinak bude k dispozici až po příštím nastartování vozidla.\nChcete navigaci restartovat hned teď?</string>
  <string name="yourSubscriptionRenewed">Vaše předplatné bylo prodlouženo.</string>
  <string name="couldNotFindChargingStation">Nelze nalézt dobíjecí stanici</string>
  <string name="noNearbyExits">Poblíž nejsou žádné výjezdy</string>
  <string name="noExitsNearby">Poblíž nejsou žádné výjezdy.</string>
  <string name="roadTracing">Sledování trasy</string>
  <string name="navWarningCallNotPossible">Bez přístupu k vašemu telefonu navigace nemůže aktivovat funkci volání.\nPro udělení souhlasu klikněte na možnost Zobrazit povolení nebo jděte do systémových nastavení.</string>
  <string name="poiBankATMsIcon">Banky/ATM</string>
  <string name="poiDrink">Bary/hospody</string>
  <string name="dialogueContinueRecordingRoute">Pokračovat v záznamu?</string>
  <string name="dialogRecordedSince">Záznam od:\n%1$s %2$s</string>
  <string name="messageTotalDistanceExceed">Celková vzdálenost vzdušnou čarou nesmí překročit %1$s.</string>
  <string name="navTAPTCDetails">Pro podrobnosti klepněte</string>
  <string name="navSaveChangesLabel">Chcete změny uložit?</string>
  <string name="navSaveChangesPopup">Chcete změny uložit do funkce chytrý cíl?</string>
  <string name="navUpdateButton">Aktualizovat</string>
  <string name="ftueToastTurnOnPredictiveNav">Předvídavá navigace je vypnuta. Zapnete ji v nastavení.</string>
  <string name="ftuePredictiveNavIsOn">Předvídavá navigace je zapnuta. Vypnete ji v nastavení.</string>
  <string name="dialogContentReminder">Předvídavá navigace je zapnuta. Vypnete ji v nastavení.</string>
  <string name="RecentDestinationsClearedMessage">Nedávné cíle smazány</string>
  <string name="RecentDestinationsRestoredMessage">Nedávné cíle obnoveny</string>
  <string name="toastRecordedRouteSaved">Zaznamenaná trasa uložena. Najdete ji na obrazovce sledování trasy.</string>
  <string name="recordRouteDistanceSave">%1$s\n%2$s v %3$s\nVzdálenost: %4$s\nChcete údaje uložit?</string>
  <string name="titleRemoveDestinationWaypoint">Odebrat cíl / traťový bod</string>
  <string name="renameYourRecordedRoute">Přejmenujte svou zaznamenanou trasu.</string>
  <string name="messageRestartToDismiss">Chybu odstraníte restartováním navigace.</string>
  <string name="restrictedRoadOnRoute">Na trase je silnice s omezeným provozem</string>
  <string name="roadIsClosed">Silnice je v současnosti uzavřena</string>
  <string name="noSavedRouteYet">Ještě nemáte uloženy žádné trasy.</string>
  <string name="roadTracingDescription">Sledování trasy vám pomáhá zaznamenat vaši trasu mimo silnici a jet po ní zpět do výchozího bodu.</string>
  <string name="routeTracing">Sledování trasy</string>
  <string name="toastRouteOptionsUncheck">Zrušte zaškrtnutí některé vybrané volby a teprve pak zaškrtněte jinou</string>
  <string name="routingToNearestPointToDestination">Přesměrování do nejbližšího bodu od vašeho cíle.</string>
  <string name="dialogStopRecordingMemoryDiskIsFull">SD karta je plná</string>
  <string name="dialogCannotRecordMemoryCardIsFull">SD karta je plná. Momentálně nelze zaznamenat více tras.</string>
  <string name="dialogueStoppedRecording">Záznam byl pozastaven</string>
  <string name="navSDCardFullRecStopMessage">SD karta je plná. Záznam byl pozastaven.</string>
  <string name="listView">Seznam</string>
  <string name="SearchHistoryClearedMessage">Historie vyhledávání smazána</string>
  <string name="SearchHistoryRestoredMessage">Historie vyhledávání obnovena</string>
  <string name="shoppingLifeIcon">Nákupní centra</string>
  <string name="barsAsia">Bary</string>
  <string name="generalHospitals">Všeobecné nemocnice</string>
  <string name="gradeATertiaryHospitals">Velké nemocnice úrovně A</string>
  <string name="starClassHotels">Hvězdičkové hotely</string>
  <string name="mapView">Mapa</string>
  <string name="incrDataUpdateInProcess">Probíhá aktualizace map: %1$s %</string>
  <string name="poiBankATMsTitle">Banky/ATM</string>
  <string name="bookStoreItemLabel">Knihkupectví</string>
  <string name="commercialStreetItemLabel">Nákupní zóny</string>
  <string name="veterinarianItemLabel">Veterináři</string>
  <string name="shoppingLifeTitle">Nákupní centra/značkové obchody</string>
  <string name="titleShowPOIsOnMap">Zobrazit na mapě</string>
  <string name="navLabelTakenToast">Popisek se již používá. Vyberte prosím jiný.</string>
  <string name="navSetUpWorkCard">Vytvořit místo práce</string>
  <string name="navSetUpHomeCard">Vytvořit domov</string>
  <string name="navDragMapUpdateAddress">Přetažením mapy změníte adresu</string>
  <string name="navLabelButton">Popisek</string>
  <string name="commonDone">Hotovo</string>
  <string name="favoriteSaved">Uloženo do oblíbených</string>
  <string name="navHidePermanentlyText">Skrýt natrvalo</string>
  <string name="navHiddenDestinationNotice">Toto místo už nebude zobrazováno jako chytrý cíl. Tento krok nelze vrátit.</string>
  <string name="navHideButton">Skrýt</string>
  <string name="navHidePermanaentlyLabel">Skrýt natrvalo?</string>
  <string name="navChangesSavedToast">Změny byly uloženy</string>
  <string name="annotationCVP0TimeToHome">%1$s do %2$s</string>
  <string name="buttonLearnMore">Další informace</string>
  <string name="coachTripAssist">Chytrý cíl ukazuje důležité informace o jízdě týkající se vašich obvyklých cest</string>
  <string name="TripAssistMessage">Funkce Chytrý cíl se učí a předvídá vaše oblíbené zastávky, aby vám pomohla dostat se na ně rychleji bez jakéhokoli zapisování.\n\nTuto funkci můžete spravovat ve Volbách &gt; Nastavení &gt; Předvídavá navigace.</string>
  <string name="bubbleStartPoint">Výchozí bod</string>
  <string name="trafficEventsUnavailableTitle">Hlášení dopravních událostí nedostupné</string>
  <string name="trafficEventsUnavailableContent">Chcete-li aktuální dopravní zpravodajství, propojte informační systém se svým telefonem.</string>
  <string name="navTollboothAhead">Blíží se mýtná brána</string>
  <string name="significantTrafficDelayRerouteVars">Výrazné zdržení na obvyklé trase do %1$s.\nJeďte místo toho přes %2$s, ušetříte %3$s min.</string>
  <string name="MRTStationItemLabel">Stanice metra/nadzemní dráhy</string>
  <string name="dialogCannotRecordUnknownIssues">Neznámá chyba. V tuto chvíli nelze zaznamenat další trasy.</string>
  <string name="rerouteViaVars">%1$s ve vzdálenosti %2$s v místě %3$s (konec: %4$s)\nPřesměrování přes: %5$s</string>
  <string name="navViewPredictiveTutorial">Informace o tom, jak navigaci používat, najdete v Nastavení &gt; Předvídavá navigace.</string>
</resources>