<?xml version="1.0" encoding="UTF-8"?><resources>
  <string name="tacAccept">承認</string>
  <string name="navAddLabelTextField">ﾗﾍﾞﾙを追加 (10文字以下)</string>
  <string name="recentEditScreenDeleteMessageText">住所が削除されました</string>
  <string name="navTurnImmediatelyNotice">まもなく</string>
  <string name="categoryWinery">ﾜｲﾅﾘｰ</string>
  <string name="carWashItemLabel">洗車場</string>
  <string name="ui_nav1">ﾅﾋﾞｹﾞｰｼｮﾝ</string>
  <string name="mapUpdateFailedSDCardErrorContactDealer">SDｶｰﾄﾞが一杯になっているか、破損しています。ｵｰﾅｰｽﾞﾏﾆｭｱﾙを確認するか、ﾃﾞｨｰﾗｰへご連絡ください。</string>
  <string name="navLimitNumberRecordings">ﾙｰﾄは%1$s件までしか記録できません。不要な記録を削除してから新規ﾙｰﾄを作成してください。</string>
  <string name="navActionFailedLabel">実行に失敗しました</string>
  <string name="destinationFarFromRoad">目的地が道路から離れています</string>
  <string name="navDestinationNearby">目的地周辺です</string>
  <string name="emergencyCenterItemLabel">救急病院</string>
  <string name="enableSmartSearchLabel">ｽﾏｰﾄ検索・ﾙｰﾄ検索をONにする</string>
  <string name="favoriteRemoved">お気に入りから削除されました</string>
  <string name="commonMapServiceServiceRouteNotFound">ﾙｰﾄが見つかりませんでした</string>
  <string name="navSetUpHomeOption">自宅の設定</string>
  <string name="navFeatureUnavailableInGuidanceToast">この機能は案内ﾓｰﾄﾞでは利用できません</string>
  <string name="sdcardNotValidForVehicleErrorMessage">このSDｶｰﾄﾞは使用できません。ｵｰﾅｰｽﾞﾏﾆｭｱﾙを確認するか、最寄りのﾃﾞｨｰﾗｰにご連絡ください。</string>
  <string name="snacksItemLabel">ｽﾅｯｸ/ﾄﾞﾘﾝｸ</string>
  <string name="dessertsBeverages">ﾃﾞｻﾞｰﾄ/ﾄﾞﾘﾝｸ</string>
  <string name="categoryDeliSandwiches">軽食/ｻﾝﾄﾞｲｯﾁ</string>
  <string name="alertMsgFrequentTrafficAccidentAhead">この先事故多発地点</string>
  <string name="ftuePrice">ﾜｲﾔﾚｽﾈｯﾄﾜｰｸ経由で地図を自動更新</string>
  <string name="ftueActiveRouting">ｱｸﾃｨﾌﾞﾙｰﾄ検索 - 現在の道路状況に基づいてﾙｰﾄを大幅に変更して最適ﾙｰﾄを検索します。</string>
  <string name="ftueSmartDestination">ｽﾏｰﾄ目的地 - 利用頻度の高い目的地を学習・予測して、目的地までの最適なﾙｰﾄを検索します。</string>
  <string name="ftueSmartSearch">ｽﾏｰﾄ検索 - 利用頻度の高い目的地をすばやく検索します。</string>
  <string name="ftueSkip">ｽｷｯﾌﾟする</string>
  <string name="mapControlInstructionZoom">広域/詳細</string>
  <string name="mapControlInstructionPan">移動</string>
  <string name="mapControlInstructionPin">登録する</string>
  <string name="mapControlInstructionRecenter">戻る</string>
  <string name="mapControlInstructionDismiss">閉じる</string>
  <string name="mapControlInstructionSwitch">切替</string>
  <string name="mapControlInstructionSelect">選択する</string>
  <string name="mapControlInstructionBack">戻る</string>
  <string name="mapControl">ﾏｯﾌﾟｺﾝﾄﾛｰﾙ</string>
  <string name="navTripStatsNotice">走行情報</string>
  <string name="navSmartDestinationsReady">ｽﾏｰﾄ目的地が利用可能になりました!</string>
  <string name="navTapCardAlternateRoutes">ｶｰﾄﾞをﾀｯﾌﾟすると別のﾙｰﾄが表示されます。</string>
  <string name="navSwipeDismissCard">左または右にｽﾜｲﾌﾟするとｶｰﾄﾞが閉じます。</string>
  <string name="navSwipeMinimizeCard">下にｽﾜｲﾌﾟするとｶｰﾄﾞが縮小されます。</string>
  <string name="navLongHoldEdit">長押しするとｶｰﾄﾞを編集できます。</string>
  <string name="navFasterBubble">%1$s分\n早い</string>
  <string name="navSimilarTimeBubble">予想時刻は同じ</string>
  <string name="navSlowerBubble">%1$s分\n遅い</string>
  <string name="navYouveArrivedNotice">目的地に\n到着しました</string>
  <string name="navDynamicDistance">%1$sﾏｲﾙ</string>
  <string name="largeMapUpdateAvailable">地図に大幅な更新情報があります</string>
  <string name="downloadSizeVarDataRatesApply">ﾀﾞｳﾝﾛｰﾄﾞｻｲｽﾞは約%1$sMBです。ﾃﾞｰﾀ転送料金や超過料金がかかることがあります。</string>
  <string name="massageParlorsItemLabel">ﾏｯｻｰｼﾞ</string>
  <string name="tennisItemLabel">ﾃﾆｽｺｰﾄ</string>
  <string name="golfItemLabel">ｺﾞﾙﾌｺｰｽ</string>
  <string name="categorySoccerField">ｻｯｶｰ場</string>
  <string name="toastLocationMaskingOff">位置情報ﾏｽｷﾝｸﾞOFF</string>
  <string name="titleLocationMasking">位置情報ﾏｽｷﾝｸﾞON</string>
  <string name="navExitNavButton">ﾅﾋﾞｹﾞｰｼｮﾝを終了</string>
  <string name="subContent_requestPermissions">ﾅﾋﾞｹﾞｰｼｮﾝを使用するためには、位置情報、電話、連絡先へのｱｸｾｽも許可する必要があります。</string>
  <string name="navSystemSettingsGrantAccess">「ｼｽﾃﾑ設定」でｱｸｾｽを許可してください。</string>
  <string name="mapColorSummary">「自動」を選択すると周囲の明るさに応じてﾓｰﾄﾞが自動的に切り替わります。</string>
  <string name="newLocalMapUpdateAvailable">地図更新が利用できます</string>
  <string name="onStarDynamic">%1$s</string>
  <string name="nameAlreadyTaken">この名前はすでに使用されています</string>
  <string name="navHighwayModeTitle">ﾊｲｳｪｲﾓｰﾄﾞ</string>
  <string name="yourNavServiceRenewed">ﾅﾋﾞｹﾞｰｼｮﾝのｻｰﾋﾞｽ契約が更新されました</string>
  <string name="neverCheckForBetterRoute">別の推奨ﾙｰﾄを検索しない</string>
  <string name="askBeforeRerouting">ﾙｰﾄ変更前に確認する</string>
  <string name="renewSubscriptionLabel">契約更新</string>
  <string name="restartNavSystemNotice">契約更新を許可するにはﾅﾋﾞｹﾞｰｼｮﾝを再起動する必要があります。再起動しない場合は、次にｴﾝｼﾞﾝを始動するまで契約更新は適用されません。\n今すぐ再起動しますか?</string>
  <string name="yourSubscriptionRenewed">契約が更新されました。</string>
  <string name="couldNotFindChargingStation">充電ｽﾀﾝﾄﾞが見つかりませんでした</string>
  <string name="noNearbyExits">この周辺に\n出口はありません</string>
  <string name="noExitsNearby">この周辺に\n出口はありません。</string>
  <string name="roadTracing">ﾙｰﾄﾄﾚｰｽ</string>
  <string name="navWarningCallNotPossible">携帯電話へのｱｸｾｽが許可されていないと、ﾅﾋﾞｹﾞｰｼｮﾝの「通話」機能は使用できません。ｱｸｾｽを許可するには「許可を表示」をｸﾘｯｸするか、「ｼｽﾃﾑ設定」から設定してください。</string>
  <string name="poiBankATMsIcon">銀行/ATM</string>
  <string name="poiDrink">居酒屋/ﾊﾞｰ</string>
  <string name="dialogueContinueRecordingRoute">記録を続けますか？</string>
  <string name="dialogRecordedSince">記録開始日時：\n%1$s、%2$s</string>
  <string name="messageTotalDistanceExceed">全行程の直線距離の合計は%1$sを超えることはできません。</string>
  <string name="navTAPTCDetails">ﾀｯﾌﾟして詳細を表示</string>
  <string name="navSaveChangesLabel">変更を保存しますか?</string>
  <string name="navSaveChangesPopup">変更をｽﾏｰﾄ目的地に保存しますか?</string>
  <string name="navUpdateButton">更新する</string>
  <string name="ftueToastTurnOnPredictiveNav">予測ﾅﾋﾞｹﾞｰｼｮﾝはOFFです。\n「設定」からONにできます。</string>
  <string name="ftuePredictiveNavIsOn">予測ﾅﾋﾞｹﾞｰｼｮﾝはONです。\n「設定」からOFFにできます。</string>
  <string name="dialogContentReminder">予測ﾅﾋﾞｹﾞｰｼｮﾝはONです。\n「設定」からOFFにできます。</string>
  <string name="RecentDestinationsClearedMessage">目的地の履歴が消去されました</string>
  <string name="RecentDestinationsRestoredMessage">目的地の履歴が復元されました</string>
  <string name="toastRecordedRouteSaved">記録したﾙｰﾄを保存しました。\nﾙｰﾄﾄﾚｰｽ画面に表示されます。</string>
  <string name="recordRouteDistanceSave">%1$s\n%2$s、%3$s\n距離：%4$s\n保存しますか?</string>
  <string name="titleRemoveDestinationWaypoint">目的地/経由地を削除</string>
  <string name="renameYourRecordedRoute">記録したﾙｰﾄ名を入力してください。</string>
  <string name="messageRestartToDismiss">ｴﾗｰを閉じるにはﾅﾋﾞｹﾞｰｼｮﾝｱﾌﾟﾘを再起動してください。</string>
  <string name="restrictedRoadOnRoute">ﾙｰﾄ上に通行制限があります</string>
  <string name="roadIsClosed">この道路は通行止めです</string>
  <string name="noSavedRouteYet">ﾙｰﾄが保存されていません。</string>
  <string name="roadTracingDescription">ﾙｰﾄﾄﾚｰｽはｵﾌﾛｰﾄﾞﾙｰﾄを記録し、ｽﾀｰﾄ地点まで戻ることができるようにする機能です。</string>
  <string name="routeTracing">ﾙｰﾄﾄﾚｰｽ</string>
  <string name="toastRouteOptionsUncheck">既存のﾁｪｯｸを外してから別の項目をﾁｪｯｸしてください</string>
  <string name="routingToNearestPointToDestination">目的地に最も近い地点までのﾙｰﾄを検索しています。</string>
  <string name="dialogStopRecordingMemoryDiskIsFull">SDｶｰﾄﾞが一杯です</string>
  <string name="dialogCannotRecordMemoryCardIsFull">SDｶｰﾄﾞが一杯です。\nこれ以上ﾙｰﾄを記録できません。</string>
  <string name="dialogueStoppedRecording">記録が中断されました</string>
  <string name="navSDCardFullRecStopMessage">SDｶｰﾄﾞが一杯です。記録が中断されました。</string>
  <string name="listView">ﾘｽﾄﾋﾞｭｰ</string>
  <string name="SearchHistoryClearedMessage">検索履歴が消去されました</string>
  <string name="SearchHistoryRestoredMessage">検索履歴が復元されました</string>
  <string name="shoppingLifeIcon">ｼｮｯﾋﾟﾝｸﾞ/ﾗｲﾌ</string>
  <string name="barsAsia">居酒屋/ﾊﾞｰ</string>
  <string name="generalHospitals">総合病院</string>
  <string name="gradeATertiaryHospitals">特定機能病院</string>
  <string name="starClassHotels">星付きﾎﾃﾙ</string>
  <string name="mapView">ﾏｯﾌﾟﾋﾞｭｰ</string>
  <string name="incrDataUpdateInProcess">地図ｱｯﾌﾟﾃﾞｰﾄ中：%1$s%完了</string>
  <string name="poiBankATMsTitle">銀行/ATM</string>
  <string name="bookStoreItemLabel">書店</string>
  <string name="commercialStreetItemLabel">ｼｮｯﾋﾟﾝｸﾞﾓｰﾙ</string>
  <string name="veterinarianItemLabel">動物病院</string>
  <string name="shoppingLifeTitle">ｼｮｯﾋﾟﾝｸﾞ/ﾗｲﾌ</string>
  <string name="titleShowPOIsOnMap">地図に表示</string>
  <string name="navLabelTakenToast">このﾗﾍﾞﾙはすでに使用されています。</string>
  <string name="navSetUpWorkCard">勤務先の設定</string>
  <string name="navSetUpHomeCard">自宅の設定</string>
  <string name="navDragMapUpdateAddress">地図をﾄﾞﾗｯｸﾞして住所を更新</string>
  <string name="navLabelButton">ﾗﾍﾞﾙ</string>
  <string name="commonDone">終了</string>
  <string name="favoriteSaved">お気に入りに保存されました</string>
  <string name="navHidePermanentlyText">今後表示しない</string>
  <string name="navHiddenDestinationNotice">今後この目的地はｽﾏｰﾄ目的地として表示されません。いったん選択すると、取り消すことはできません。</string>
  <string name="navHideButton">表示しない</string>
  <string name="navHidePermanaentlyLabel">今後表示しない</string>
  <string name="navChangesSavedToast">変更が保存されました</string>
  <string name="annotationCVP0TimeToHome">%2$sまで%1$s</string>
  <string name="buttonLearnMore">詳細を見る</string>
  <string name="coachTripAssist">ｽﾏｰﾄ目的地では利用頻度の高い目的地までの\n重要な情報を表示します。</string>
  <string name="TripAssistMessage">ｽﾏｰﾄ目的地は、利用頻度の高い目的地を学習・予測し、目的地を入力しなくても目的地まで早く到着できるﾙｰﾄを検索します。\n\nｽﾏｰﾄ目的地は、「ｵﾌﾟｼｮﾝ」&gt;「設定」 &gt;「予測ﾅﾋﾞｹﾞｰｼｮﾝ」から管理できます。</string>
  <string name="bubbleStartPoint">ｽﾀｰﾄ地点</string>
  <string name="trafficEventsUnavailableTitle">交通情報を利用できません</string>
  <string name="trafficEventsUnavailableContent">携帯電話のﾃｻﾞﾘﾝｸﾞ機能を使用してｲﾝﾌｫﾃｲﾒﾝﾄｼｽﾃﾑを接続し、最新の交通情報を入手してください。</string>
  <string name="navTollboothAhead">この先 料金所</string>
  <string name="significantTrafficDelayRerouteVars">%1$sまでのﾙｰﾄ上に渋滞があります。\n%2$s経由のﾙｰﾄは%3$s分早く到着します。</string>
  <string name="MRTStationItemLabel">駅 (地下鉄/路面電車)</string>
  <string name="dialogCannotRecordUnknownIssues">不明なｴﾗｰが発生しました。\nﾙｰﾄを記録できません。</string>
  <string name="rerouteViaVars">%3$s（%4$s方面）%2$s先に%1$sあり\n%5$s経由にﾙｰﾄ変更</string>
  <string name="navViewPredictiveTutorial">「設定」&gt;「予測ﾅﾋﾞｹﾞｰｼｮﾝ」からﾁｭｰﾄﾘｱﾙを見ることができます</string>
</resources>