<?xml version="1.0" encoding="UTF-8"?><resources>
  <string name="tacAccept">Akseptere</string>
  <string name="navAddLabelTextField">Legg til en etikett (maks. 10 tegn)</string>
  <string name="recentEditScreenDeleteMessageText">Adresse er slettet</string>
  <string name="navTurnImmediatelyNotice">Umiddelbart</string>
  <string name="categoryWinery">Vinutsalg</string>
  <string name="carWashItemLabel">Bilvask</string>
  <string name="ui_nav1">Navigasjon</string>
  <string name="mapUpdateFailedSDCardErrorContactDealer">SD-kortet ditt er fullt eller skadet. Se instruksjonsboken for mer informasjon eller ta kontakt med forhandleren.</string>
  <string name="navLimitNumberRecordings">Kan ikke registrere flere enn %1$s ruter. Slett gamle registreringer før det opprettes nye.</string>
  <string name="navActionFailedLabel">Kan ikke gjøre dette</string>
  <string name="destinationFarFromRoad">Destinasjon langt vekk fra vei</string>
  <string name="navDestinationNearby">Destinasjon i nærheten</string>
  <string name="emergencyCenterItemLabel">Legevakt</string>
  <string name="enableSmartSearchLabel">Aktiver for smart søking og veivalg</string>
  <string name="favoriteRemoved">Favoritt er fjernet</string>
  <string name="commonMapServiceServiceRouteNotFound">Finner ikke rute</string>
  <string name="navSetUpHomeOption">Velg hjemsted</string>
  <string name="navFeatureUnavailableInGuidanceToast">Funksjon ikke tilgjengelig i veivisningsmodus</string>
  <string name="sdcardNotValidForVehicleErrorMessage">Dette SD-kortet er ikke gyldig for navigasjon i denne bilen. Se instruksjonsboken for mer informasjon eller ta kontakt med forhandleren.</string>
  <string name="snacksItemLabel">Snacks/Drikkevarer</string>
  <string name="dessertsBeverages">Desserter/Drikkevarer</string>
  <string name="categoryDeliSandwiches">Delikatesser/Småretter</string>
  <string name="alertMsgFrequentTrafficAccidentAhead">Hyppige trafikkulykker foran</string>
  <string name="ftuePrice">Få automatiske kartoppdateringer på luften</string>
  <string name="ftueActiveRouting">Aktiv ruteplanlegging - Finner beste rute med dynamisk oppdatering basert på aktuelle veiforhold</string>
  <string name="ftueSmartDestination">Smart destinasjon - Lærer og forutsier dine favorittstopper og viser beste rute for å komme dit</string>
  <string name="ftueSmartSearch">Smart søking - Finner raskt steder du liker</string>
  <string name="ftueSkip">Hopp over</string>
  <string name="mapControlInstructionZoom">Zoom</string>
  <string name="mapControlInstructionPan">Flytt</string>
  <string name="mapControlInstructionPin">Sett pinne</string>
  <string name="mapControlInstructionRecenter">Sentrer</string>
  <string name="mapControlInstructionDismiss">Lukk</string>
  <string name="mapControlInstructionSwitch">Bytt</string>
  <string name="mapControlInstructionSelect">Velg</string>
  <string name="mapControlInstructionBack">Tilbake</string>
  <string name="mapControl">Kartstyring</string>
  <string name="navTripStatsNotice">Trippinformasjon</string>
  <string name="navSmartDestinationsReady">Dine smart-destinasjoner er klare!</string>
  <string name="navTapCardAlternateRoutes">Berør kort for å få alternative ruter.</string>
  <string name="navSwipeDismissCard">Sveip mot venstre eller høyre for å lukke kort.</string>
  <string name="navSwipeMinimizeCard">Sveip ned for å minimere kort</string>
  <string name="navLongHoldEdit">Hold lenge for å redigere kort.</string>
  <string name="navFasterBubble">%1$s min\nraskere</string>
  <string name="navSimilarTimeBubble">Samme tid</string>
  <string name="navSlowerBubble">%1$s min\nlenger</string>
  <string name="navYouveArrivedNotice">Du har kommet fram</string>
  <string name="navDynamicDistance">%1$s mi</string>
  <string name="largeMapUpdateAvailable">Stor kartoppdatering finnes</string>
  <string name="downloadSizeVarDataRatesApply">Nedlastingen er på omtrent %1$s MB.\nDatakostnader og/eller overføringsgebyr kan påløpe.</string>
  <string name="massageParlorsItemLabel">Massasje</string>
  <string name="tennisItemLabel">Tennisbaner</string>
  <string name="golfItemLabel">Golfbaner</string>
  <string name="categorySoccerField">Fotballbaner</string>
  <string name="toastLocationMaskingOff">Skjuling av sted er Av</string>
  <string name="titleLocationMasking">Skjuling av sted er På</string>
  <string name="navExitNavButton">Avslutt Navigasjon</string>
  <string name="subContent_requestPermissions">Navigering trenger også tillatelse for tilgang til ditt sted, din telefon og dine kontakter.</string>
  <string name="navSystemSettingsGrantAccess">Gå til Systeminnstillinger for å gi tilgang.</string>
  <string name="mapColorSummary">Velg Auto for å endre moduser automatisk basert på lysforholdene.</string>
  <string name="newLocalMapUpdateAvailable">Ny lokal kartoppdatering finnes</string>
  <string name="onStarDynamic">%1$s</string>
  <string name="nameAlreadyTaken">Navnet er opptatt</string>
  <string name="navHighwayModeTitle">Motorvei-modus</string>
  <string name="yourNavServiceRenewed">Navigasjonstjenesten din er fornyet.</string>
  <string name="neverCheckForBetterRoute">Søk aldri etter bedre ruter</string>
  <string name="askBeforeRerouting">Spør før ny ruteberegning</string>
  <string name="renewSubscriptionLabel">Fornye abonnement</string>
  <string name="restartNavSystemNotice">Du må starte Navigasjon på nytt før nytt abonnement trer i kraft. Ellers vil abonnementet ikke være tilgjengelig før du starter motoren neste gang.\nStart på nytt nå?</string>
  <string name="yourSubscriptionRenewed">Abonnementet ditt er fornyet.</string>
  <string name="couldNotFindChargingStation">Kan ikke finne ladestasjon</string>
  <string name="noNearbyExits">Ingen avkjøringer i nærheten</string>
  <string name="noExitsNearby">Ingen avkjøringer i nærheten.</string>
  <string name="roadTracing">Rute-registrering</string>
  <string name="navWarningCallNotPossible">Uten tilgang til telefonen kan Navigering ikke aktivere "Samtale"-funksjonen.\nKlikk Vis tillatelse nedenfor eller gå til Systeminnstillinger for å gi tilgang.</string>
  <string name="poiBankATMsIcon">Banker/Minibank</string>
  <string name="poiDrink">Restaurant/Bar</string>
  <string name="dialogueContinueRecordingRoute">Fortsette registrering?</string>
  <string name="dialogRecordedSince">Registrert siden:\n%1$s kl. %2$s</string>
  <string name="messageTotalDistanceExceed">Total rettlinjet avstand for hele turen kan ikke overskride %1$s.</string>
  <string name="navTAPTCDetails">Berør for å se informasjon</string>
  <string name="navSaveChangesLabel">Lagre endringer?</string>
  <string name="navSaveChangesPopup">Lagre endringer til smart-destinasjoner?</string>
  <string name="navUpdateButton">Oppdater</string>
  <string name="ftueToastTurnOnPredictiveNav">Forutsigende navigering Av. Slå den På i Innstillinger.</string>
  <string name="ftuePredictiveNavIsOn">Forutsigende navigering På. Slå den Av i Innstillinger.</string>
  <string name="dialogContentReminder">Forutsigende navigering På. Slå den Av i Innstillinger.</string>
  <string name="RecentDestinationsClearedMessage">Siste destinasjoner er slettet</string>
  <string name="RecentDestinationsRestoredMessage">Siste destinasjoner er gjenopprettet</string>
  <string name="toastRecordedRouteSaved">Registrert rute er lagret. Du finner den på skjermen for Rute-registrering.</string>
  <string name="recordRouteDistanceSave">%1$s\n%2$s kl. %3$s\nKjørelengde: %4$s\nVil du lagre?</string>
  <string name="titleRemoveDestinationWaypoint">Fjerne destinasjon/veipunkt</string>
  <string name="renameYourRecordedRoute">Gi nytt navn til registrert rute.</string>
  <string name="messageRestartToDismiss">Start Nav-appen på nytt for å fjerne feil.</string>
  <string name="restrictedRoadOnRoute">Vei med begrensninger på ruten</string>
  <string name="roadIsClosed">Veien er stengt for øyeblikket</string>
  <string name="noSavedRouteYet">Du har ikke lagret noen ruter ennå.</string>
  <string name="roadTracingDescription">Rute-registrering hjelper deg med å registrere ruten din utenfor vei for å kunne komme tilbake til utgangspunktet.</string>
  <string name="routeTracing">Rute-registrering</string>
  <string name="toastRouteOptionsUncheck">Fjern kryss for et valg og velg deretter noe annet</string>
  <string name="routingToNearestPointToDestination">Ruteberegning til punktet som er nærmest din destinasjon.</string>
  <string name="dialogStopRecordingMemoryDiskIsFull">SD-kortet er fullt</string>
  <string name="dialogCannotRecordMemoryCardIsFull">SD-kortet er fullt. Kan ikke registrere flere ruter nå.</string>
  <string name="dialogueStoppedRecording">Registrering stoppet</string>
  <string name="navSDCardFullRecStopMessage">SD-kortet er fullt. Registrering stoppet.</string>
  <string name="listView">Listevisning</string>
  <string name="SearchHistoryClearedMessage">Søkehistorikk slettet</string>
  <string name="SearchHistoryRestoredMessage">Søkehistorikk gjenopprettet</string>
  <string name="shoppingLifeIcon">Butikker/Livsstil</string>
  <string name="barsAsia">Barer</string>
  <string name="generalHospitals">Sykehus</string>
  <string name="gradeATertiaryHospitals">Velge sentralsykehus</string>
  <string name="starClassHotels">Stjerneklasse-hoteller</string>
  <string name="mapView">Kartvisning</string>
  <string name="incrDataUpdateInProcess">Kartoppdatering pågår: %1$s %</string>
  <string name="poiBankATMsTitle">Banker/Minibanker</string>
  <string name="bookStoreItemLabel">Bokhandlere</string>
  <string name="commercialStreetItemLabel">Handlesentere</string>
  <string name="veterinarianItemLabel">Veterinærer</string>
  <string name="shoppingLifeTitle">Butikker/Livsstil</string>
  <string name="titleShowPOIsOnMap">Vis på kart</string>
  <string name="navLabelTakenToast">Etikettnavnet er opptatt. Velg et annet.</string>
  <string name="navSetUpWorkCard">Angi arbeidsadresse</string>
  <string name="navSetUpHomeCard">Angi hjemmeadresse</string>
  <string name="navDragMapUpdateAddress">Skyv kart for å oppdatere adresse</string>
  <string name="navLabelButton">Etikett</string>
  <string name="commonDone">Ferdig</string>
  <string name="favoriteSaved">Favoritt er lagret</string>
  <string name="navHidePermanentlyText">Skjul permanent</string>
  <string name="navHiddenDestinationNotice">Dette stedet vil ikke bli vist som smart-destinasjon igjen. Denne handlingen kan ikke angres.</string>
  <string name="navHideButton">Skjul</string>
  <string name="navHidePermanaentlyLabel">Skjule permanent?</string>
  <string name="navChangesSavedToast">Endringer er lagret</string>
  <string name="annotationCVP0TimeToHome">%1$s til %2$s</string>
  <string name="buttonLearnMore">Les mer</string>
  <string name="coachTripAssist">Smart-destinasjon viser viktig informasjon om dine vanlige turer</string>
  <string name="TripAssistMessage">Smart-destinasjon lærer og forutsier dine favorittstopper og hjelper deg med å komme raskt dit uten at du behøver å skrive noe.\n\nAdministrer Smart-destinasjon i Alternativer &gt; Innstillinger &gt; Forutsigende navigering.</string>
  <string name="bubbleStartPoint">Startpunkt</string>
  <string name="trafficEventsUnavailableTitle">Trafikkinformasjon ikke tilgjengelig</string>
  <string name="trafficEventsUnavailableContent">Koble Informasjonssystemet til telefonen for å få aktuell trafikk.</string>
  <string name="navTollboothAhead">Bomstasjon foran</string>
  <string name="significantTrafficDelayRerouteVars">Betydelig trafikkforsinkelse på vanlig rute til %1$s.\nOmkjøring via %2$s, sparer %3$s min.</string>
  <string name="MRTStationItemLabel">Stoppesteder undergrunn/trikk</string>
  <string name="dialogCannotRecordUnknownIssues">Ukjente problemer. Kan ikke registrere flere ruter for øyeblikket.</string>
  <string name="rerouteViaVars">%1$s i %2$s om %3$s (til %4$s)\nOmkjøring via %5$s.</string>
  <string name="navViewPredictiveTutorial">Du finner opplæring i Innstillinger &gt; Forutsigende navigering</string>
</resources>