<?xml version="1.0" encoding="UTF-8"?><resources>
  <string name="tacAccept">接受</string>
  <string name="navAddLabelTextField">添加标签（最多10个字符）</string>
  <string name="recentEditScreenDeleteMessageText">地址已删除</string>
  <string name="navTurnImmediatelyNotice">立刻</string>
  <string name="categoryWinery">酒庄</string>
  <string name="carWashItemLabel">洗车</string>
  <string name="ui_nav1">导航</string>
  <string name="mapUpdateFailedSDCardErrorContactDealer">您的SD卡已满或损坏。请查看用户手册了解更多详情或联系您的经销商。</string>
  <string name="navLimitNumberRecordings">最多记录%1$s条路线。请先删除原有记录，然后创建新记录。</string>
  <string name="navActionFailedLabel">操作失败</string>
  <string name="destinationFarFromRoad">目的地远离道路</string>
  <string name="navDestinationNearby">目的地位于附近</string>
  <string name="emergencyCenterItemLabel">急诊中心/急诊室</string>
  <string name="enableSmartSearchLabel">启用以进行智能搜索和规划路线</string>
  <string name="favoriteRemoved">已从收藏夹删除</string>
  <string name="commonMapServiceServiceRouteNotFound">未找到路线</string>
  <string name="navSetUpHomeOption">设置家庭地址</string>
  <string name="navFeatureUnavailableInGuidanceToast">该功能在导航模式下不可用</string>
  <string name="sdcardNotValidForVehicleErrorMessage">该SD卡不适用于本车导航。请查看用户手册了解更多详情或联系您的经销商。</string>
  <string name="snacksItemLabel">零食/饮料</string>
  <string name="dessertsBeverages">甜品/饮料</string>
  <string name="categoryDeliSandwiches">熟食/三明治</string>
  <string name="alertMsgFrequentTrafficAccidentAhead">前方为事故多发路段</string>
  <string name="ftuePrice">通过空中下载获取地图更新</string>
  <string name="ftueActiveRouting">主动规划路线 – 基于当前道路状况动态更新最佳路线</string>
  <string name="ftueSmartDestination">智能目的地 – 学习并预测您偏爱的停车点并显示到达该目的地的最佳路线</string>
  <string name="ftueSmartSearch">智能搜索 – 快速找到您感兴趣的地点</string>
  <string name="ftueSkip">跳过</string>
  <string name="mapControlInstructionZoom">缩放</string>
  <string name="mapControlInstructionPan">平移</string>
  <string name="mapControlInstructionPin">定位</string>
  <string name="mapControlInstructionRecenter">回到中心</string>
  <string name="mapControlInstructionDismiss">关闭</string>
  <string name="mapControlInstructionSwitch">切换</string>
  <string name="mapControlInstructionSelect">选择</string>
  <string name="mapControlInstructionBack">返回</string>
  <string name="mapControl">地图控制</string>
  <string name="navTripStatsNotice">行程数据</string>
  <string name="navSmartDestinationsReady">您的智能目的地准备就绪！</string>
  <string name="navTapCardAlternateRoutes">轻触卡片获取备选路线。</string>
  <string name="navSwipeDismissCard">左右滑动关闭卡片。</string>
  <string name="navSwipeMinimizeCard">向下滑动使卡片最小化。</string>
  <string name="navLongHoldEdit">长按以编辑卡片。</string>
  <string name="navFasterBubble">快\n%1$s分钟</string>
  <string name="navSimilarTimeBubble">耗时相近</string>
  <string name="navSlowerBubble">慢\n%1$s分钟</string>
  <string name="navYouveArrivedNotice">您已到达目的地</string>
  <string name="navDynamicDistance">%1$s mi</string>
  <string name="largeMapUpdateAvailable">有大量新地图数据可更新</string>
  <string name="downloadSizeVarDataRatesApply">下载大小约为%1$sMB。\n可能收取数据流量费用和/或超额费。</string>
  <string name="massageParlorsItemLabel">按摩</string>
  <string name="tennisItemLabel">网球场</string>
  <string name="golfItemLabel">高尔夫球场</string>
  <string name="categorySoccerField">足球场</string>
  <string name="toastLocationMaskingOff">位置隐藏关闭</string>
  <string name="titleLocationMasking">位置隐藏打开</string>
  <string name="navExitNavButton">退出导航</string>
  <string name="subContent_requestPermissions">导航还需要获取访问您的位置、电话和联系人的权限。</string>
  <string name="navSystemSettingsGrantAccess">请前往“系统设置”获取访问权限。</string>
  <string name="mapColorSummary">选择“自动”以根据照明状况自动更改模式。</string>
  <string name="newLocalMapUpdateAvailable">有新的本地地图可更新</string>
  <string name="onStarDynamic">%1$s</string>
  <string name="nameAlreadyTaken">该名称已使用</string>
  <string name="navHighwayModeTitle">高速公路模式</string>
  <string name="yourNavServiceRenewed">您的导航服务已续订。</string>
  <string name="neverCheckForBetterRoute">从不搜索更好路线</string>
  <string name="askBeforeRerouting">重新计算路线前询问</string>
  <string name="renewSubscriptionLabel">续订</string>
  <string name="restartNavSystemNotice">您必须重启导航才能使订阅生效。否则，直到您下次启动发动机时才可使用导航。\n立即重启？</string>
  <string name="yourSubscriptionRenewed">您的订阅已续订。</string>
  <string name="couldNotFindChargingStation">找不到充电站</string>
  <string name="noNearbyExits">附近无出口</string>
  <string name="noExitsNearby">附近无出口。</string>
  <string name="roadTracing">路线追踪</string>
  <string name="navWarningCallNotPossible">无电话访问权限，导航无法启用“通话”功能。要授予访问权限，请单击下方的“显示权限”，或访问“系统设置”。</string>
  <string name="poiBankATMsIcon">银行/ATM</string>
  <string name="poiDrink">酒水店</string>
  <string name="dialogueContinueRecordingRoute">继续记录？</string>
  <string name="dialogRecordedSince">记录起始时间：\n%1$s，%2$s</string>
  <string name="messageTotalDistanceExceed">全程总直线距离不得超过%1$s。</string>
  <string name="navTAPTCDetails">轻触查看详情</string>
  <string name="navSaveChangesLabel">保存更改？</string>
  <string name="navSaveChangesPopup">保存智能目的地更改？</string>
  <string name="navUpdateButton">更新</string>
  <string name="ftueToastTurnOnPredictiveNav">预测导航关闭。请在设置中打开。</string>
  <string name="ftuePredictiveNavIsOn">预测导航打开。请在设置中关闭。</string>
  <string name="dialogContentReminder">预测导航打开。请在设置中关闭。</string>
  <string name="RecentDestinationsClearedMessage">目的地记录已清除</string>
  <string name="RecentDestinationsRestoredMessage">目的地记录已恢复</string>
  <string name="toastRecordedRouteSaved">记录路线已保存。可在“路线追踪”画面中找到。</string>
  <string name="recordRouteDistanceSave">%1$s\n%2$s，%3$s\n距离：%4$s\n您想要保存吗？</string>
  <string name="titleRemoveDestinationWaypoint">删除目的地/途经点</string>
  <string name="renameYourRecordedRoute">重命名您记录的路线。</string>
  <string name="messageRestartToDismiss">请重启导航应用以清除错误。</string>
  <string name="restrictedRoadOnRoute">沿途道路受限</string>
  <string name="roadIsClosed">当前道路封闭</string>
  <string name="noSavedRouteYet">您还未保存任何路线。</string>
  <string name="roadTracingDescription">路线追踪可帮助您记录越野路线并原路返回起点。</string>
  <string name="routeTracing">路线追踪</string>
  <string name="toastRouteOptionsUncheck">先取消一个勾选项，再勾选另一个选项</string>
  <string name="routingToNearestPointToDestination">计算到目的地最近点的路线。</string>
  <string name="dialogStopRecordingMemoryDiskIsFull">SD卡已满</string>
  <string name="dialogCannotRecordMemoryCardIsFull">SD卡已满。此时无法记录更多路线。</string>
  <string name="dialogueStoppedRecording">记录停止</string>
  <string name="navSDCardFullRecStopMessage">SD卡已满。记录停止。</string>
  <string name="listView">列表视图</string>
  <string name="SearchHistoryClearedMessage">搜索历史记录已清除</string>
  <string name="SearchHistoryRestoredMessage">搜索历史记录已恢复</string>
  <string name="shoppingLifeIcon">购物/生活馆</string>
  <string name="barsAsia">酒吧</string>
  <string name="generalHospitals">综合医院</string>
  <string name="gradeATertiaryHospitals">三甲医院</string>
  <string name="starClassHotels">星级酒店</string>
  <string name="mapView">地图视图</string>
  <string name="incrDataUpdateInProcess">地图更新中：%1$s%</string>
  <string name="poiBankATMsTitle">银行/ATM</string>
  <string name="bookStoreItemLabel">书店</string>
  <string name="commercialStreetItemLabel">购物区</string>
  <string name="veterinarianItemLabel">宠物诊所</string>
  <string name="shoppingLifeTitle">购物/生活馆</string>
  <string name="titleShowPOIsOnMap">在地图上显示</string>
  <string name="navLabelTakenToast">该标签已使用。请选择其他标签。</string>
  <string name="navSetUpWorkCard">设置公司地址</string>
  <string name="navSetUpHomeCard">设置家庭地址</string>
  <string name="navDragMapUpdateAddress">拖动地图以更新地址</string>
  <string name="navLabelButton">标签</string>
  <string name="commonDone">完成</string>
  <string name="favoriteSaved">已保存至收藏夹</string>
  <string name="navHidePermanentlyText">永久隐藏</string>
  <string name="navHiddenDestinationNotice">该位置将不再作为智能目的地显示，而且此操作无法撤销。</string>
  <string name="navHideButton">隐藏</string>
  <string name="navHidePermanaentlyLabel">永久隐藏？</string>
  <string name="navChangesSavedToast">更改已保存</string>
  <string name="annotationCVP0TimeToHome">距离%2$s还有%1$s</string>
  <string name="buttonLearnMore">了解更多</string>
  <string name="coachTripAssist">智能目的地可显示您常规行程的重要行车信息</string>
  <string name="TripAssistMessage">智能目的地可学习并预测您偏爱的停车点以帮助您更快到达该目的地，无需键入任何信息。\n\n可在选项 &gt; 设置 &gt; 预测导航中管理智能目的地。</string>
  <string name="bubbleStartPoint">起点</string>
  <string name="trafficEventsUnavailableTitle">交通事件不可用</string>
  <string name="trafficEventsUnavailableContent">将信息娱乐系统关联至您的电话以获取实时交通信息。</string>
  <string name="navTollboothAhead">前方有收费站</string>
  <string name="significantTrafficDelayRerouteVars">前往%1$s的常规路线交通延误严重。\n经由%2$s重新计算路线，可节省%3$s分钟。</string>
  <string name="MRTStationItemLabel">地铁/轻轨站</string>
  <string name="dialogCannotRecordUnknownIssues">未知问题。此时无法记录更多路线。</string>
  <string name="rerouteViaVars">%3$s上%2$s处%1$s（至%4$s）\n经由%5$s重新计算路线。</string>
  <string name="navViewPredictiveTutorial">您可通过设置 &gt; 预测导航查看教程。</string>
</resources>