<?xml version="1.0" encoding="UTF-8"?><resources>
  <string name="tacAccept">Принять</string>
  <string name="navAddLabelTextField">Добавьте метку (не более 10 символов)</string>
  <string name="recentEditScreenDeleteMessageText">Адрес удален</string>
  <string name="navTurnImmediatelyNotice">Сейчас</string>
  <string name="categoryWinery">Винодельни</string>
  <string name="carWashItemLabel">Автомойка</string>
  <string name="ui_nav1">Навигация</string>
  <string name="mapUpdateFailedSDCardErrorContactDealer">SD-карта заполнена или повреждена. См. инструкцию по эксплуатации или обратитесь к дилеру.</string>
  <string name="navLimitNumberRecordings">Нельзя записать более %1$s маршр. Перед созданием новых записей удалите старые.</string>
  <string name="navActionFailedLabel">Действие не выполнено</string>
  <string name="destinationFarFromRoad">Пункт назначения слишком далеко от дороги</string>
  <string name="navDestinationNearby">Пункт назначения рядом</string>
  <string name="emergencyCenterItemLabel">Центры/пункты неотложной помощи</string>
  <string name="enableSmartSearchLabel">Включить для смарт-поиска и маршрутов</string>
  <string name="favoriteRemoved">Удалено из избранного</string>
  <string name="commonMapServiceServiceRouteNotFound">Маршрут не найден</string>
  <string name="navSetUpHomeOption">Задать домашний адрес</string>
  <string name="navFeatureUnavailableInGuidanceToast">Функция недоступна в режиме указаний</string>
  <string name="sdcardNotValidForVehicleErrorMessage">Эта SD-карта непригодна для навигации в этом автомобиле. См. инструкцию по эксплуатации или обратитесь к дилеру.</string>
  <string name="snacksItemLabel">Закуски/Напитки</string>
  <string name="dessertsBeverages">Десерты/Напитки</string>
  <string name="categoryDeliSandwiches">Деликатесы/Сандвичи</string>
  <string name="alertMsgFrequentTrafficAccidentAhead">Впереди место высокой аварийности</string>
  <string name="ftuePrice">Автоматическое обновление карт по беспроводной связи</string>
  <string name="ftueActiveRouting">Активный маршрут — маршрут динамически обновляется в соответствии с ситуацией на дорогах.</string>
  <string name="ftueSmartDestination">Смарт-пункт назначения — сохранение и предсказание любимых пунктов назначения, а также построение маршрутов к ним</string>
  <string name="ftueSmartSearch">Смарт-поиск — быстрый поиск нужных мест</string>
  <string name="ftueSkip">Пропустить</string>
  <string name="mapControlInstructionZoom">Масштаб</string>
  <string name="mapControlInstructionPan">Прокрутка</string>
  <string name="mapControlInstructionPin">Метка</string>
  <string name="mapControlInstructionRecenter">К центру</string>
  <string name="mapControlInstructionDismiss">Закрыть</string>
  <string name="mapControlInstructionSwitch">Перекл.</string>
  <string name="mapControlInstructionSelect">Выбрать</string>
  <string name="mapControlInstructionBack">Назад</string>
  <string name="mapControl">Настройка карты</string>
  <string name="navTripStatsNotice">Данные поездки</string>
  <string name="navSmartDestinationsReady">Смарт-пункты назначения готовы!</string>
  <string name="navTapCardAlternateRoutes">Нажмите карточку для просмотра альтернативных маршрутов.</string>
  <string name="navSwipeDismissCard">Смахните карточку влево или вправо, чтобы закрыть ее.</string>
  <string name="navSwipeMinimizeCard">Смахните карточку вниз, чтобы свернуть ее</string>
  <string name="navLongHoldEdit">Нажмите и удерживайте, чтобы редактировать карточку.</string>
  <string name="navFasterBubble">На %1$s мин\nбыстрее</string>
  <string name="navSimilarTimeBubble">То же время</string>
  <string name="navSlowerBubble">На %1$s мин\nдольше</string>
  <string name="navYouveArrivedNotice">Вы прибыли</string>
  <string name="navDynamicDistance">%1$s mi</string>
  <string name="largeMapUpdateAvailable">Имеется большое обновление карт</string>
  <string name="downloadSizeVarDataRatesApply">Необходимо загрузить прибл. %1$s МБ.\nМожет взиматься плата за передачу данных и плата за превышение лимита</string>
  <string name="massageParlorsItemLabel">Массажные салоны</string>
  <string name="tennisItemLabel">Теннисные корты</string>
  <string name="golfItemLabel">Площадки для гольфа</string>
  <string name="categorySoccerField">Футбольные поля</string>
  <string name="toastLocationMaskingOff">Скрытие местоположения выкл.</string>
  <string name="titleLocationMasking">Скрытие местоположения вкл.</string>
  <string name="navExitNavButton">Закрыть навигацию</string>
  <string name="subContent_requestPermissions">Навигации требуется разрешение на доступ к местоположению, вызовам и контактам.</string>
  <string name="navSystemSettingsGrantAccess">Чтобы разрешить доступ, откройте «Параметры системы»</string>
  <string name="mapColorSummary">Выберите «Автоматически», что менять режимы автоматически в соответствии с условиями освещенности.</string>
  <string name="newLocalMapUpdateAvailable">Доступно обновление лок. карты</string>
  <string name="onStarDynamic">%1$s</string>
  <string name="nameAlreadyTaken">Имя занято</string>
  <string name="navHighwayModeTitle">Режим автомагистрали</string>
  <string name="yourNavServiceRenewed">Услуга навигации продлена.</string>
  <string name="neverCheckForBetterRoute">Не выполнять поиск лучшего маршрута</string>
  <string name="askBeforeRerouting">Спрашивать перед сменой маршрута</string>
  <string name="renewSubscriptionLabel">Продлить подписку</string>
  <string name="restartNavSystemNotice">Чтобы подписка начала действовать, необходимо перезапустить навигацию. Если этого не сделать, подписка не будет действовать до следующего запуска двигателя. Перезапустить сейчас?</string>
  <string name="yourSubscriptionRenewed">Подписка продлена.</string>
  <string name="couldNotFindChargingStation">Не удалось найти станцию зарядки</string>
  <string name="noNearbyExits">Поблизости нет съездов</string>
  <string name="noExitsNearby">Поблизости нет съездов.</string>
  <string name="roadTracing">Отслеживание пути</string>
  <string name="navWarningCallNotPossible">Без доступа к телефону не удастся использовать в навигации функцию «Позвонить».\nЧтобы предоставить доступ, нажмите «Показать разрешения» ниже или откройте «Параметры системы».</string>
  <string name="poiBankATMsIcon">Банки/Банком.</string>
  <string name="poiDrink">Алк. напитки</string>
  <string name="dialogueContinueRecordingRoute">Продолжить запись?</string>
  <string name="dialogRecordedSince">Начало записи:\n%1$s в %2$s</string>
  <string name="messageTotalDistanceExceed">Суммарное расстояние по прямой для всей поездки не должно превышать %1$s</string>
  <string name="navTAPTCDetails">Дополнительные сведения</string>
  <string name="navSaveChangesLabel">Сохранить изменения?</string>
  <string name="navSaveChangesPopup">Сохранить изменения в смарт-пункты назначения?</string>
  <string name="navUpdateButton">Обновить</string>
  <string name="ftueToastTurnOnPredictiveNav">Прогнозирование маршрута выкл. Включите его в Настройках.</string>
  <string name="ftuePredictiveNavIsOn">Прогнозирование маршрута включено. Выключите его в Настройках.</string>
  <string name="dialogContentReminder">Прогнозирование маршрута включено. Выключите его в Настройках.</string>
  <string name="RecentDestinationsClearedMessage">Список последних пунктов назначения очищен</string>
  <string name="RecentDestinationsRestoredMessage">Список последних пунктов назначения восстановлен</string>
  <string name="toastRecordedRouteSaved">Записанный маршрут сохранен. См. его на экране «Отслеживание пути».</string>
  <string name="recordRouteDistanceSave">%1$s\n%2$s в %3$s\nРасстояние: %4$s\nСохранить?</string>
  <string name="titleRemoveDestinationWaypoint">Удалить пункт назначения/точку маршр.</string>
  <string name="renameYourRecordedRoute">Укажите имя записанного маршрута.</string>
  <string name="messageRestartToDismiss">Перезапустите навигацию, чтобы устранить ошибку.</string>
  <string name="restrictedRoadOnRoute">На маршруте закрытая дорога</string>
  <string name="roadIsClosed">Дорога сейчас закрыта</string>
  <string name="noSavedRouteYet">Вы пока не сохранили ни одного маршрута.</string>
  <string name="roadTracingDescription">Функция «Отслеживание пути» записывает ваш маршрут вне дорог и помогает вернуться в исходную точку.</string>
  <string name="routeTracing">Отслеживание пути</string>
  <string name="toastRouteOptionsUncheck">Снимите отметку, потом отметьте другой пункт</string>
  <string name="routingToNearestPointToDestination">Маршрут до точки, ближайшей к пункту назначения.</string>
  <string name="dialogStopRecordingMemoryDiskIsFull">SD-карта заполнена</string>
  <string name="dialogCannotRecordMemoryCardIsFull">SD-карта заполнена. Сейчас нельзя записать больше маршрутов.</string>
  <string name="dialogueStoppedRecording">Запись остановлена</string>
  <string name="navSDCardFullRecStopMessage">SD-карта заполнена. Запись остановлена.</string>
  <string name="listView">Список</string>
  <string name="SearchHistoryClearedMessage">История поиска очищена</string>
  <string name="SearchHistoryRestoredMessage">История поиска восстановлена</string>
  <string name="shoppingLifeIcon">ТЦ / ТРЦ</string>
  <string name="barsAsia">Бары</string>
  <string name="generalHospitals">Многопрофильные больницы</string>
  <string name="gradeATertiaryHospitals">Региональные лечебно-диагностические центры</string>
  <string name="starClassHotels">Отели звездной категории</string>
  <string name="mapView">На карте</string>
  <string name="incrDataUpdateInProcess">Выполняется обновление карт: %1$s %</string>
  <string name="poiBankATMsTitle">Банки/Банкоматы</string>
  <string name="bookStoreItemLabel">Книжные магазины</string>
  <string name="commercialStreetItemLabel">Торговые зоны</string>
  <string name="veterinarianItemLabel">Ветеринарные клиники</string>
  <string name="shoppingLifeTitle">ТЦ / ТРЦ</string>
  <string name="titleShowPOIsOnMap">Показать на карте</string>
  <string name="navLabelTakenToast">Метка используется. Выберите другую.</string>
  <string name="navSetUpWorkCard">Задать рабочий адрес</string>
  <string name="navSetUpHomeCard">Задать дом. адрес</string>
  <string name="navDragMapUpdateAddress">Изм. адреса: сдвиньте карту</string>
  <string name="navLabelButton">Метка</string>
  <string name="commonDone">Готово</string>
  <string name="favoriteSaved">Сохранено в избранном</string>
  <string name="navHidePermanentlyText">Скрыть навсегда</string>
  <string name="navHiddenDestinationNotice">Это место больше не будет предлагаться как смарт-пункт назначения. Это действие нельзя отменить.</string>
  <string name="navHideButton">Скрыть</string>
  <string name="navHidePermanaentlyLabel">Скрыть навсегда?</string>
  <string name="navChangesSavedToast">Изменения сохранены</string>
  <string name="annotationCVP0TimeToHome">%1$s до %2$s</string>
  <string name="buttonLearnMore">Подробнее</string>
  <string name="coachTripAssist">Смарт-пункт назначения показывает важные сведения о ваших обычных маршрутах</string>
  <string name="TripAssistMessage">Смарт-пункт назначения запоминает и автоматически предлагает часто посещаемые места для прокладки маршрутов без ввода данных.\n\nУправление смарт-пунктами назначения: Параметры&gt;Настройки&gt;Прогнозирование маршрута.</string>
  <string name="bubbleStartPoint">Начальная точка</string>
  <string name="trafficEventsUnavailableTitle">Событие дор. движения недоступно</string>
  <string name="trafficEventsUnavailableContent">Свяжите систему с телефоном для получения данных о дорожном движении.</string>
  <string name="navTollboothAhead">Впереди пункт оплаты</string>
  <string name="significantTrafficDelayRerouteVars">Серьезные пробки на обычном маршруте до %1$s.\nПрокладка маршрута через %2$s, экономия %3$s мин.</string>
  <string name="MRTStationItemLabel">Станции метро/мини-метро</string>
  <string name="dialogCannotRecordUnknownIssues">Неизвестные ошибки. Сейчас нельзя записать дополнительные маршруты.</string>
  <string name="rerouteViaVars">%1$s в %2$s на %3$s (%4$s)\nПрокладка маршрута через %5$s.</string>
  <string name="navViewPredictiveTutorial">Чтобы посмотреть обзор, выберите Настройки &gt; Прогнозирование маршрута</string>
</resources>