<?xml version="1.0" encoding="UTF-8"?><resources>
  <string name="tacAccept">Acceptér</string>
  <string name="navAddLabelTextField">Tilføj en tekst (maks. 10 tegn)</string>
  <string name="recentEditScreenDeleteMessageText">Adressen er slettet</string>
  <string name="navTurnImmediatelyNotice">Nu</string>
  <string name="categoryWinery">Vingårde</string>
  <string name="carWashItemLabel">Bilvask</string>
  <string name="ui_nav1">Nav</string>
  <string name="mapUpdateFailedSDCardErrorContactDealer">SD-kortet er fuldt eller beskadiget. Se instruktionsbogen, eller kontakt din forhandler for at få flere oplysninger.</string>
  <string name="navLimitNumberRecordings">Der kan højst gemmes %1$s ruter. Slet gamle ruter, så du kan oprette nye.</string>
  <string name="navActionFailedLabel">Handlingen blev ikke udført</string>
  <string name="destinationFarFromRoad">Destinationen ligger langt fra vejen</string>
  <string name="navDestinationNearby">Destination for tæt på</string>
  <string name="emergencyCenterItemLabel">Skadestuer</string>
  <string name="enableSmartSearchLabel">Aktivér for Smart Søgning og Ruteplanlægning</string>
  <string name="favoriteRemoved">Favorit fjernet</string>
  <string name="commonMapServiceServiceRouteNotFound">Ruten blev ikke fundet</string>
  <string name="navSetUpHomeOption">Konfigurér Hjemmeadresse</string>
  <string name="navFeatureUnavailableInGuidanceToast">Funktionen er ikke tilgængelig i Vejvisningstilstand</string>
  <string name="sdcardNotValidForVehicleErrorMessage">SD-kortet kan ikke anvendes til navigation i denne bil. Se instruktionsbogen, eller kontakt din forhandler for at få flere oplysninger.</string>
  <string name="snacksItemLabel">Snacks/Læskedrikke</string>
  <string name="dessertsBeverages">Desserter/Læskedrikke</string>
  <string name="categoryDeliSandwiches">Deli/Sandwich</string>
  <string name="alertMsgFrequentTrafficAccidentAhead">Sted med mange trafikulykker forude</string>
  <string name="ftuePrice">Få automatiske kortopdateringer trådløst</string>
  <string name="ftueActiveRouting">Aktiv Ruteplanlægning - få den bedste rute opdateret dynamisk baseret på aktuelle vejforhold</string>
  <string name="ftueSmartDestination">Smart Destination - lærer og varsler om dine foretrukne stop og viser dig de bedste ruter dertil</string>
  <string name="ftueSmartSearch">Smart Søgning - finder hurtigt steder, der interesserer dig</string>
  <string name="ftueSkip">Spring over</string>
  <string name="mapControlInstructionZoom">Zoom</string>
  <string name="mapControlInstructionPan">Panorer</string>
  <string name="mapControlInstructionPin">Markér</string>
  <string name="mapControlInstructionRecenter">Centrer</string>
  <string name="mapControlInstructionDismiss">Luk</string>
  <string name="mapControlInstructionSwitch">Skift</string>
  <string name="mapControlInstructionSelect">Vælg</string>
  <string name="mapControlInstructionBack">Tilbage</string>
  <string name="mapControl">Kortstyring</string>
  <string name="navTripStatsNotice">Turstatistik</string>
  <string name="navSmartDestinationsReady">Dine Smarte Destinationer er klar!</string>
  <string name="navTapCardAlternateRoutes">Tryk på kortet for at få vist alternative ruter.</string>
  <string name="navSwipeDismissCard">Stryg mod venstre eller højre for at lukke kortet.</string>
  <string name="navSwipeMinimizeCard">Stryg nedad for at minimere kortet</string>
  <string name="navLongHoldEdit">Tryk længe for at redigere kortet.</string>
  <string name="navFasterBubble">%1$s min.\nhurtigere</string>
  <string name="navSimilarTimeBubble">Samme tid</string>
  <string name="navSlowerBubble">%1$s min.\nlængere</string>
  <string name="navYouveArrivedNotice">Du er ankommet</string>
  <string name="navDynamicDistance">%1$s mi</string>
  <string name="largeMapUpdateAvailable">Stor kortopdatering tilgængelig</string>
  <string name="downloadSizeVarDataRatesApply">Filen fylder ca. %1$s MB.\nDer kan blive pålagt gebyr.</string>
  <string name="massageParlorsItemLabel">Massage</string>
  <string name="tennisItemLabel">Tennisbaner</string>
  <string name="golfItemLabel">Golfbaner</string>
  <string name="categorySoccerField">Fodboldbaner</string>
  <string name="toastLocationMaskingOff">Lokalitetsmaskering Fra</string>
  <string name="titleLocationMasking">Lokalitetsmaskering Til</string>
  <string name="navExitNavButton">Afslut navigation</string>
  <string name="subContent_requestPermissions">Navigationssystemet kræver også tilladelse til at få adgang til din lokalitet, telefon og kontakter.</string>
  <string name="navSystemSettingsGrantAccess">Du kan give tilladelse i Systemindstillinger.</string>
  <string name="mapColorSummary">Vælg Automatisk for at skifte tilstand automatisk baseret på lysforholdene.</string>
  <string name="newLocalMapUpdateAvailable">Ny opdatering af lokalkort tilgængelig</string>
  <string name="onStarDynamic">%1$s</string>
  <string name="nameAlreadyTaken">Navnet findes allerede</string>
  <string name="navHighwayModeTitle">Motorvejstilstand</string>
  <string name="yourNavServiceRenewed">Navigationstjenesten er blevet fornyet.</string>
  <string name="neverCheckForBetterRoute">Søg aldrig efter bedre ruter</string>
  <string name="askBeforeRerouting">Spørg før omdirigering</string>
  <string name="renewSubscriptionLabel">Forny abonnement</string>
  <string name="restartNavSystemNotice">Du skal genstarte Navigationsprogrammet, før det nye abonnement træder i kraft. Ellers vil abonnementet ikke være tilgængeligt, før du starter motoren næste gang.\nGenstart nu?</string>
  <string name="yourSubscriptionRenewed">Abonnementet er blevet fornyet.</string>
  <string name="couldNotFindChargingStation">Ingen ladestander fundet</string>
  <string name="noNearbyExits">Ingen afkørsler tæt på</string>
  <string name="noExitsNearby">Ingen afkørsler tæt på.</string>
  <string name="roadTracing">Rutesporing</string>
  <string name="navWarningCallNotPossible">Navigationssystemet kan ikke aktivere opkaldsfunktionen uden adgang til din telefon.\nDu kan give adgang ved at klikke på Vis Tilladelse herunder eller i Systemindstillinger.</string>
  <string name="poiBankATMsIcon">Bank/hæveaut.</string>
  <string name="poiDrink">Drinks</string>
  <string name="dialogueContinueRecordingRoute">Fortsæt med registrering?</string>
  <string name="dialogRecordedSince">Registreret siden:\n%1$s kl. %2$s</string>
  <string name="messageTotalDistanceExceed">Samlet lineær afstand for hele turen må højst være %1$s.</string>
  <string name="navTAPTCDetails">Tryk for at få vist detaljer</string>
  <string name="navSaveChangesLabel">Gem ændringer?</string>
  <string name="navSaveChangesPopup">Gem ændringer i Smart Destination?</string>
  <string name="navUpdateButton">Opdatér</string>
  <string name="ftueToastTurnOnPredictiveNav">Adaptiv Navigation Fra. Tilslut under Indstillinger.</string>
  <string name="ftuePredictiveNavIsOn">Adaptiv Navigation Til. Afbryd under Indstillinger.</string>
  <string name="dialogContentReminder">Adaptiv Navigation Til. Afbryd under Indstillinger.</string>
  <string name="RecentDestinationsClearedMessage">Seneste destinationer er slettet</string>
  <string name="RecentDestinationsRestoredMessage">Seneste destinationer er gendannet</string>
  <string name="toastRecordedRouteSaved">Registreret rute er gemt. Se den på siden Rutesporing.</string>
  <string name="recordRouteDistanceSave">%1$s\n%2$s kl. %3$s\nAfstand: %4$s\nVil du gemme dette?</string>
  <string name="titleRemoveDestinationWaypoint">Fjern Destination/Vejpunkt</string>
  <string name="renameYourRecordedRoute">Omdøb den registrerede rute.</string>
  <string name="messageRestartToDismiss">Genstart Navigationsprogrammet for at lukke fejlen.</string>
  <string name="restrictedRoadOnRoute">Vejbegrænsninger på ruten</string>
  <string name="roadIsClosed">Vejen er lukket</string>
  <string name="noSavedRouteYet">Du har ikke gemt nogen ruter endnu.</string>
  <string name="roadTracingDescription">Med Rutesporing kan du registrere din offroadkørsel og spore ruten tilbage til startpunktet.</string>
  <string name="routeTracing">Rutesporing</string>
  <string name="toastRouteOptionsUncheck">Fjern markering fra valgte, og markér et andet</string>
  <string name="routingToNearestPointToDestination">Ruteplanlægning til sted nærmest din destination.</string>
  <string name="dialogStopRecordingMemoryDiskIsFull">SD-kortet er fuldt</string>
  <string name="dialogCannotRecordMemoryCardIsFull">SD-kortet er fuldt. Der kan ikke registreres flere ruter nu.</string>
  <string name="dialogueStoppedRecording">Registrering stoppet</string>
  <string name="navSDCardFullRecStopMessage">SD-kortet er fuldt. Registrering er stoppet.</string>
  <string name="listView">Listevisning</string>
  <string name="SearchHistoryClearedMessage">Søgehistorik ryddet</string>
  <string name="SearchHistoryRestoredMessage">Søgehistorik gendannet</string>
  <string name="shoppingLifeIcon">Shopping/Livsstil</string>
  <string name="barsAsia">Barer</string>
  <string name="generalHospitals">Hospitaler</string>
  <string name="gradeATertiaryHospitals">Hospitaler</string>
  <string name="starClassHotels">Luksushoteller</string>
  <string name="mapView">Kortvisning</string>
  <string name="incrDataUpdateInProcess">Kortet opdateres: %1$s %</string>
  <string name="poiBankATMsTitle">Banker/Hæveautomater</string>
  <string name="bookStoreItemLabel">Boghandler</string>
  <string name="commercialStreetItemLabel">Shoppingområder</string>
  <string name="veterinarianItemLabel">Dyrlæger</string>
  <string name="shoppingLifeTitle">Shopping/Livsstil</string>
  <string name="titleShowPOIsOnMap">Vis på kort</string>
  <string name="navLabelTakenToast">Navnet anvendes allerede. Vælg et andet.</string>
  <string name="navSetUpWorkCard">Konfigurér Arbejde</string>
  <string name="navSetUpHomeCard">Konfigurér Hjemme</string>
  <string name="navDragMapUpdateAddress">Træk i kortet for at opdatere</string>
  <string name="navLabelButton">Navn</string>
  <string name="commonDone">Udført</string>
  <string name="favoriteSaved">Favorit gemt</string>
  <string name="navHidePermanentlyText">Skjul altid</string>
  <string name="navHiddenDestinationNotice">Denne lokalitet vises ikke igen som en Smart Destination. Du kan ikke fortryde handlingen.</string>
  <string name="navHideButton">Skjul</string>
  <string name="navHidePermanaentlyLabel">Skjul altid?</string>
  <string name="navChangesSavedToast">Ændringerne er gemt</string>
  <string name="annotationCVP0TimeToHome">%1$s til %2$s</string>
  <string name="buttonLearnMore">Få mere at vide</string>
  <string name="coachTripAssist">Smart Destination viser vigtige kørselsinformationer for dine sædvanlige ture</string>
  <string name="TripAssistMessage">Smart Destination lærer og varsler om dine foretrukne stop, så du kan nå hurtigere frem uden indtastninger.\n\nHåndter Smart Destination under Valgmuligheder &gt; Indstillinger &gt; Adaptiv nNavigation.</string>
  <string name="bubbleStartPoint">Startsted</string>
  <string name="trafficEventsUnavailableTitle">Trafikhændelse ikke tilgængelig</string>
  <string name="trafficEventsUnavailableContent">Tether Info System til din telefon for at få direkte trafikmeldinger.</string>
  <string name="navTollboothAhead">Betalingssted forude</string>
  <string name="significantTrafficDelayRerouteVars">Betydelige forsinkelser på sædvanlig rute til %1$s.\nFølg ny rute via %2$s, og spar %3$s min.</string>
  <string name="MRTStationItemLabel">Metro-/Letbanestationer</string>
  <string name="dialogCannotRecordUnknownIssues">Ukendt fejl. Der kan ikke registreres flere ruter nu.</string>
  <string name="rerouteViaVars">%1$s om %2$s på %3$s (til %4$s)\nNy rute via %5$s.</string>
  <string name="navViewPredictiveTutorial">Du kan se videoen under Indstillinger &gt; Adaptiv Navigation</string>
</resources>