<?xml version="1.0" encoding="UTF-8"?><resources>
  <string name="tacAccept">Accept</string>
  <string name="navAddLabelTextField">Add a label (max 10 characters)</string>
  <string name="recentEditScreenDeleteMessageText">Address Deleted</string>
  <string name="navTurnImmediatelyNotice">Immediately</string>
  <string name="categoryWinery">Wineries</string>
  <string name="carWashItemLabel">Car Wash</string>
  <string name="ui_nav1">Nav</string>
  <string name="mapUpdateFailedSDCardErrorContactDealer">Your SD card is full or damaged. See Owner's Manual for more details or visit your dealer.</string>
  <string name="navLimitNumberRecordings">Unable to record more than %1$s routes. Delete old recordings before creating new ones.</string>
  <string name="navActionFailedLabel">Action Failed</string>
  <string name="destinationFarFromRoad">Destination far away from road.</string>
  <string name="navDestinationNearby">Destination Nearby</string>
  <string name="emergencyCenterItemLabel">Accident and Emergency</string>
  <string name="enableSmartSearchLabel">Enable for Smart Search and Routing</string>
  <string name="favoriteRemoved">Favourite Removed</string>
  <string name="commonMapServiceServiceRouteNotFound">Route Not Found</string>
  <string name="navSetUpHomeOption">Set Up Home</string>
  <string name="navFeatureUnavailableInGuidanceToast">Feature not available in Guidance Mode.</string>
  <string name="sdcardNotValidForVehicleErrorMessage">This SD card is not valid in this vehicle for navigation. See your Owner's Manual for more details or visit your dealer.</string>
  <string name="snacksItemLabel">Snacks/Beverages</string>
  <string name="dessertsBeverages">Desserts/Beverages</string>
  <string name="categoryDeliSandwiches">Deli/Sandwiches</string>
  <string name="alertMsgFrequentTrafficAccidentAhead">Frequent Traffic Accidents Ahead</string>
  <string name="ftuePrice">Get automatic map updates over the air</string>
  <string name="ftueActiveRouting">Active Routing – Gets the best route dynamically updated based on current road conditions</string>
  <string name="ftueSmartDestination">Smart Destination – Learns and predicts your favourite stops and shows you the best routes to get there</string>
  <string name="ftueSmartSearch">Smart Search – Quickly finds places that you care about</string>
  <string name="ftueSkip">Skip</string>
  <string name="mapControlInstructionZoom">Zoom</string>
  <string name="mapControlInstructionPan">Pan</string>
  <string name="mapControlInstructionPin">Pin</string>
  <string name="mapControlInstructionRecenter">Recentre</string>
  <string name="mapControlInstructionDismiss">Dismiss</string>
  <string name="mapControlInstructionSwitch">Switch</string>
  <string name="mapControlInstructionSelect">Select</string>
  <string name="mapControlInstructionBack">Back</string>
  <string name="mapControl">Map Control</string>
  <string name="navTripStatsNotice">Trip Stats</string>
  <string name="navSmartDestinationsReady">Your Smart Destinations are ready!</string>
  <string name="navTapCardAlternateRoutes">Tap card to get alternative routes.</string>
  <string name="navSwipeDismissCard">Swipe left or right to dismiss card.</string>
  <string name="navSwipeMinimizeCard">Swipe down to minimise card.</string>
  <string name="navLongHoldEdit">Long hold to edit card.</string>
  <string name="navFasterBubble">%1$s min\nfaster</string>
  <string name="navSimilarTimeBubble">Similar time</string>
  <string name="navSlowerBubble">%1$s min\nslower</string>
  <string name="navYouveArrivedNotice">You've arrived</string>
  <string name="navDynamicDistance">%1$s mi</string>
  <string name="largeMapUpdateAvailable">Large Map Update Available</string>
  <string name="downloadSizeVarDataRatesApply">The download size is approximately %1$sMB.\nData rates and/or overage charges may apply.</string>
  <string name="massageParlorsItemLabel">Massages</string>
  <string name="tennisItemLabel">Tennis Courts</string>
  <string name="golfItemLabel">Golf Courses</string>
  <string name="categorySoccerField">Football Pitches</string>
  <string name="toastLocationMaskingOff">Location Masking Off</string>
  <string name="titleLocationMasking">Location Masking On</string>
  <string name="navExitNavButton">Exit Nav</string>
  <string name="subContent_requestPermissions">Navigation also requires permission to access your Location, Phone and Contacts.</string>
  <string name="navSystemSettingsGrantAccess">Please visit System Settings to grant access.</string>
  <string name="mapColorSummary">Select Auto to change modes automatically based on lighting conditions.</string>
  <string name="newLocalMapUpdateAvailable">New Local Map Update Available</string>
  <string name="onStarDynamic">%1$s</string>
  <string name="nameAlreadyTaken">Name already in use.</string>
  <string name="navHighwayModeTitle">Motorway Mode</string>
  <string name="yourNavServiceRenewed">Your Navigation Service has been renewed.</string>
  <string name="neverCheckForBetterRoute">Never Search for Better Routes</string>
  <string name="askBeforeRerouting">Ask before Rerouting</string>
  <string name="renewSubscriptionLabel">Renew Subscription</string>
  <string name="restartNavSystemNotice">You must restart Nav before new subscription takes effect. Otherwise, subscription won't be available until the next time you start your engine.\nRestart now?</string>
  <string name="yourSubscriptionRenewed">Your subscription has been renewed.</string>
  <string name="couldNotFindChargingStation">Unable to find charging station.</string>
  <string name="noNearbyExits">No Exits Nearby</string>
  <string name="noExitsNearby">No exits nearby.</string>
  <string name="roadTracing">Route Tracing</string>
  <string name="navWarningCallNotPossible">Without access to your Phone, Navigation cannot enable "Call" feature.\nTo grant access, click Show Permission below or visit System Settings.</string>
  <string name="poiBankATMsIcon">Banks/ATMs</string>
  <string name="poiDrink">Drinks</string>
  <string name="dialogueContinueRecordingRoute">Continue recording?</string>
  <string name="dialogRecordedSince">Recorded since:\n%1$s at %2$s</string>
  <string name="messageTotalDistanceExceed">Total linear distance of the entire trip cannot exceed %1$s.</string>
  <string name="navTAPTCDetails">Tap to see details</string>
  <string name="navSaveChangesLabel">Save Changes?</string>
  <string name="navSaveChangesPopup">Save changes to Smart Destination?</string>
  <string name="navUpdateButton">Update</string>
  <string name="ftueToastTurnOnPredictiveNav">Predictive Navigation Off. Turn it On in Settings.</string>
  <string name="ftuePredictiveNavIsOn">Predictive Navigation On. Turn it Off in Settings.</string>
  <string name="dialogContentReminder">Predictive Navigation On. Turn it Off in Settings.</string>
  <string name="RecentDestinationsClearedMessage">Recent Destinations Cleared</string>
  <string name="RecentDestinationsRestoredMessage">Recent Destinations Restored</string>
  <string name="toastRecordedRouteSaved">Recorded route saved. Find it on the Route Tracing screen.</string>
  <string name="recordRouteDistanceSave">%1$s\n%2$s at %3$s\nDistance: %4$s\nDo you want to save?</string>
  <string name="titleRemoveDestinationWaypoint">Remove Destination/Waypoint</string>
  <string name="renameYourRecordedRoute">Rename your recorded route.</string>
  <string name="messageRestartToDismiss">Please restart Nav app to dismiss error.</string>
  <string name="restrictedRoadOnRoute">Restricted road on route.</string>
  <string name="roadIsClosed">Road Currently Closed</string>
  <string name="noSavedRouteYet">You haven't saved any routes yet.</string>
  <string name="roadTracingDescription">Route Tracing helps you record your off-road route and trace it back to the starting point.</string>
  <string name="routeTracing">Route Tracing</string>
  <string name="toastRouteOptionsUncheck">Deselect one selection and then select another.</string>
  <string name="routingToNearestPointToDestination">Routing to point closest to your destination.</string>
  <string name="dialogStopRecordingMemoryDiskIsFull">SD Card Full</string>
  <string name="dialogCannotRecordMemoryCardIsFull">SD Card full. Unable to record more routes at this time.</string>
  <string name="dialogueStoppedRecording">Recording Stopped</string>
  <string name="navSDCardFullRecStopMessage">SD card full. Recording stopped.</string>
  <string name="listView">List View</string>
  <string name="SearchHistoryClearedMessage">Search History Cleared</string>
  <string name="SearchHistoryRestoredMessage">Search History Restored</string>
  <string name="shoppingLifeIcon">Shopping/Life</string>
  <string name="barsAsia">Bars</string>
  <string name="generalHospitals">General Hospitals</string>
  <string name="gradeATertiaryHospitals">Specialist Hospitals</string>
  <string name="starClassHotels">Star Class Hotels</string>
  <string name="mapView">Map View</string>
  <string name="incrDataUpdateInProcess">Map update in progress: %1$s%</string>
  <string name="poiBankATMsTitle">Banks/ATMs</string>
  <string name="bookStoreItemLabel">Bookshops</string>
  <string name="commercialStreetItemLabel">Retail Parks</string>
  <string name="veterinarianItemLabel">Veterinarians</string>
  <string name="shoppingLifeTitle">Shopping/Life</string>
  <string name="titleShowPOIsOnMap">Show on Map</string>
  <string name="navLabelTakenToast">Label already in use. Please choose another.</string>
  <string name="navSetUpWorkCard">Set Up Work</string>
  <string name="navSetUpHomeCard">Set Up Home</string>
  <string name="navDragMapUpdateAddress">Drag map to update address.</string>
  <string name="navLabelButton">Label</string>
  <string name="commonDone">Done</string>
  <string name="favoriteSaved">Favourite Saved</string>
  <string name="navHidePermanentlyText">Hide Permanently</string>
  <string name="navHiddenDestinationNotice">This location will not be shown again as a Smart Destination. You cannot undo this action.</string>
  <string name="navHideButton">Hide</string>
  <string name="navHidePermanaentlyLabel">Hide Permanently?</string>
  <string name="navChangesSavedToast">Changes Saved</string>
  <string name="annotationCVP0TimeToHome">%1$s to %2$s</string>
  <string name="buttonLearnMore">Learn More</string>
  <string name="coachTripAssist">Smart Destination shows important driving information for your usual trips.</string>
  <string name="TripAssistMessage">Smart Destination learns and predicts your favourite stops to help you get there faster without any typing.\n\nManage Smart Destination in Options &gt; Settings &gt; Predictive Navigation.</string>
  <string name="bubbleStartPoint">Starting Point</string>
  <string name="trafficEventsUnavailableTitle">Traffic Event Unavailable</string>
  <string name="trafficEventsUnavailableContent">Tether Info System to your phone to get Live Traffic.</string>
  <string name="navTollboothAhead">Tollbooth Ahead</string>
  <string name="significantTrafficDelayRerouteVars">Significant traffic delay on usual route to %1$s.\nReroute via %2$s, saving %3$s min.</string>
  <string name="MRTStationItemLabel">Underground/Tram Stations</string>
  <string name="dialogCannotRecordUnknownIssues">Unknown issues. Unable to record more routes at this time.</string>
  <string name="rerouteViaVars">%1$s in %2$s on %3$s (to %4$s)\nReroute via %5$s.</string>
  <string name="navViewPredictiveTutorial">You can view the tutorial in Settings &gt; Predictive Navigation.</string>
</resources>