<?xml version="1.0" encoding="UTF-8"?><resources>
  <string name="tacAccept">Aceptar</string>
  <string name="navAddLabelTextField">Agregue una Etiqueta (Máximo 10 caracteres)</string>
  <string name="recentEditScreenDeleteMessageText">Dirección Eliminada</string>
  <string name="navTurnImmediatelyNotice">Inmediatamente</string>
  <string name="categoryWinery">Vinotecas</string>
  <string name="carWashItemLabel">Auto Lavado</string>
  <string name="ui_nav1">Navegación</string>
  <string name="mapUpdateFailedSDCardErrorContactDealer">Su tarjeta SD está llena o dañada. Vea el Manual del Propietario para obtener más detalles o visite a su distribuidor.</string>
  <string name="navLimitNumberRecordings">No se pueden registrar más de %1$s rutas. Eliminar registros antiguos antes de crear nuevos.</string>
  <string name="navActionFailedLabel">Falló la Acción</string>
  <string name="destinationFarFromRoad">Destino Alejado del Camino</string>
  <string name="navDestinationNearby">Destino Cercano</string>
  <string name="emergencyCenterItemLabel">Centros/Salas de Emergencia</string>
  <string name="enableSmartSearchLabel">Activar para Búsqueda Inteligente y Enrutamiento</string>
  <string name="favoriteRemoved">Favorito Eliminado</string>
  <string name="commonMapServiceServiceRouteNotFound">No Se Encontró Ruta</string>
  <string name="navSetUpHomeOption">Dar de Alta Casa</string>
  <string name="navFeatureUnavailableInGuidanceToast">Función No Disponible en Modo de Orientación</string>
  <string name="sdcardNotValidForVehicleErrorMessage">Tarjeta SD no válida en este vehículo para navegación. Vea su Manual del Propietario para más detalles, o visite a su distribuidor.</string>
  <string name="snacksItemLabel">Botanas/Bebidas</string>
  <string name="dessertsBeverages">Postres/Bebidas</string>
  <string name="categoryDeliSandwiches">Deli/Sandwiches</string>
  <string name="alertMsgFrequentTrafficAccidentAhead">Accidentes Tráfico Frecuentes Adelante</string>
  <string name="ftuePrice">Obtenga actualizaciones de mapas automáticas de manera inalámbrica</string>
  <string name="ftueActiveRouting">Enrutamiento activo – Obtiene la mejor ruta dinámicamente actualizada con base en las condiciones de tráfico actual.</string>
  <string name="ftueSmartDestination">Destino Inteligente – Aprende y predice sus paradas favoritas y le muestra las mejores rutas para llegar ahí.</string>
  <string name="ftueSmartSearch">Búsqueda Inteligente – Encuentra rápidamente lugares que le interesan</string>
  <string name="ftueSkip">Saltar</string>
  <string name="mapControlInstructionZoom">Acercar</string>
  <string name="mapControlInstructionPan">Mover</string>
  <string name="mapControlInstructionPin">Fijar</string>
  <string name="mapControlInstructionRecenter">Recentrar</string>
  <string name="mapControlInstructionDismiss">Descartar</string>
  <string name="mapControlInstructionSwitch">Cambiar</string>
  <string name="mapControlInstructionSelect">Selecc.</string>
  <string name="mapControlInstructionBack">Atrás</string>
  <string name="mapControl">Control de Mapa</string>
  <string name="navTripStatsNotice">Estadísticas de Viaje</string>
  <string name="navSmartDestinationsReady">¡Sus Destinos Inteligentes están listos!</string>
  <string name="navTapCardAlternateRoutes">Toque la tarjeta para obtener rutas alternas.</string>
  <string name="navSwipeDismissCard">Deslice a la izquierda o a la derecha para descartar la tarjeta.</string>
  <string name="navSwipeMinimizeCard">Deslice hacia abajo para minimizar la tarjeta</string>
  <string name="navLongHoldEdit">Mantenga presionado para editar la tarjeta.</string>
  <string name="navFasterBubble">%1$s min\nMás Ráp.</string>
  <string name="navSimilarTimeBubble">Tiempo similar</string>
  <string name="navSlowerBubble">%1$s min\nMás Lento</string>
  <string name="navYouveArrivedNotice">Ya llegó</string>
  <string name="navDynamicDistance">%1$s mi</string>
  <string name="largeMapUpdateAvailable">Actualización Mapa Grande Disp.</string>
  <string name="downloadSizeVarDataRatesApply">El tamaño de la descarga es de aproximadamente %1$s MB. Pueden aplicar\ntarifas de datos o cargos por excedente.</string>
  <string name="massageParlorsItemLabel">Masajes</string>
  <string name="tennisItemLabel">Canchas de Tenis</string>
  <string name="golfItemLabel">Campos de Golf</string>
  <string name="categorySoccerField">Canchas de Fútbol</string>
  <string name="toastLocationMaskingOff">Enmascaramiento de Ubicación Desactivado</string>
  <string name="titleLocationMasking">Enmascaramiento de Ubicación Activado</string>
  <string name="navExitNavButton">Salir de Navegación</string>
  <string name="subContent_requestPermissions">La navegación también requiere permiso para obtener acceso a su Ubicación, Teléfono y Contactos.</string>
  <string name="navSystemSettingsGrantAccess">Por favor visite Configuración del Sistema para otorgar acceso.</string>
  <string name="mapColorSummary">Seleccione Auto para cambiar modos automáticamente con base a las condiciones de iluminación.</string>
  <string name="newLocalMapUpdateAvailable">Nueva Actualización Local Mapa Disp.</string>
  <string name="onStarDynamic">%1$s</string>
  <string name="nameAlreadyTaken">Nombre Tomado</string>
  <string name="navHighwayModeTitle">Modo Carretera</string>
  <string name="yourNavServiceRenewed">Se renovó su Servicio de Navegación.</string>
  <string name="neverCheckForBetterRoute">Nunca Buscar Mejores Rutas</string>
  <string name="askBeforeRerouting">Preguntar Antes de Redireccionar</string>
  <string name="renewSubscriptionLabel">Renovar Suscripción</string>
  <string name="restartNavSystemNotice">Debe reiniciar Nav antes de que la nueva suscripción tenga efecto. De lo contrario, la suscripción no estará disponible hasta la siguiente vez que arranque su motor.\n¿Volver a arrancar ahora?</string>
  <string name="yourSubscriptionRenewed">Se renovó su suscripción</string>
  <string name="couldNotFindChargingStation">No se pudo encontrar estación de carga eléctrica</string>
  <string name="noNearbyExits">No Hay Salidas Cerca</string>
  <string name="noExitsNearby">No hay salidas cerca.</string>
  <string name="roadTracing">Trazado de Ruta</string>
  <string name="navWarningCallNotPossible">Sin acceso a su Teléfono, Navegación no puede activar la función "Llamar".\nPara otorgar acceso, dé clic en Mostrar Permiso más adelante, o visite Configuración del Sistema.</string>
  <string name="poiBankATMsIcon">Bancos/Cajeros</string>
  <string name="poiDrink">Bebidas</string>
  <string name="dialogueContinueRecordingRoute">¿Continuar Grabación?</string>
  <string name="dialogRecordedSince">Grabado desde:\n%1$s a las %2$s</string>
  <string name="messageTotalDistanceExceed">La distancia lineal total del viaje completo no puede exceder %1$s</string>
  <string name="navTAPTCDetails">Toque para ver detalles</string>
  <string name="navSaveChangesLabel">¿Guardar Cambios?</string>
  <string name="navSaveChangesPopup">¿Guardar cambios a Destino Inteligente?</string>
  <string name="navUpdateButton">Actualizar</string>
  <string name="ftueToastTurnOnPredictiveNav">Navegación Predictiva Desactivada. Activarla en Configuración.</string>
  <string name="ftuePredictiveNavIsOn">Navegación Predictiva Activada. Desactivarla en Configuración.</string>
  <string name="dialogContentReminder">Navegación Predictiva Activada. Desactivarla en Configuración.</string>
  <string name="RecentDestinationsClearedMessage">Destinos Recientes Borrados</string>
  <string name="RecentDestinationsRestoredMessage">Destinos Recientes Restablecidos</string>
  <string name="toastRecordedRouteSaved">Ruta grabada guardada. Encuéntrela en la pantalla de Trazado de Ruta.</string>
  <string name="recordRouteDistanceSave">%1$s\n%2$s a las %3$s\nDistancia: %4$s\n¿Desea guardar?</string>
  <string name="titleRemoveDestinationWaypoint">Remover Destino/Punto Intermedio</string>
  <string name="renameYourRecordedRoute">Vuelva a nombrar su ruta registrada.</string>
  <string name="messageRestartToDismiss">Por favor reinicie la aplicación Nav para eliminar error.</string>
  <string name="restrictedRoadOnRoute">Camino Restringido en la Ruta</string>
  <string name="roadIsClosed">Camino Actualmente Cerrado</string>
  <string name="noSavedRouteYet">Aún no guarda ninguna ruta.</string>
  <string name="roadTracingDescription">El Trazado de Ruta le ayuda a registrar su ruta fuera de carretera y volver a trazar al punto de inicio.</string>
  <string name="routeTracing">Trazado de Ruta</string>
  <string name="toastRouteOptionsUncheck">Desmarque una selección y luego marque otra</string>
  <string name="routingToNearestPointToDestination">Enrutar al punto más cercano a su destino.</string>
  <string name="dialogStopRecordingMemoryDiskIsFull">Tarjeta SD Llena</string>
  <string name="dialogCannotRecordMemoryCardIsFull">Tarjeta SD llena. No se pueden grabar más rutas en este momento.</string>
  <string name="dialogueStoppedRecording">Grabación Detenida</string>
  <string name="navSDCardFullRecStopMessage">Tarjeta SD llena. Grabación Detenida.</string>
  <string name="listView">Vista Lista</string>
  <string name="SearchHistoryClearedMessage">Historial de Búsqueda Borrado</string>
  <string name="SearchHistoryRestoredMessage">Historial de Búsqueda Restablecido</string>
  <string name="shoppingLifeIcon">Compras/E. Vida</string>
  <string name="barsAsia">Bares</string>
  <string name="generalHospitals">Hospitales Generales</string>
  <string name="gradeATertiaryHospitals">Hospitales Tercer Nivel Grado A</string>
  <string name="starClassHotels">Hoteles de Clase Estrella</string>
  <string name="mapView">Vista Mapa</string>
  <string name="incrDataUpdateInProcess">Actualización de Mapa en Curso: %1$s%</string>
  <string name="poiBankATMsTitle">Bancos/Cajeros</string>
  <string name="bookStoreItemLabel">Librerías</string>
  <string name="commercialStreetItemLabel">Distritos de Compras</string>
  <string name="veterinarianItemLabel">Veterinarios</string>
  <string name="shoppingLifeTitle">Compras/Estilo de Vida</string>
  <string name="titleShowPOIsOnMap">Mostrar en mapa</string>
  <string name="navLabelTakenToast">Etiqueta tomada. Por favor elija otra.</string>
  <string name="navSetUpWorkCard">Dar de Alta Trabajo</string>
  <string name="navSetUpHomeCard">Dar de Alta Casa</string>
  <string name="navDragMapUpdateAddress">Arrastre mapa para actual. direcc.</string>
  <string name="navLabelButton">Etiqueta</string>
  <string name="commonDone">Hecho</string>
  <string name="favoriteSaved">Favorito guardado</string>
  <string name="navHidePermanentlyText">Ocultar Permanentemente</string>
  <string name="navHiddenDestinationNotice">Esta ubicación ya no se mostrará como Destino Inteligente. Esta acción no puede deshacerse.</string>
  <string name="navHideButton">Ocultar</string>
  <string name="navHidePermanaentlyLabel">¿Ocultar Permanentemente?</string>
  <string name="navChangesSavedToast">Cambios Guardados</string>
  <string name="annotationCVP0TimeToHome">%1$s a %2$s</string>
  <string name="buttonLearnMore">Conocer Más</string>
  <string name="coachTripAssist">Destino Inteligente muestra información importante de conducción para sus viajes usuales</string>
  <string name="TripAssistMessage">Destino Inteligente aprende y predice sus paradas favoritas para ayudarle a llegar ahí más rápido y sin teclear.\n\nAdministre Destino Inteligente en Opciones &gt; Configuración &gt; Navegación Predictiva</string>
  <string name="bubbleStartPoint">Punto de Inicio</string>
  <string name="trafficEventsUnavailableTitle">Evento de Tráfico No Disponible</string>
  <string name="trafficEventsUnavailableContent">Conecte el Sistema de Información a su teléfono para obtener Tráfico en Vivo.</string>
  <string name="navTollboothAhead">Caseta de Cobro Adelante</string>
  <string name="significantTrafficDelayRerouteVars">Demora de tráfico significativa en la ruta usual a %1$s\nRedirigirse por %2$s, ahorre %3$s min.</string>
  <string name="MRTStationItemLabel">Estaciones de Metro/Tren Ligero</string>
  <string name="dialogCannotRecordUnknownIssues">Problemas desconocidos. No se pueden grabar más rutas en este momento.</string>
  <string name="rerouteViaVars">%1$s en %2$s sobre %3$s (a %4$s)\nRedirigirse por %5$s.</string>
  <string name="navViewPredictiveTutorial">Puede ver el tutorial en Configuración &gt; Navegación Predictiva</string>
</resources>