<?xml version="1.0" encoding="UTF-8"?><resources>
  <string name="tacAccept">ยอมรับ</string>
  <string name="navAddLabelTextField">เพิ่มป้าย (สูงสุด 10 อักขระ)</string>
  <string name="recentEditScreenDeleteMessageText">ลบที่อยู่แล้ว</string>
  <string name="navTurnImmediatelyNotice">ทันที</string>
  <string name="categoryWinery">โรงบ่มไวน์</string>
  <string name="carWashItemLabel">บริการล้างรถ</string>
  <string name="ui_nav1">ระบบนำทาง</string>
  <string name="mapUpdateFailedSDCardErrorContactDealer">การ์ด SD ของคุณเต็มแล้วหรือชำรุดเสียหาย สำหรับรายละเอียดเพิ่มเติม โปรดดูในคู่มือเจ้าของรถ หรือไปที่ตัวแทนจำหน่ายของคุณ</string>
  <string name="navLimitNumberRecordings">ไม่สามารถบันทึกเส้นทางมากกว่า %1$s เส้นทาง ลบการบันทึกเส้นทางเก่าออกก่อนที่จะสร้างการบันทึกเส้นทางใหม่</string>
  <string name="navActionFailedLabel">การดำเนินการล้มเหลว</string>
  <string name="destinationFarFromRoad">จุดหมายปลายทางอยู่ไกลจากถนน</string>
  <string name="navDestinationNearby">บริเวณใกล้กับจุดหมายปลายทาง</string>
  <string name="emergencyCenterItemLabel">ห้องพยาบาล/ศูนย์การแพทย์ฉุกเฉิน</string>
  <string name="enableSmartSearchLabel">เปิดการค้นหาและการกำหนดเส้นทางแบบสมาร์ท</string>
  <string name="favoriteRemoved">ลบสถานที่โปรดแล้ว</string>
  <string name="commonMapServiceServiceRouteNotFound">ไม่พบเส้นทาง</string>
  <string name="navSetUpHomeOption">กำหนดตำแหน่งของบ้าน</string>
  <string name="navFeatureUnavailableInGuidanceToast">ไม่สามารถใช้คุณสมบัตินี้ได้ในโหมดการแนะนำเส้นทาง</string>
  <string name="sdcardNotValidForVehicleErrorMessage">การ์ด SD นี้ไม่สามารถใช้ได้กับระบบนำทางในรถคันนี้ สำหรับรายละเอียดเพิ่มเติม โปรดดูในคู่มือเจ้าของรถ หรือไปที่ตัวแทนจำหน่ายของคุณ</string>
  <string name="snacksItemLabel">ขนม/เครื่องดื่ม</string>
  <string name="dessertsBeverages">ของหวาน/เครื่องดื่ม</string>
  <string name="categoryDeliSandwiches">อาหารสำเร็จรูป/แซนด์วิช</string>
  <string name="alertMsgFrequentTrafficAccidentAhead">บริเวณที่เกิดอุบัติเหตุจราจรบ่อยครั้งข้างหน้า</string>
  <string name="ftuePrice">รับการอัพเดตแผนที่โดยอัตโนมัติในแบบไร้สาย</string>
  <string name="ftueActiveRouting">การกำหนดเส้นทางแบบแอคทีฟ - รับเส้นทางที่ดีที่สุดที่มีการอัพเดตตลอดเวลาโดยอ้างอิงตามสภาพถนนในปัจจุบัน</string>
  <string name="ftueSmartDestination">จุดหมายปลายทางแบบสมาร์ท - เรียนรู้และคาดการณ์สถานที่โปรดของคุณ และแสดงเส้นทางที่ดีที่สุดไปยังที่นั่น</string>
  <string name="ftueSmartSearch">การค้นหาแบบสมาร์ท - ค้นหาสถานที่ต่างๆ ที่คุณสนใจอย่างรวดเร็ว</string>
  <string name="ftueSkip">ข้าม</string>
  <string name="mapControlInstructionZoom">ย่อ/ขยาย</string>
  <string name="mapControlInstructionPan">เลื่อน</string>
  <string name="mapControlInstructionPin">ปักหมุด</string>
  <string name="mapControlInstructionRecenter">กลับที่เดิม</string>
  <string name="mapControlInstructionDismiss">ปิด</string>
  <string name="mapControlInstructionSwitch">เปลี่ยน</string>
  <string name="mapControlInstructionSelect">เลือก</string>
  <string name="mapControlInstructionBack">ย้อนกลับ</string>
  <string name="mapControl">ตัวควบคุมแผนที่</string>
  <string name="navTripStatsNotice">สถิติของการเดินทาง</string>
  <string name="navSmartDestinationsReady">จุดหมายปลายทางแบบสมาร์ทของคุณพร้อมใช้งานแล้ว!</string>
  <string name="navTapCardAlternateRoutes">แตะที่การ์ดเพื่อรับเส้นทางอื่น</string>
  <string name="navSwipeDismissCard">ปัดนิ้วไปทางด้านซ้ายหรือด้านขวาเพื่อปิดการ์ด</string>
  <string name="navSwipeMinimizeCard">ปัดนิ้วลงด้านล่างเพื่อย่อการ์ดลงเล็กสุด</string>
  <string name="navLongHoldEdit">แตะค้างไว้เพื่อแก้ไขการ์ด</string>
  <string name="navFasterBubble">เร็วขึ้น\n%1$s นาที</string>
  <string name="navSimilarTimeBubble">ใช้เวลาใกล้เคียงกัน</string>
  <string name="navSlowerBubble">ช้าลง\n%1$s นาที</string>
  <string name="navYouveArrivedNotice">คุณถึงที่หมายแล้ว</string>
  <string name="navDynamicDistance">%1$s mi</string>
  <string name="largeMapUpdateAvailable">มีการอัพเดตแผนที่ขนาดใหญ่พร้อมใช้งานแล้ว</string>
  <string name="downloadSizeVarDataRatesApply">การดาวน์โหลดมีขนาดประมาณ %1$s MB\nอาจมีการคิดค่าใช้จ่ายสำหรับการใช้ข้อมูล และ/หรือ ข้อมูลส่วนเกิน</string>
  <string name="massageParlorsItemLabel">ร้านนวด</string>
  <string name="tennisItemLabel">สนามเทนนิส</string>
  <string name="golfItemLabel">สนามกอล์ฟ</string>
  <string name="categorySoccerField">สนามฟุตบอล</string>
  <string name="toastLocationMaskingOff">การซ่อนตำแหน่งปิดทำงาน</string>
  <string name="titleLocationMasking">การซ่อนตำแหน่งเปิดทำงาน</string>
  <string name="navExitNavButton">ออกจากการนำทาง</string>
  <string name="subContent_requestPermissions">นอกจากนี้ ระบบนำทางยังจำเป็นต้องได้รับอนุญาตให้เข้าถึงตำแหน่ง, โทรศัพท์ และรายชื่อผู้ติดต่อของคุณด้วย</string>
  <string name="navSystemSettingsGrantAccess">โปรดไปที่ 'การตั้งค่าระบบ' เพื่ออนุญาตการเข้าถึง</string>
  <string name="mapColorSummary">เลือก 'อัตโนมัติ' เพื่อเปลี่ยนโหมดโดยอัตโนมัติตามสภาพแสง</string>
  <string name="newLocalMapUpdateAvailable">มีการอัพเดตแผนที่ในท้องถิ่นชุดใหม่แล้ว</string>
  <string name="onStarDynamic">%1$s</string>
  <string name="nameAlreadyTaken">ชื่อนี้ถูกใช้ไปแล้ว</string>
  <string name="navHighwayModeTitle">โหมดทางหลวง</string>
  <string name="yourNavServiceRenewed">บริการระบบนำทางของคุณได้รับการต่ออายุแล้ว</string>
  <string name="neverCheckForBetterRoute">ไม่ต้องค้นหาเส้นทางที่ดีกว่า</string>
  <string name="askBeforeRerouting">ถามก่อนที่จะเปลี่ยนเส้นทาง</string>
  <string name="renewSubscriptionLabel">ต่ออายุการเป็นสมาชิก</string>
  <string name="restartNavSystemNotice">คุณจะต้องเริ่มการทำงานของระบบนำทางใหม่ก่อนที่การเป็นสมาชิกใหม่จะมีผลใช้ ไม่เช่นนั้นแล้ว การเป็นสมาชิกจะไม่พร้อมใช้งานจนกว่าคุณจะสตาร์ทเครื่องยนต์ครั้งถัดไป\nเริ่มการทำงานใหม่หรือไม่</string>
  <string name="yourSubscriptionRenewed">การเป็นสมาชิกของคุณได้รับการต่ออายุแล้ว</string>
  <string name="couldNotFindChargingStation">ไม่พบสถานีชาร์จ</string>
  <string name="noNearbyExits">ไม่มีทางออกในบริเวณใกล้เคียง</string>
  <string name="noExitsNearby">ไม่มีทางออกในบริเวณใกล้เคียง</string>
  <string name="roadTracing">การบันทึกเส้นทาง</string>
  <string name="navWarningCallNotPossible">ถ้าไม่สามารถเข้าถึงโทรศัพท์ของคุณได้ ระบบนำทางจะไม่สามารถเปิดใช้งานคุณสมบัติ "การโทร" ได้ ในการอนุญาตให้ใช้นี้ ให้คลิก 'แสดงการอนุญาต' ที่ด้านล่างนี้ หรือไปที่ 'การตั้งค่าระบบ'</string>
  <string name="poiBankATMsIcon">ธนาคาร/เอทีเอ็ม</string>
  <string name="poiDrink">ร้านเครื่องดื่ม</string>
  <string name="dialogueContinueRecordingRoute">บันทึกต่อหรือไม่</string>
  <string name="dialogRecordedSince">บันทึกตั้งแต่:\n%1$s เมื่อ %2$s</string>
  <string name="messageTotalDistanceExceed">ระยะทางแบบเชิงเส้นรวมทั้งหมดของการเดินทางทั้งทริปจะต้องไม่เกิน %1$s</string>
  <string name="navTAPTCDetails">แตะเพื่อดูรายละเอียด</string>
  <string name="navSaveChangesLabel">บันทึกการเปลี่ยนแปลงหรือไม่</string>
  <string name="navSaveChangesPopup">บันทึกการเปลี่ยนแปลงลงในจุดหมายปลายทางแบบสมาร์ทหรือไม่</string>
  <string name="navUpdateButton">อัพเดต</string>
  <string name="ftueToastTurnOnPredictiveNav">Predictive Navigation ปิดทำงานอยู่ เปิดการทำงานของฟังก์ชันนี้ใน 'การตั้งค่า'</string>
  <string name="ftuePredictiveNavIsOn">Predictive Navigation เปิดทำงานอยู่ ปิดการทำงานของฟังก์ชันนี้ใน 'การตั้งค่า'</string>
  <string name="dialogContentReminder">Predictive Navigation เปิดทำงานอยู่ ปิดการทำงานของฟังก์ชันนี้ใน 'การตั้งค่า'</string>
  <string name="RecentDestinationsClearedMessage">ล้างข้อมูลจุดหมายปลายทางล่าสุดแล้ว</string>
  <string name="RecentDestinationsRestoredMessage">กู้คืนจุดหมายปลายทางล่าสุดแล้ว</string>
  <string name="toastRecordedRouteSaved">เก็บบันทึกเส้นทางที่บันทึกไว้แล้ว คุณสามารถค้นหาเส้นทางนี้ได้ในหน้าจอ 'การบันทึกเส้นทาง'</string>
  <string name="recordRouteDistanceSave">%1$s\n%2$s เมื่อ %3$s\nระยะทาง: %4$s\nคุณต้องการบันทึกหรือไม่</string>
  <string name="titleRemoveDestinationWaypoint">ลบจุดหมายปลายทาง/จุดผ่าน</string>
  <string name="renameYourRecordedRoute">เปลี่ยนชื่อเส้นทางที่บันทึกไว้ของคุณ</string>
  <string name="messageRestartToDismiss">โปรดเริ่มการทำงานของแอพระบบนำทางใหม่เพื่อยกเลิกข้อผิดพลาด</string>
  <string name="restrictedRoadOnRoute">มีถนนที่ถูกจำกัดไว้อยู่ในเส้นทาง</string>
  <string name="roadIsClosed">ถนนปิดอยู่ในขณะนี้</string>
  <string name="noSavedRouteYet">คุณยังไม่ได้บันทึกเส้นทางใดๆ ไว้</string>
  <string name="roadTracingDescription">การบันทึกเส้นทางจะช่วยคุณในการบันทึกเส้นทางออฟโรดของคุณ และสามารถย้อนเส้นทางกลับไปยังจุดเริ่มต้นได้</string>
  <string name="routeTracing">การบันทึกเส้นทาง</string>
  <string name="toastRouteOptionsUncheck">ยกเลิกการเลือกเดิม จากนั้นเลือกใหม่</string>
  <string name="routingToNearestPointToDestination">กำลังกำหนดเส้นทางไปยังจุดที่ใกล้กับจุดหมายของคุณที่สุด</string>
  <string name="dialogStopRecordingMemoryDiskIsFull">การ์ด SD เต็มแล้ว</string>
  <string name="dialogCannotRecordMemoryCardIsFull">การ์ด SD เต็มแล้ว ไม่สามารถบันทึกเส้นทางเพิ่มอีกได้ในตอนนี้</string>
  <string name="dialogueStoppedRecording">หยุดการบันทึกแล้ว</string>
  <string name="navSDCardFullRecStopMessage">การ์ด SD เต็ม หยุดการบันทึกแล้ว</string>
  <string name="listView">แบบรายการ</string>
  <string name="SearchHistoryClearedMessage">ล้างข้อมูลประวัติการค้นหาแล้ว</string>
  <string name="SearchHistoryRestoredMessage">กู้คืนประวัติการค้นหาแล้ว</string>
  <string name="shoppingLifeIcon">ช้อปปิ้ง/ไลฟ์สไตล์</string>
  <string name="barsAsia">บาร์</string>
  <string name="generalHospitals">โรงพยาบาลทั่วไป</string>
  <string name="gradeATertiaryHospitals">โรงพยาบาลระดับเกรด A</string>
  <string name="starClassHotels">โรงแรมระดับมีดาว</string>
  <string name="mapView">มุมมองแผนที่</string>
  <string name="incrDataUpdateInProcess">กำลังทำการอัพเดตแผนที่: %1$s%</string>
  <string name="poiBankATMsTitle">ธนาคาร/เอทีเอ็ม</string>
  <string name="bookStoreItemLabel">ร้านหนังสือ</string>
  <string name="commercialStreetItemLabel">แหล่งช้อปปิ้ง</string>
  <string name="veterinarianItemLabel">สัตวแพทย์</string>
  <string name="shoppingLifeTitle">ช้อปปิ้ง/ไลฟ์สไตล์</string>
  <string name="titleShowPOIsOnMap">แสดงบนแผนที่</string>
  <string name="navLabelTakenToast">ป้ายนี้ถูกใช้ไปแล้ว โปรดเลือกป้ายอื่น</string>
  <string name="navSetUpWorkCard">กำหนดตำแหน่งที่ทำงาน</string>
  <string name="navSetUpHomeCard">กำหนดตำแหน่งของบ้าน</string>
  <string name="navDragMapUpdateAddress">ลากแผนที่เพื่ออัพเดตที่อยู่</string>
  <string name="navLabelButton">ป้าย</string>
  <string name="commonDone">เสร็จแล้ว</string>
  <string name="favoriteSaved">บันทึกสถานที่โปรดแล้ว</string>
  <string name="navHidePermanentlyText">ซ่อนอย่างถาวร</string>
  <string name="navHiddenDestinationNotice">ตำแหน่งนี้จะไม่แสดงขึ้นเป็นจุดหมายปลายทางแบบสมาร์ทอีกต่อไป คุณไม่สามารถยกเลิกการดำเนินการนี้ได้</string>
  <string name="navHideButton">ซ่อน</string>
  <string name="navHidePermanaentlyLabel">ซ่อนอย่างถาวรหรือไม่</string>
  <string name="navChangesSavedToast">บันทึกการเปลี่ยนแปลงแล้ว</string>
  <string name="annotationCVP0TimeToHome">%1$s ถึง %2$s</string>
  <string name="buttonLearnMore">เรียนรู้เพิ่มเติม</string>
  <string name="coachTripAssist">จุดหมายปลายทางแบบสมาร์ทจะแสดงข้อมูลการขับขี่ที่สำคัญสำหรับการเดินทางประจำของคุณ</string>
  <string name="TripAssistMessage">จุดหมายปลายทางแบบสมาร์ทจะเรียนรู้และคาดการณ์สถานที่โปรดที่คุณไปบ่อย เพื่อช่วยให้คุณไปถึงที่นั่นได้เร็วขึ้น โดยไม่จำเป็นต้องทำการพิมพ์ใดๆ\n\nจัดการจุดหมายปลายทางแบบสมาร์ทใน ตัวเลือก &gt; การตั้งค่า &gt; Predictive Navigation</string>
  <string name="bubbleStartPoint">จุดเริ่มต้น</string>
  <string name="trafficEventsUnavailableTitle">แจ้งเตือนการจราจรไม่สามารถใช้งานได้</string>
  <string name="trafficEventsUnavailableContent">เชื่อมโยงระบบข้อมูลเข้ากับโทรศัพท์ของคุณเพื่อรับข้อมูลการจราจรในเวลาจริง</string>
  <string name="navTollboothAhead">ด่านเก็บค่าผ่านทางอยู่ข้างหน้า</string>
  <string name="significantTrafficDelayRerouteVars">การจราจรติดขัดอย่างมากบนเส้นทางที่ใช้เป็นประจำไปยัง %1$s\nเปลี่ยนเส้นทางเป็นขับผ่านทาง %2$s ประหยัดเวลาได้ %3$s นาที</string>
  <string name="MRTStationItemLabel">สถานีรถไฟใต้ดิน/รถไฟฟ้า</string>
  <string name="dialogCannotRecordUnknownIssues">ปัญหาที่ไม่ทราบสาเหตุ ไม่สามารถบันทึกเส้นทางเพิ่มได้ในตอนนี้</string>
  <string name="rerouteViaVars">%1$s ในอีก %2$s บน %3$s (ไปยัง %4$s)\nเปลี่ยนเส้นทางใหม่เป็นขับผ่านทาง %5$s</string>
  <string name="navViewPredictiveTutorial">คุณสามารถดูการสอนการใช้งานได้จาก การตั้งค่า &gt; Predictive Navigation</string>
</resources>