<?xml version="1.0" encoding="UTF-8"?><resources>
  <string name="tacAccept">Aceitar</string>
  <string name="navAddLabelTextField">Adicionar etiqueta (Máx. 10 carateres)</string>
  <string name="recentEditScreenDeleteMessageText">Endereço eliminado</string>
  <string name="navTurnImmediatelyNotice">Imediatamente</string>
  <string name="categoryWinery">Adegas</string>
  <string name="carWashItemLabel">Lavagem automática</string>
  <string name="ui_nav1">Nav</string>
  <string name="mapUpdateFailedSDCardErrorContactDealer">Cartão SD cheio ou danificado. Consulte o Manual de Instruções para obter detalhes ou visite o seu concessionário.</string>
  <string name="navLimitNumberRecordings">Não é possível gravar mais de %1$s trajetos. Elimine gravações antigas antes de criar novos trajetos.</string>
  <string name="navActionFailedLabel">Ação falhada</string>
  <string name="destinationFarFromRoad">Destino longe da estrada</string>
  <string name="navDestinationNearby">Destino próximo</string>
  <string name="emergencyCenterItemLabel">Centros de emergência/Urgências</string>
  <string name="enableSmartSearchLabel">Ativar Pesquisa inteligente e Trajeto</string>
  <string name="favoriteRemoved">Favorito removido</string>
  <string name="commonMapServiceServiceRouteNotFound">Trajeto não encontrado</string>
  <string name="navSetUpHomeOption">Configurar casa</string>
  <string name="navFeatureUnavailableInGuidanceToast">Funcionalidade indisponível no modo Guia</string>
  <string name="sdcardNotValidForVehicleErrorMessage">Cartão SD inválido neste veículo para navegação. Consulte o Manual de Instruções para obter detalhes ou visite o concessionário.</string>
  <string name="snacksItemLabel">Snacks/Bebidas</string>
  <string name="dessertsBeverages">Sobremesas/Bebidas</string>
  <string name="categoryDeliSandwiches">Lojas gourmet/Casas de sandes</string>
  <string name="alertMsgFrequentTrafficAccidentAhead">Acidentes de trânsito frequentes à frente</string>
  <string name="ftuePrice">Obter atualizações do mapa automáticas pelo ar</string>
  <string name="ftueActiveRouting">Trajeto ativo - Obtém o melhor trajeto atualizado dinamicamente com base nas condições atuais da estrada</string>
  <string name="ftueSmartDestination">Destino inteligente - Aprende e prevê as paragens favoritas e mostra os melhores trajetos para chegar lá</string>
  <string name="ftueSmartSearch">Pesquisa inteligente - Localiza rapidamente locais pretendidos</string>
  <string name="ftueSkip">Ignorar</string>
  <string name="mapControlInstructionZoom">Zoom</string>
  <string name="mapControlInstructionPan">Panorama</string>
  <string name="mapControlInstructionPin">Pino</string>
  <string name="mapControlInstructionRecenter">Recentrar</string>
  <string name="mapControlInstructionDismiss">Ignorar</string>
  <string name="mapControlInstructionSwitch">Alternar</string>
  <string name="mapControlInstructionSelect">Selecionar</string>
  <string name="mapControlInstructionBack">Anterior</string>
  <string name="mapControl">Controlo do mapa</string>
  <string name="navTripStatsNotice">Estatísticas</string>
  <string name="navSmartDestinationsReady">Os Destinos inteligentes estão preparados!</string>
  <string name="navTapCardAlternateRoutes">Toque no cartão para alternar trajetos.</string>
  <string name="navSwipeDismissCard">Desloque para a esquerda ou para a direita para ignorar o cartão.</string>
  <string name="navSwipeMinimizeCard">Desloque para baixo para minimizar cartão</string>
  <string name="navLongHoldEdit">Prima longamente para editar o cartão.</string>
  <string name="navFasterBubble">%1$s min\n+ rápido</string>
  <string name="navSimilarTimeBubble">Tempo similar</string>
  <string name="navSlowerBubble">%1$s min\n+ lento</string>
  <string name="navYouveArrivedNotice">Chegou</string>
  <string name="navDynamicDistance">%1$s mi</string>
  <string name="largeMapUpdateAvailable">Grande atualização mapas disponível</string>
  <string name="downloadSizeVarDataRatesApply">O tamanho da transferência é cerca de %1$sMB.\nTaxas aplicáveis - dados e excedentes.</string>
  <string name="massageParlorsItemLabel">Gabinetes de massagem</string>
  <string name="tennisItemLabel">Campos de ténis</string>
  <string name="golfItemLabel">Campos de golfe</string>
  <string name="categorySoccerField">Campos de futebol</string>
  <string name="toastLocationMaskingOff">Ocultação de localização desligada</string>
  <string name="titleLocationMasking">Ocultação de localização ligada</string>
  <string name="navExitNavButton">Sair Nav</string>
  <string name="subContent_requestPermissions">A Navegação também requer autorização para aceder à Localização, Telefone e Contactos.</string>
  <string name="navSystemSettingsGrantAccess">Visite as Definições de sistema para conceder acesso.</string>
  <string name="mapColorSummary">Selecione Auto para mudar modos automaticamente com base nas condições de iluminação.</string>
  <string name="newLocalMapUpdateAvailable">Nova atualiz. mapa local disponível</string>
  <string name="onStarDynamic">%1$s</string>
  <string name="nameAlreadyTaken">Nome duplicado</string>
  <string name="navHighwayModeTitle">Modo Autoestrada</string>
  <string name="yourNavServiceRenewed">O Serviço de navegação foi renovado.</string>
  <string name="neverCheckForBetterRoute">Nunca procurar melhores trajetos</string>
  <string name="askBeforeRerouting">Perguntar antes de reencaminhar</string>
  <string name="renewSubscriptionLabel">Renovar subscrição</string>
  <string name="restartNavSystemNotice">Tem de reiniciar Nav antes da nova subscrição entrar em vigor. Caso contrário, a subscrição não estará disponível até voltar a ligar o motor.\nReiniciar agora?</string>
  <string name="yourSubscriptionRenewed">A subscrição foi renovada.</string>
  <string name="couldNotFindChargingStation">Não foi possível encontrar ponto de carregamento</string>
  <string name="noNearbyExits">Sem saídas próximas</string>
  <string name="noExitsNearby">Sem saídas próximas.</string>
  <string name="roadTracing">Registo de trajeto</string>
  <string name="navWarningCallNotPossible">Sem acesso ao telefone, a Navegação não consegue aceder à função "Telefonar".\nPara conceder acesso, clique em Mostrar permissão abaixo, ou visite as Definições de sistema.</string>
  <string name="poiBankATMsIcon">Bancos/Cx. ATM</string>
  <string name="poiDrink">Bares</string>
  <string name="dialogueContinueRecordingRoute">Continuar a gravação?</string>
  <string name="dialogRecordedSince">Gravação desde:\n%1$s às %2$s</string>
  <string name="messageTotalDistanceExceed">A distância linear total da viagem completa não pode exceder %1$s.</string>
  <string name="navTAPTCDetails">Toque para ver detalhes</string>
  <string name="navSaveChangesLabel">Guardar alterações?</string>
  <string name="navSaveChangesPopup">Guardar alterações para Destino inteligente?</string>
  <string name="navUpdateButton">Atualizar</string>
  <string name="ftueToastTurnOnPredictiveNav">Navegação preditiva desligada. Toque em Ligar nas Definições.</string>
  <string name="ftuePredictiveNavIsOn">Navegação preditiva ligada. Toque em Desligar nas Definições.</string>
  <string name="dialogContentReminder">Navegação preditiva ligada. Toque em Desligar nas Definições.</string>
  <string name="RecentDestinationsClearedMessage">Destinos recentes apagados</string>
  <string name="RecentDestinationsRestoredMessage">Destinos recentes restaurados</string>
  <string name="toastRecordedRouteSaved">Trajeto gravado guardado. Localize-o no Registo do trajeto.</string>
  <string name="recordRouteDistanceSave">%1$s\n%2$s às %3$s\nDistância: %4$s\nPretende guardar?</string>
  <string name="titleRemoveDestinationWaypoint">Remover destino/ponto de passagem</string>
  <string name="renameYourRecordedRoute">Mude o nome do trajeto gravado.</string>
  <string name="messageRestartToDismiss">Reinicie a aplicação Nav para ignorar erro.</string>
  <string name="restrictedRoadOnRoute">Estrada restrita no trajeto</string>
  <string name="roadIsClosed">Estrada atualmente fechada</string>
  <string name="noSavedRouteYet">Ainda não guardou quaisquer trajetos.</string>
  <string name="roadTracingDescription">O Registo do trajeto ajuda-o a gravar o trajeto fora de estrada e permite voltar ao ponto inicial.</string>
  <string name="routeTracing">Registo do trajeto</string>
  <string name="toastRouteOptionsUncheck">Anule uma seleção para poder fazer outra</string>
  <string name="routingToNearestPointToDestination">Trajeto para o ponto mais próximo para o destino.</string>
  <string name="dialogStopRecordingMemoryDiskIsFull">Cartão SD cheio</string>
  <string name="dialogCannotRecordMemoryCardIsFull">Cartão SD cheio. Não pode gravar mais trajetos agora.</string>
  <string name="dialogueStoppedRecording">Gravação parada</string>
  <string name="navSDCardFullRecStopMessage">Cartão SD cheio. Gravação parada.</string>
  <string name="listView">Vista lista</string>
  <string name="SearchHistoryClearedMessage">Histórico de pesquisa apagado</string>
  <string name="SearchHistoryRestoredMessage">Histórico de pesquisa restaurado</string>
  <string name="shoppingLifeIcon">Cent. com./Bout.</string>
  <string name="barsAsia">Bares</string>
  <string name="generalHospitals">Hospitais centrais</string>
  <string name="gradeATertiaryHospitals">Hospitais distritais</string>
  <string name="starClassHotels">Hotéis de 3-5 estrelas</string>
  <string name="mapView">Vista mapa</string>
  <string name="incrDataUpdateInProcess">Atualização de mapas em progresso: %1$s%</string>
  <string name="poiBankATMsTitle">Bancos/Caixas ATM</string>
  <string name="bookStoreItemLabel">Livrarias</string>
  <string name="commercialStreetItemLabel">Áreas comerciais</string>
  <string name="veterinarianItemLabel">Clínicas veterinárias</string>
  <string name="shoppingLifeTitle">Centros comerciais/Boutiques</string>
  <string name="titleShowPOIsOnMap">Mostrar no mapa</string>
  <string name="navLabelTakenToast">Etiqueta duplicada. Selecione outra.</string>
  <string name="navSetUpWorkCard">Configurar trabalho</string>
  <string name="navSetUpHomeCard">Configurar casa</string>
  <string name="navDragMapUpdateAddress">Arrastar mapa p/ atualizar ender.</string>
  <string name="navLabelButton">Etiqueta</string>
  <string name="commonDone">Concluído</string>
  <string name="favoriteSaved">Favorito guardado</string>
  <string name="navHidePermanentlyText">Ocultar permanentemente</string>
  <string name="navHiddenDestinationNotice">Esta localização não aparece novamente como um Destino inteligente. Não pode anular esta ação.</string>
  <string name="navHideButton">Ocultar</string>
  <string name="navHidePermanaentlyLabel">Ocultar permanentemente?</string>
  <string name="navChangesSavedToast">Alterações guardadas</string>
  <string name="annotationCVP0TimeToHome">%1$s para %2$s</string>
  <string name="buttonLearnMore">Saber mais</string>
  <string name="coachTripAssist">O Destino inteligente mostra informações de condução importantes para as suas viagens usuais</string>
  <string name="TripAssistMessage">O Destino inteligente aprende e prevê as suas paragens favoritas para o ajudar a chegar mais depressa sem digitar mais nada.\n\nGira o Destino inteligente em Opções &gt; Definições &gt; Navegação preditiva.</string>
  <string name="bubbleStartPoint">Ponto inicial</string>
  <string name="trafficEventsUnavailableTitle">Evento de trânsito indisponível</string>
  <string name="trafficEventsUnavailableContent">Coloque o Sistema de informações no telemóvel para obter o Trânsito em direto.</string>
  <string name="navTollboothAhead">Portagem à frente</string>
  <string name="significantTrafficDelayRerouteVars">Atraso significativo no trajeto usual para %1$s.\nDesvie pela %2$s, guarde %3$s min.</string>
  <string name="MRTStationItemLabel">Estações de metro</string>
  <string name="dialogCannotRecordUnknownIssues">Problemas desconhecidos. Não pode gravar mais trajetos agora.</string>
  <string name="rerouteViaVars">%1$s daqui a %2$s na %3$s (até à %4$s)\nDesvie pela %5$s.</string>
  <string name="navViewPredictiveTutorial">Pode ver o tutorial a partir de Definições &gt; Navegação preditiva</string>
</resources>