<?xml version="1.0" encoding="UTF-8"?><resources>
  <string name="tacAccept">Godkänn</string>
  <string name="navAddLabelTextField">Lägg till en etikett (max 10 tecken)</string>
  <string name="recentEditScreenDeleteMessageText">Adress raderad</string>
  <string name="navTurnImmediatelyNotice">Omedelbart</string>
  <string name="categoryWinery">Vingårdar</string>
  <string name="carWashItemLabel">Biltvätt</string>
  <string name="ui_nav1">Nav</string>
  <string name="mapUpdateFailedSDCardErrorContactDealer">SD-kortet är fullt eller skadat. Se Läs mer i instruktionsboken eller besök återförsäljaren.</string>
  <string name="navLimitNumberRecordings">Det går inte att spela in fler än %1$s rutter. Ta bort gamla inspelningar innan du skapar nya.</string>
  <string name="navActionFailedLabel">Åtgärden misslyckades</string>
  <string name="destinationFarFromRoad">Destinationen ligger långt bort från vägen</string>
  <string name="navDestinationNearby">Destination nära</string>
  <string name="emergencyCenterItemLabel">Akutmottagningar</string>
  <string name="enableSmartSearchLabel">Aktivera för smartsökning och guidning</string>
  <string name="favoriteRemoved">Favoriten har tagits bort</string>
  <string name="commonMapServiceServiceRouteNotFound">Rutten hittades inte</string>
  <string name="navSetUpHomeOption">Ställ in Hem</string>
  <string name="navFeatureUnavailableInGuidanceToast">Funktionen är inte tillgänglig i guidningsläge </string>
  <string name="sdcardNotValidForVehicleErrorMessage">SD-kortet är inte giltigt i det här fordonet för navigation. Läs mer i instruktionsboken eller kontakta återförsäljaren.</string>
  <string name="snacksItemLabel">Snacks/drycker</string>
  <string name="dessertsBeverages">Desserter/drycker</string>
  <string name="categoryDeliSandwiches">Deli/smörgåsar</string>
  <string name="alertMsgFrequentTrafficAccidentAhead">Olycksdrabbat område</string>
  <string name="ftuePrice">Få kartuppdateringar automatiskt</string>
  <string name="ftueActiveRouting">Aktiv guidning – få den bästa rutten dynamiskt uppdaterad baserat på aktuella vägförhållanden</string>
  <string name="ftueSmartDestination">Smart destination – lär sig och förutsäger dina favoritstopp och visar dig de bästa vägarna dit</string>
  <string name="ftueSmartSearch">Smart sökning – hitta snabbt platser du är intresserad av</string>
  <string name="ftueSkip">Hoppa över</string>
  <string name="mapControlInstructionZoom">Zooma</string>
  <string name="mapControlInstructionPan">Panorera</string>
  <string name="mapControlInstructionPin">Markera</string>
  <string name="mapControlInstructionRecenter">Centrera</string>
  <string name="mapControlInstructionDismiss">Avvisa</string>
  <string name="mapControlInstructionSwitch">Växla</string>
  <string name="mapControlInstructionSelect">Välj</string>
  <string name="mapControlInstructionBack">Tillbaka</string>
  <string name="mapControl">Kartkontroll</string>
  <string name="navTripStatsNotice">Resestatistik</string>
  <string name="navSmartDestinationsReady">Dina smarta destinationer är klara!</string>
  <string name="navTapCardAlternateRoutes">Tryck på kortet för att visa alternativa rutter.</string>
  <string name="navSwipeDismissCard">Svep vänster eller höger för att avvisa kortet.</string>
  <string name="navSwipeMinimizeCard">Svep ner för att minimera kortet</string>
  <string name="navLongHoldEdit">Håll in för att redigera kortet.</string>
  <string name="navFasterBubble">%1$s min\nsnabbare</string>
  <string name="navSimilarTimeBubble">Liknande tid</string>
  <string name="navSlowerBubble">%1$s min\nlängre</string>
  <string name="navYouveArrivedNotice">Du är framme</string>
  <string name="navDynamicDistance">%1$s mi</string>
  <string name="largeMapUpdateAvailable">Stor kartuppdatering tillgänglig</string>
  <string name="downloadSizeVarDataRatesApply">Nedladdningsstorleken är ca %1$sMB.\nDatakostnader kan tillkomma.</string>
  <string name="massageParlorsItemLabel">Massage</string>
  <string name="tennisItemLabel">Tennisbanor</string>
  <string name="golfItemLabel">Golfbanor</string>
  <string name="categorySoccerField">Fotbollsplaner</string>
  <string name="toastLocationMaskingOff">Platsmaskering av</string>
  <string name="titleLocationMasking">Platsmaskering på</string>
  <string name="navExitNavButton">Avsluta Nav</string>
  <string name="subContent_requestPermissions">Navigation kräver även tillgång till din plats, telefon och kontakter.</string>
  <string name="navSystemSettingsGrantAccess">Gå till systeminställningar för att ge tillgång.</string>
  <string name="mapColorSummary">Välj Auto för att ändra läge automatiskt beroende på ljusförhållanden.</string>
  <string name="newLocalMapUpdateAvailable">Ny lokal kartuppdatering tillgänglig</string>
  <string name="onStarDynamic">%1$s</string>
  <string name="nameAlreadyTaken">Namnet finns redan</string>
  <string name="navHighwayModeTitle">Motorvägsläge</string>
  <string name="yourNavServiceRenewed">Navigationstjänsten har förnyats.</string>
  <string name="neverCheckForBetterRoute">Sök aldrig efter bättre rutter</string>
  <string name="askBeforeRerouting">Fråga innan du leder om</string>
  <string name="renewSubscriptionLabel">Förnya abonnemang</string>
  <string name="restartNavSystemNotice">Du måste starta om navigationen innan det nya abonnemanget börjar gälla. Annars är inte abonnemanget tillgängligt förrän du startar motorn.\nStarta om nu?</string>
  <string name="yourSubscriptionRenewed">Abonnemanget har förnyats.</string>
  <string name="couldNotFindChargingStation">Det gick inte att hitta en laddningsstation</string>
  <string name="noNearbyExits">Inga avfarter i närheten</string>
  <string name="noExitsNearby">Inga avfarter i närheten.</string>
  <string name="roadTracing">Ruttspårning</string>
  <string name="navWarningCallNotPossible">Utan tillgång till telefonen kan navigationen inte aktivera samtalsfunktionen.\nOm du vill ge tillåtelse, klicka på Visa behörighet nedan eller gå till systeminställningarna.</string>
  <string name="poiBankATMsIcon">Bank/uttag</string>
  <string name="poiDrink">Dryck</string>
  <string name="dialogueContinueRecordingRoute">Fortsätt inspelning?</string>
  <string name="dialogRecordedSince">Inspelet sedan:\n%1$s kl. %2$s</string>
  <string name="messageTotalDistanceExceed">Det totala avståndet för hela resan får inte överskrida %1$s.</string>
  <string name="navTAPTCDetails">Tryck för att visa detaljer</string>
  <string name="navSaveChangesLabel">Spara ändringar?</string>
  <string name="navSaveChangesPopup">Spara ändringar till smarta destinationer?</string>
  <string name="navUpdateButton">Uppdatera</string>
  <string name="ftueToastTurnOnPredictiveNav">Prediktiv navigation Av. Slå På i inställningar.</string>
  <string name="ftuePredictiveNavIsOn">Prediktiv navigation På. Stäng Av den i inställningar.</string>
  <string name="dialogContentReminder">Prediktiv navigation På. Stäng Av den i inställningar.</string>
  <string name="RecentDestinationsClearedMessage">Senaste destinationerna raderade</string>
  <string name="RecentDestinationsRestoredMessage">Senaste destinationerna återställda</string>
  <string name="toastRecordedRouteSaved">Inspelad rutt sparad. Den finns på ruttspårningsskärmen.</string>
  <string name="recordRouteDistanceSave">%1$s\n%2$s vid %3$s\nAvstånd: %4$s\nVill du spara?</string>
  <string name="titleRemoveDestinationWaypoint">Ta bort destination/waypoint</string>
  <string name="renameYourRecordedRoute">Byt namn på din registrerade rutt.</string>
  <string name="messageRestartToDismiss">Starta om navigationsappen för att avvisa felet.</string>
  <string name="restrictedRoadOnRoute">Väg med begränsad tillgänglighet på rutten</string>
  <string name="roadIsClosed">Vägen stängd för tillfället</string>
  <string name="noSavedRouteYet">Du har inte sparat några rutter än.</string>
  <string name="roadTracingDescription">Med ruttspårning kan du spela in din rutt i terräng och spåra vägen tillbaka till startpunkten.</string>
  <string name="routeTracing">Ruttspårning</string>
  <string name="toastRouteOptionsUncheck">Avmarkera ett val och markera ett annat</string>
  <string name="routingToNearestPointToDestination">Guidning till en punkt närmast destinationen.</string>
  <string name="dialogStopRecordingMemoryDiskIsFull">SD-kortet fullt</string>
  <string name="dialogCannotRecordMemoryCardIsFull">SD-kortet fullt. Det går inte att spela in fler rutter för tillfället.</string>
  <string name="dialogueStoppedRecording">Inspelning stoppad</string>
  <string name="navSDCardFullRecStopMessage">SD-kortet fullt. Inspelning stoppad. </string>
  <string name="listView">Listvy</string>
  <string name="SearchHistoryClearedMessage">Sökhistorik rensad</string>
  <string name="SearchHistoryRestoredMessage">Sökhistorik återställd</string>
  <string name="shoppingLifeIcon">Shopping</string>
  <string name="barsAsia">Bar</string>
  <string name="generalHospitals">Allmänna sjukhus</string>
  <string name="gradeATertiaryHospitals">Specialsjukhus</string>
  <string name="starClassHotels">Flerstjärniga hotell</string>
  <string name="mapView">Kartvy</string>
  <string name="incrDataUpdateInProcess">Kartuppdatering pågår: %1$s%</string>
  <string name="poiBankATMsTitle">Bank/uttagsautomat</string>
  <string name="bookStoreItemLabel">Bokhandel</string>
  <string name="commercialStreetItemLabel">Shoppingområden</string>
  <string name="veterinarianItemLabel">Veterinär</string>
  <string name="shoppingLifeTitle">Shopping/märkesbutiker</string>
  <string name="titleShowPOIsOnMap">Visa på karta</string>
  <string name="navLabelTakenToast">Etiketten används redan. Välj en annan.</string>
  <string name="navSetUpWorkCard">Ange jobbadress</string>
  <string name="navSetUpHomeCard">Ange hemadress</string>
  <string name="navDragMapUpdateAddress">Dra karta för att uppdatera adress</string>
  <string name="navLabelButton">Etikett</string>
  <string name="commonDone">Klar</string>
  <string name="favoriteSaved">Favoriten har sparats</string>
  <string name="navHidePermanentlyText">Dölj permanent</string>
  <string name="navHiddenDestinationNotice">Platsen visas inte som smart destination igen. Du kan inte ångra den här åtgärden.</string>
  <string name="navHideButton">Dölj</string>
  <string name="navHidePermanaentlyLabel">Dölj permanent?</string>
  <string name="navChangesSavedToast">Ändringar sparade</string>
  <string name="annotationCVP0TimeToHome">%1$s till %2$s</string>
  <string name="buttonLearnMore">Läs mer</string>
  <string name="coachTripAssist">Smart destination visar viktig körinformation för dina vanligaste resor</string>
  <string name="TripAssistMessage">Smart destination sparar och förutser dina favoritstopp så att du kan köra dit utan att behöva ange destination.\n\nHantera smart destination i Alternativ &gt; Inställningar &gt; Prediktiv navigation.</string>
  <string name="bubbleStartPoint">Startpunkt</string>
  <string name="trafficEventsUnavailableTitle">Trafikinformation inte tillgänglig</string>
  <string name="trafficEventsUnavailableContent">Koppla informationssystemet till telefonen för att få trafikinformation.</string>
  <string name="navTollboothAhead">Vägavgift framöver</string>
  <string name="significantTrafficDelayRerouteVars">Stor trafikförsening på den vanliga vägen till %1$s.\nLed om via %2$s och spara %3$s min.</string>
  <string name="MRTStationItemLabel">Tunnelbana/pendeltåg</string>
  <string name="dialogCannotRecordUnknownIssues">Okända problem. Det går inte att spela in fler rutter för tillfället.</string>
  <string name="rerouteViaVars">%1$s om %2$s på %3$s (till %4$s)\nomledning via %5$s.</string>
  <string name="navViewPredictiveTutorial">Du kan se instruktionsfilmen i Inställningar &gt; Prediktiv navigation</string>
</resources>