<?xml version="1.0" encoding="UTF-8"?><resources>
  <string name="tacAccept">Prihvati</string>
  <string name="navAddLabelTextField">Dodaj oznaku (maks. 10 znakova)</string>
  <string name="recentEditScreenDeleteMessageText">Adresa izbrisana</string>
  <string name="navTurnImmediatelyNotice">Odmah</string>
  <string name="categoryWinery">Vinarije</string>
  <string name="carWashItemLabel">Auto-perionica</string>
  <string name="ui_nav1">Navigacija</string>
  <string name="mapUpdateFailedSDCardErrorContactDealer">Vaša SD kartica je puna ili oštećena. Pročitajte dodatne informacije u uputstvu za upotrebu ili posetite dilera.</string>
  <string name="navLimitNumberRecordings">Nije moguće snimiti više od %1$s rute(a). Izbrišite stare snimke pre nego što kreirate nove.</string>
  <string name="navActionFailedLabel">Radnja nije uspela</string>
  <string name="destinationFarFromRoad">Odredište predaleko od puta</string>
  <string name="navDestinationNearby">Odredište u blizini</string>
  <string name="emergencyCenterItemLabel">Urgentni centri</string>
  <string name="enableSmartSearchLabel">Omogući pametno pretraživanje i traženje rute</string>
  <string name="favoriteRemoved">Omiljena stavka je uklonjena</string>
  <string name="commonMapServiceServiceRouteNotFound">Ruta nije pronađena</string>
  <string name="navSetUpHomeOption">Podesi kućnu adresu</string>
  <string name="navFeatureUnavailableInGuidanceToast">Funkcija nije dostupna u režimu navođenja</string>
  <string name="sdcardNotValidForVehicleErrorMessage">Ova SD kartica nije važeća za navigaciju u ovom vozilu. Pročitajte dodatne informacije u uputstvu za upotrebu ili posetite dilera.</string>
  <string name="snacksItemLabel">Grickalice/napici</string>
  <string name="dessertsBeverages">Deserti/napici</string>
  <string name="categoryDeliSandwiches">Delikatesi/sendviči</string>
  <string name="alertMsgFrequentTrafficAccidentAhead">Sledi deonica sa čestim udesima</string>
  <string name="ftuePrice">Preuzmite automatska ažuriranja mapa bežičnim putem</string>
  <string name="ftueActiveRouting">Aktivno traženje rute – preuzima najbolju rutu koja se dinamički ažurira na osnovu trenutnih uslova puta</string>
  <string name="ftueSmartDestination">Pametno odredište – uči i predviđa koja su vaša omiljena mesta za pauzu i prikazuje najbolje rute do njih</string>
  <string name="ftueSmartSearch">Pametno pretraživanje – brzo pronalazi mesta do kojih vam je stalo</string>
  <string name="ftueSkip">Preskoči</string>
  <string name="mapControlInstructionZoom">Zumiraj</string>
  <string name="mapControlInstructionPan">Pomeri</string>
  <string name="mapControlInstructionPin">Zakači</string>
  <string name="mapControlInstructionRecenter">Novi centar</string>
  <string name="mapControlInstructionDismiss">Odbaci</string>
  <string name="mapControlInstructionSwitch">Prebaci</string>
  <string name="mapControlInstructionSelect">Izaberi</string>
  <string name="mapControlInstructionBack">Nazad</string>
  <string name="mapControl">Kontrola mape</string>
  <string name="navTripStatsNotice">Statistika putovanja</string>
  <string name="navSmartDestinationsReady">Vaša pametna odredišta su spremna!</string>
  <string name="navTapCardAlternateRoutes">Dodirnite karticu da biste videli alternativne rute.</string>
  <string name="navSwipeDismissCard">Brzo prevucite nalevo ili nadesno da biste odbacili karticu.</string>
  <string name="navSwipeMinimizeCard">Brzo prevucite nadole da biste umanjili karticu.</string>
  <string name="navLongHoldEdit">Dugo držite da biste uredili karticu.</string>
  <string name="navFasterBubble">%1$s min\nbrže</string>
  <string name="navSimilarTimeBubble">Slično vreme</string>
  <string name="navSlowerBubble">%1$s min\nsporije</string>
  <string name="navYouveArrivedNotice">Stigli ste</string>
  <string name="navDynamicDistance">%1$s mi</string>
  <string name="largeMapUpdateAvailable">Dostupno veliko ažuriranje za mape</string>
  <string name="downloadSizeVarDataRatesApply">Veličina za preuzimanje je oko %1$s MB.\nMožda će biti obračunate tarife za podatke i/ili prosečne naknade.</string>
  <string name="massageParlorsItemLabel">Saloni za masažu</string>
  <string name="tennisItemLabel">Teniski tereni</string>
  <string name="golfItemLabel">Tereni za golf</string>
  <string name="categorySoccerField">Fudbalski tereni</string>
  <string name="toastLocationMaskingOff">Maskiranje lokacije isključeno</string>
  <string name="titleLocationMasking">Maskiranje lokacije uključeno</string>
  <string name="navExitNavButton">Napusti navigaciju</string>
  <string name="subContent_requestPermissions">Navigacija takođe zahteva dozvolu za pristup vašoj lokaciji, telefonu i kontaktima.</string>
  <string name="navSystemSettingsGrantAccess">Idite u podešavanja sistema da biste odobrili pristup.</string>
  <string name="mapColorSummary">Izaberite „Auto“ da biste automatski menjali režime na osnovu osvetljenja.</string>
  <string name="newLocalMapUpdateAvailable">Dostupno ažuriranje za lokalnu mapu</string>
  <string name="onStarDynamic">%1$s</string>
  <string name="nameAlreadyTaken">Ime preuzeto</string>
  <string name="navHighwayModeTitle">Režim autoputa</string>
  <string name="yourNavServiceRenewed">Vaša usluga za navigaciju je obnovljena.</string>
  <string name="neverCheckForBetterRoute">Nikada ne pretražuj bolje rute</string>
  <string name="askBeforeRerouting">Pitaj pre traženja bolje rute</string>
  <string name="renewSubscriptionLabel">Obnovi pretplatu</string>
  <string name="restartNavSystemNotice">Ponovo pokrenite navigaciju da biste aktivirali novu pretplatu. U suprotnom, pretplata neće biti dostupna sve dok ponovo ne pokrenete motor.\nPonovo pokrenuti odmah?</string>
  <string name="yourSubscriptionRenewed">Vaša pretplata je obnovljena.</string>
  <string name="couldNotFindChargingStation">Nije pronađena stanica za punjenje.</string>
  <string name="noNearbyExits">Nema izlaza u blizini</string>
  <string name="noExitsNearby">Nema izlaza u blizini.</string>
  <string name="roadTracing">Praćenje rute</string>
  <string name="navWarningCallNotPossible">Ako nema pristup vašem telefonu, navigacija ne može da omogući funkciju „Pozovi“.\nDa biste odobrili pristup, kliknite na „Prikaži dozvolu“ u nastavku ili idite u podešavanja sistema.</string>
  <string name="poiBankATMsIcon">Banke/bankom.</string>
  <string name="poiDrink">Pića</string>
  <string name="dialogueContinueRecordingRoute">Nastaviti snimanje?</string>
  <string name="dialogRecordedSince">Snimano od:\n%1$s do %2$s</string>
  <string name="messageTotalDistanceExceed">Ukupno linijsko rastojanje celog putovanja ne može biti veće od %1$s</string>
  <string name="navTAPTCDetails">Dodirnite za detalje</string>
  <string name="navSaveChangesLabel">Sačuvati promene?</string>
  <string name="navSaveChangesPopup">Sačuvati promene za pametno odredište?</string>
  <string name="navUpdateButton">Ažuriraj</string>
  <string name="ftueToastTurnOnPredictiveNav">Prediktivna navigacija je isključena. Uključite je u okviru podešavanja.</string>
  <string name="ftuePredictiveNavIsOn">Prediktivna navigacija je uključena. Isključite je u okviru podešavanja.</string>
  <string name="dialogContentReminder">Prediktivna navigacija je uključena. Isključite je u okviru podešavanja.</string>
  <string name="RecentDestinationsClearedMessage">Nedavna odredišta obrisana</string>
  <string name="RecentDestinationsRestoredMessage">Nedavna odredišta vraćena</string>
  <string name="toastRecordedRouteSaved">Snimljena ruta sačuvana. Pronađite je na ekranu „Praćenje rute“.</string>
  <string name="recordRouteDistanceSave">%1$s\n%2$s u %3$s\nRastojanje: %4$s\nDa li želite da je sačuvate?</string>
  <string name="titleRemoveDestinationWaypoint">Ukloni odredište/putnu tačku</string>
  <string name="renameYourRecordedRoute">Preimenujte snimljenu rutu.</string>
  <string name="messageRestartToDismiss">Ponovo pokrenite aplikaciju za navigaciju da biste odbacili grešku.</string>
  <string name="restrictedRoadOnRoute">Put sa ograničenjima na ruti</string>
  <string name="roadIsClosed">Put trenutno zatvoren</string>
  <string name="noSavedRouteYet">Još uvek niste sačuvali nijednu rutu.</string>
  <string name="roadTracingDescription">Funkcija za praćenje rute vam pomaže da snimite terensku rutu i da se vratite na početnu tačku.</string>
  <string name="routeTracing">Praćenje rute</string>
  <string name="toastRouteOptionsUncheck">Uklonite potvrdu, zatim potvrdite drugi izbor</string>
  <string name="routingToNearestPointToDestination">Traži se ruta do tačke najbliže vašem odredištu.</string>
  <string name="dialogStopRecordingMemoryDiskIsFull">SD kartica je puna</string>
  <string name="dialogCannotRecordMemoryCardIsFull">SD kartica je puna. Trenutno nije moguće snimati dodatne rute.</string>
  <string name="dialogueStoppedRecording">Snimanje zaustavljeno</string>
  <string name="navSDCardFullRecStopMessage">SD kartica je puna. Snimanje je zaustavljeno.</string>
  <string name="listView">Prikaz liste</string>
  <string name="SearchHistoryClearedMessage">Istorija pretraživanja obrisana</string>
  <string name="SearchHistoryRestoredMessage">Istorija pretraživanja vraćena</string>
  <string name="shoppingLifeIcon">Kupovina/živ. stil</string>
  <string name="barsAsia">Barovi</string>
  <string name="generalHospitals">Opšte bolnice</string>
  <string name="gradeATertiaryHospitals">Klinički centri</string>
  <string name="starClassHotels">Hoteli visoke klase</string>
  <string name="mapView">Prikaz mape</string>
  <string name="incrDataUpdateInProcess">Ažuriranje mape u toku: %1$s%</string>
  <string name="poiBankATMsTitle">Banke/bankomati</string>
  <string name="bookStoreItemLabel">Knjižare</string>
  <string name="commercialStreetItemLabel">Trgovačke četvrti</string>
  <string name="veterinarianItemLabel">Veterinari</string>
  <string name="shoppingLifeTitle">Kupovina/životni stil</string>
  <string name="titleShowPOIsOnMap">Prikaži na mapi</string>
  <string name="navLabelTakenToast">Oznaka je preuzeta. Odaberite drugu.</string>
  <string name="navSetUpWorkCard">Podesi posl. adresu</string>
  <string name="navSetUpHomeCard">Podesi kućnu adresu</string>
  <string name="navDragMapUpdateAddress">Prevucite mapu i ažurirajte adresu</string>
  <string name="navLabelButton">Oznaka</string>
  <string name="commonDone">Završeno</string>
  <string name="favoriteSaved">Omiljena stavka je sačuvana</string>
  <string name="navHidePermanentlyText">Sakrij trajno</string>
  <string name="navHiddenDestinationNotice">Ova lokacija se neće ponovo prikazati kao pametno odredište. Nije moguće opozvati ovu radnju.</string>
  <string name="navHideButton">Sakrij</string>
  <string name="navHidePermanaentlyLabel">Sakriti trajno?</string>
  <string name="navChangesSavedToast">Promene sačuvane</string>
  <string name="annotationCVP0TimeToHome">%1$s do %2$s</string>
  <string name="buttonLearnMore">Saznajte više</string>
  <string name="coachTripAssist">Funkcija za pametno odredište prikazuje važne informacije o vožnji za vaša uobičajena putovanja</string>
  <string name="TripAssistMessage">Funkcija za pametno odredište uči i predviđa koja su vaša omiljena mesta za pauzu da biste do njih stigli brže i bez ikakvog kucanja.\n\nUpravljajte funkcijom za pametno odredište u delu „Opcije“ &gt; „Podešavanja“ &gt; „Prediktivna navigacija“.</string>
  <string name="bubbleStartPoint">Početna tačka</string>
  <string name="trafficEventsUnavailableTitle">Saobraćajni događaj nedostupan</string>
  <string name="trafficEventsUnavailableContent">Povežite informativni sistem sa telefonom da biste dobijali saobraćajne informacije u realnom vremenu.</string>
  <string name="navTollboothAhead">Sledi naplatna rampa</string>
  <string name="significantTrafficDelayRerouteVars">Značajan saobraćajni zastoj na uobičajenoj ruti do odredišta %1$s.\nNova ruta preko %2$s, kraća za %3$s min.</string>
  <string name="MRTStationItemLabel">Stanice metroa/tramvaja</string>
  <string name="dialogCannotRecordUnknownIssues">Nepoznati problemi. Trenutno nije moguće snimati dodatne rute.</string>
  <string name="rerouteViaVars">%1$s za %2$s na %3$s (do %4$s)\nNova ruta preko %5$s.</string>
  <string name="navViewPredictiveTutorial">Možete pogledati uputstvo u delu „Podešavanja“ &gt; „Prediktivna navigacija“</string>
</resources>