<?xml version="1.0" encoding="UTF-8"?><resources>
  <string name="tacAccept">Приемам</string>
  <string name="navAddLabelTextField">Добавяне на етикет (макс. 10 знака)</string>
  <string name="recentEditScreenDeleteMessageText">Адресът е изтрит</string>
  <string name="navTurnImmediatelyNotice">Незабавно</string>
  <string name="categoryWinery">Винарни</string>
  <string name="carWashItemLabel">Автомивка</string>
  <string name="ui_nav1">Навигация</string>
  <string name="mapUpdateFailedSDCardErrorContactDealer">SD картата е пълна или повредена. Вижте Ръководството за повече подробности или посетете дилъра.</string>
  <string name="navLimitNumberRecordings">Не могат да се запишат повече от %1$s маршрута. Изтрийте стари записи, преди да създавате нови.</string>
  <string name="navActionFailedLabel">Неуспешно действие</string>
  <string name="destinationFarFromRoad">Дестинацията не е на пътя</string>
  <string name="navDestinationNearby">Дестинацията е наблизо</string>
  <string name="emergencyCenterItemLabel">Спешни центрове/отделения</string>
  <string name="enableSmartSearchLabel">Активирайте за умно търсене и маршрути</string>
  <string name="favoriteRemoved">Премахнато от Любими</string>
  <string name="commonMapServiceServiceRouteNotFound">Маршрутът не е намерен</string>
  <string name="navSetUpHomeOption">Задаване на дом</string>
  <string name="navFeatureUnavailableInGuidanceToast">Функцията не е достъпна в режим „Водене".</string>
  <string name="sdcardNotValidForVehicleErrorMessage">Тази SD карта не е валидна за навигация в този автомобил. Вижте Ръководството за повече подробности или посетете дилъра.</string>
  <string name="snacksItemLabel">Закуски/напитки</string>
  <string name="dessertsBeverages">Десерти/напитки</string>
  <string name="categoryDeliSandwiches">Деликатесен магазин/сандвичи</string>
  <string name="alertMsgFrequentTrafficAccidentAhead">Предстои зона с чести ПТП</string>
  <string name="ftuePrice">Получавайте автоматични актуализации на картата по ефир.</string>
  <string name="ftueActiveRouting">Активно изчисление на маршрут – Посочва най-добрия маршрут динамично въз основа на текущите пътни условия.</string>
  <string name="ftueSmartDestination">Умна дестинация – Учи се и предвижда любимите Ви спирки и Ви показва най-добрите маршрути до целта.</string>
  <string name="ftueSmartSearch">Умно търсене – Бързо намира места, които Ви интересуват.</string>
  <string name="ftueSkip">Пропускане</string>
  <string name="mapControlInstructionZoom">Мащаб</string>
  <string name="mapControlInstructionPan">Местене</string>
  <string name="mapControlInstructionPin">Карфица</string>
  <string name="mapControlInstructionRecenter">Центрирай</string>
  <string name="mapControlInstructionDismiss">Затвори</string>
  <string name="mapControlInstructionSwitch">Превкл.</string>
  <string name="mapControlInstructionSelect">Избор</string>
  <string name="mapControlInstructionBack">Назад</string>
  <string name="mapControl">Контрол на карта</string>
  <string name="navTripStatsNotice">Статистика за пътуване</string>
  <string name="navSmartDestinationsReady">Вашите умни дестинации са готови!</string>
  <string name="navTapCardAlternateRoutes">Докоснете картичката, за да видите алтернативни маршрути.</string>
  <string name="navSwipeDismissCard">Плъзнете наляво или надясно, за да затворите картичката.</string>
  <string name="navSwipeMinimizeCard">Плъзнете надолу, за да минимизирате картичката.</string>
  <string name="navLongHoldEdit">Задръжте натиснато, за да редактирате картичката.</string>
  <string name="navFasterBubble">%1$s мин.\nпо-бързо</string>
  <string name="navSimilarTimeBubble">Подобно време</string>
  <string name="navSlowerBubble">%1$s мин.\nпо-бавно</string>
  <string name="navYouveArrivedNotice">Пристигнахте</string>
  <string name="navDynamicDistance">%1$s mi</string>
  <string name="largeMapUpdateAvailable">Има нова обстойна актуализация</string>
  <string name="downloadSizeVarDataRatesApply">Размерът за изтегляне е приблизително %1$s MB.\nМоже да важат такси за данни и др.</string>
  <string name="massageParlorsItemLabel">Масажи</string>
  <string name="tennisItemLabel">Тенис кортове</string>
  <string name="golfItemLabel">Голф игрища</string>
  <string name="categorySoccerField">Футболни игрища</string>
  <string name="toastLocationMaskingOff">Изключено маскиране на локацията</string>
  <string name="titleLocationMasking">Включено маскиране на локацията</string>
  <string name="navExitNavButton">Изход от навигация</string>
  <string name="subContent_requestPermissions">Навигацията също така изисква разрешение за достъп до вашето местоположение, телефон и контакти.</string>
  <string name="navSystemSettingsGrantAccess">Моля, посетете системните настройки, за да дадете достъп.</string>
  <string name="mapColorSummary">Изберете „Авто", за да се сменят режимите автоматично въз основа на условията на осветеност.</string>
  <string name="newLocalMapUpdateAvailable">Нова актуализация на локална карта</string>
  <string name="onStarDynamic">%1$s</string>
  <string name="nameAlreadyTaken">Името е заето</string>
  <string name="navHighwayModeTitle">Режим за магистрала</string>
  <string name="yourNavServiceRenewed">Вашата навигационна услуга беше подновена.</string>
  <string name="neverCheckForBetterRoute">Никога не търси по-добри маршрути</string>
  <string name="askBeforeRerouting">Питай за преизчисляване на маршрут</string>
  <string name="renewSubscriptionLabel">Поднови абонамент</string>
  <string name="restartNavSystemNotice">Трябва да рестартирате навигацията, за да влезе в сила новият абонамент. В противен случай абонаментът няма да е налице до следващото стартиране на двигателя.\nДа се рестартира ли сега?</string>
  <string name="yourSubscriptionRenewed">Абонаментът Ви беше подновен.</string>
  <string name="couldNotFindChargingStation">Не може да се намери станция за зареждане.</string>
  <string name="noNearbyExits">Наблизо няма отбивки.</string>
  <string name="noExitsNearby">Наблизо няма отбивки.</string>
  <string name="roadTracing">Трасиране на маршрут</string>
  <string name="navWarningCallNotPossible">Без достъп до Вашия телефон, навигацията не може да активира функцията „Повикване".\nЗа да дадете достъп, кликнете „Покажи разрешение" по-долу или отидете в Системните настройки.</string>
  <string name="poiBankATMsIcon">Банка/банкомат</string>
  <string name="poiDrink">Напитки</string>
  <string name="dialogueContinueRecordingRoute">Продължаване на записа?</string>
  <string name="dialogRecordedSince">Записано от:\n%1$s в %2$s</string>
  <string name="messageTotalDistanceExceed">Общото линейно разстояние на цялото пътуване не може да надвишава %1$s.</string>
  <string name="navTAPTCDetails">Докоснете за подробности</string>
  <string name="navSaveChangesLabel">Да се запазят ли промените?</string>
  <string name="navSaveChangesPopup">Да се запазят ли промените в Умна дестинация?</string>
  <string name="navUpdateButton">Актуализиране</string>
  <string name="ftueToastTurnOnPredictiveNav">Интелигентната навигация е изключена. Включете я от настройките.</string>
  <string name="ftuePredictiveNavIsOn">Интелигентната навигация е включена. Изключете я от настройките.</string>
  <string name="dialogContentReminder">Интелигентната навигация е включена. Изключете я от настройките.</string>
  <string name="RecentDestinationsClearedMessage">Скорошните дестинации са изчистени.</string>
  <string name="RecentDestinationsRestoredMessage">Скорошните дестинации са възстановени.</string>
  <string name="toastRecordedRouteSaved">Записаният маршрут е запазен. Намерете го в екрана „Трасиране на маршрут".</string>
  <string name="recordRouteDistanceSave">%1$s\n%2$s в %3$s\nРазстояние: %4$s\nИскате ли да запазите?</string>
  <string name="titleRemoveDestinationWaypoint">Премахване на дестинация/обект</string>
  <string name="renameYourRecordedRoute">Преименувайте записания си маршрут.</string>
  <string name="messageRestartToDismiss">Моля, рестартирайте приложението за навигация, за да отхвърлите грешката.</string>
  <string name="restrictedRoadOnRoute">Има ограничен път по маршрута.</string>
  <string name="roadIsClosed">Пътят в момента е затворен.</string>
  <string name="noSavedRouteYet">Все още нямате запазени маршрути.</string>
  <string name="roadTracingDescription">Трасирането на маршрут Ви помага да записвате своя маршрут извън пътя и да го трасирате обратно до началната точка.</string>
  <string name="routeTracing">Трасиране на маршрут</string>
  <string name="toastRouteOptionsUncheck">Махнете някоя отметка и поставете нова.</string>
  <string name="routingToNearestPointToDestination">Показване на маршрут до точка, най-близка до целта Ви.</string>
  <string name="dialogStopRecordingMemoryDiskIsFull">SD картата е пълна.</string>
  <string name="dialogCannotRecordMemoryCardIsFull">SD картата е пълна. В момента не могат да се запишат повече маршрути.</string>
  <string name="dialogueStoppedRecording">Записът е спрян.</string>
  <string name="navSDCardFullRecStopMessage">SD картата е пълна. Записът е спрян.</string>
  <string name="listView">Като списък</string>
  <string name="SearchHistoryClearedMessage">Историята на търсенията е изчистена.</string>
  <string name="SearchHistoryRestoredMessage">Историята на търсенията е възстановена.</string>
  <string name="shoppingLifeIcon">Шопинг/стил</string>
  <string name="barsAsia">Барове</string>
  <string name="generalHospitals">Поликлиники</string>
  <string name="gradeATertiaryHospitals">Многопрофилни болници</string>
  <string name="starClassHotels">Хотели с клас звезди</string>
  <string name="mapView">Като карта</string>
  <string name="incrDataUpdateInProcess">Извършва се актуализиране на картата: %1$s%</string>
  <string name="poiBankATMsTitle">Банки/банкомати</string>
  <string name="bookStoreItemLabel">Книжарници</string>
  <string name="commercialStreetItemLabel">Зони за пазаруване</string>
  <string name="veterinarianItemLabel">Ветеринари</string>
  <string name="shoppingLifeTitle">Шопинг/лайфстайл</string>
  <string name="titleShowPOIsOnMap">Показване на картата</string>
  <string name="navLabelTakenToast">Етикетът е зает. Моля, изберете друг.</string>
  <string name="navSetUpWorkCard">Задаване на работа</string>
  <string name="navSetUpHomeCard">Задаване на дом</string>
  <string name="navDragMapUpdateAddress">Плъзнете за смяна на адреса</string>
  <string name="navLabelButton">Етикет</string>
  <string name="commonDone">Готово</string>
  <string name="favoriteSaved">Запазено в Любими.</string>
  <string name="navHidePermanentlyText">Перманентно скриване</string>
  <string name="navHiddenDestinationNotice">Тази локация повече няма да се показва като Умна дестинация. Това действие не може да се отмени.</string>
  <string name="navHideButton">Скриване</string>
  <string name="navHidePermanaentlyLabel">Перманентно скриване?</string>
  <string name="navChangesSavedToast">Промените са запазени</string>
  <string name="annotationCVP0TimeToHome">%1$s до %2$s</string>
  <string name="buttonLearnMore">Научете повече</string>
  <string name="coachTripAssist">„Умна дестинация" показва важна информация за Вашите редовни пътувания.</string>
  <string name="TripAssistMessage">Умната дестинация научава и предвижда Вашите любими спирки, за да Ви помогне да стигнете по-бързо, без да въвеждате нищо.\n\nУправлявайте „Умна дестинация" от Опции &gt; Настройки &gt; Интелигентна навигация.</string>
  <string name="bubbleStartPoint">Начална точка</string>
  <string name="trafficEventsUnavailableTitle">Пътните събития не са достъпни</string>
  <string name="trafficEventsUnavailableContent">Свържете информационната система към телефона си, за да получавате информация за трафика на живо.</string>
  <string name="navTollboothAhead">Предстои тол-будка</string>
  <string name="significantTrafficDelayRerouteVars">Значително забавяне по обичайния маршрут до %1$s.\nМинете през %2$s, ще спестите %3$s мин.</string>
  <string name="MRTStationItemLabel">Метро/градски ЖП станции</string>
  <string name="dialogCannotRecordUnknownIssues">Неизвестни проблеми. В момента не могат да се запишат повече маршрути.</string>
  <string name="rerouteViaVars">%1$s след %2$s на %3$s (в посока %4$s)\nПренасочване през %5$s.</string>
  <string name="navViewPredictiveTutorial">Можете да видите урока от Настройки &gt; Интелигентна навигация.</string>
</resources>