<?xml version="1.0" encoding="UTF-8"?><resources>
  <string name="tacAccept">Prijať</string>
  <string name="navAddLabelTextField">Pridať označenie (max. 10 znakov)</string>
  <string name="recentEditScreenDeleteMessageText">Adresa bola odstránená</string>
  <string name="navTurnImmediatelyNotice">Ihneď</string>
  <string name="categoryWinery">Vinárstva</string>
  <string name="carWashItemLabel">Autoumyváreň</string>
  <string name="ui_nav1">Navigácia</string>
  <string name="mapUpdateFailedSDCardErrorContactDealer">SD karta je plná alebo poškodená. Podrobnosti nájdete v používateľskej príručke alebo navštívte predajcu.</string>
  <string name="navLimitNumberRecordings">Nedá sa zaznamenať viac trás ako %1$s. Odstráňte staré záznamy a potom vytvorte nové.</string>
  <string name="navActionFailedLabel">Akcia zlyhala</string>
  <string name="destinationFarFromRoad">Cieľ je príliš ďaleko od cesty</string>
  <string name="navDestinationNearby">Cieľ je blízko</string>
  <string name="emergencyCenterItemLabel">Pohotovostné strediská/úrazové ambulancie</string>
  <string name="enableSmartSearchLabel">Zapnite na inteligentné vyhľadávanie a navigáciu</string>
  <string name="favoriteRemoved">Adresa odstránená z obľúbených</string>
  <string name="commonMapServiceServiceRouteNotFound">Trasa nebola nájdená</string>
  <string name="navSetUpHomeOption">Nastaviť adresu domov</string>
  <string name="navFeatureUnavailableInGuidanceToast">Funkcia nie je v režime navádzania dostupná</string>
  <string name="sdcardNotValidForVehicleErrorMessage">Táto SD karta nie je v tomto vozidle platná pre navigáciu. Podrobnosti nájdete v používat. príručke alebo navštívte predajcu.</string>
  <string name="snacksItemLabel">Občerstvenie/nápoje</string>
  <string name="dessertsBeverages">Dezerty/nápoje</string>
  <string name="categoryDeliSandwiches">Lahôdky/bagetérie</string>
  <string name="alertMsgFrequentTrafficAccidentAhead">Pred vami je úsek častých doprav. nehôd</string>
  <string name="ftuePrice">Získajte automatické aktualizácie mapy bezdrôtovo</string>
  <string name="ftueActiveRouting">Aktívne navádzanie – získa dynamicky aktualizovanú najlepšiu trasu na základe aktuálneho stavu na cestách</string>
  <string name="ftueSmartDestination">Inteligentný cieľ – zistí a predvída vaše obľúbené cieľové lokality a ukáže vám najlepšie trasy, ako sa k nim dostať</string>
  <string name="ftueSmartSearch">Inteligentné vyhľadávanie – rýchlo vyhľadá miesta, o ktoré sa zaujímate</string>
  <string name="ftueSkip">Preskočiť</string>
  <string name="mapControlInstructionZoom">Priblížiť</string>
  <string name="mapControlInstructionPan">Posunúť</string>
  <string name="mapControlInstructionPin">Pripnúť</string>
  <string name="mapControlInstructionRecenter">Na stred</string>
  <string name="mapControlInstructionDismiss">Zavrieť</string>
  <string name="mapControlInstructionSwitch">Prepnúť</string>
  <string name="mapControlInstructionSelect">Vybrať</string>
  <string name="mapControlInstructionBack">Späť</string>
  <string name="mapControl">Ovládanie mapy</string>
  <string name="navTripStatsNotice">Štatistika jazdy</string>
  <string name="navSmartDestinationsReady">Vaše inteligentné ciele sú pripravené!</string>
  <string name="navTapCardAlternateRoutes">Klepnite na kartu, ak chcete získať alternatívne trasy.</string>
  <string name="navSwipeDismissCard">Potiahnutím doľava alebo doprava zavriete kartu.</string>
  <string name="navSwipeMinimizeCard">Potiahnutím nadol minimalizujete kartu.</string>
  <string name="navLongHoldEdit">Dlhým podržaním upravíte kartu.</string>
  <string name="navFasterBubble">O %1$s min\nrýchlejšie</string>
  <string name="navSimilarTimeBubble">Podobný čas</string>
  <string name="navSlowerBubble">O %1$s min\npomalšie</string>
  <string name="navYouveArrivedNotice">Dorazili ste do cieľa</string>
  <string name="navDynamicDistance">%1$s mi</string>
  <string name="largeMapUpdateAvailable">K dispozícii je veľká aktualizácia mapy</string>
  <string name="downloadSizeVarDataRatesApply">Sťahovaná veľkosť je približne %1$s MB.\nNadmerná dátová rýchlosť a spotreba dát môžu byť spoplatnené.</string>
  <string name="massageParlorsItemLabel">Masáže</string>
  <string name="tennisItemLabel">Tenisové kurty</string>
  <string name="golfItemLabel">Golfové ihriská</string>
  <string name="categorySoccerField">Futbalové ihriská</string>
  <string name="toastLocationMaskingOff">Maskovanie polohy vypnuté</string>
  <string name="titleLocationMasking">Maskovanie polohy zapnuté</string>
  <string name="navExitNavButton">Ukončiť navigáciu</string>
  <string name="subContent_requestPermissions">Navigácia vyžaduje aj povolenie na prístup k vašej polohe, telefónu a kontaktom.</string>
  <string name="navSystemSettingsGrantAccess">Na povolenie prístupu prejdite na Systémové nastavenia.</string>
  <string name="mapColorSummary">Pomocou voľby Auto automaticky zmeníte režimy podľa svetelných podmienok.</string>
  <string name="newLocalMapUpdateAvailable">Dostupná nová aktual. lokálnej mapy</string>
  <string name="onStarDynamic">%1$s</string>
  <string name="nameAlreadyTaken">Názov už existuje</string>
  <string name="navHighwayModeTitle">Diaľničný režim</string>
  <string name="yourNavServiceRenewed">Navigačná služba bola obnovená.</string>
  <string name="neverCheckForBetterRoute">Nikdy nevyhľadávať lepšie trasy</string>
  <string name="askBeforeRerouting">Pred presmerovaním trasy sa spýtať</string>
  <string name="renewSubscriptionLabel">Obnoviť prihlásenie</string>
  <string name="restartNavSystemNotice">Pred uplatnením nového prihlásenia treba reštartovať navigáciu. V opačnom prípade nebude prihlásenie dostupné, kým najbližšie znovu nenaštartujete motor.\nReštartovať ihneď?</string>
  <string name="yourSubscriptionRenewed">Prihlásenie bolo obnovené.</string>
  <string name="couldNotFindChargingStation">Nepodarilo sa nájsť nabíjaciu stanicu</string>
  <string name="noNearbyExits">V blízkosti nie sú žiadne výjazdy</string>
  <string name="noExitsNearby">V blízkosti nie sú žiadne výjazdy.</string>
  <string name="roadTracing">Sledovanie trasy</string>
  <string name="navWarningCallNotPossible">Bez prístupu k vášmu telefónu nemôže navigácia aktivovať funkciu „Hovor“.\nAk chcete udeliť prístup, kliknite nižšie na možnosť Ukázať povolenie alebo prejdite na Systémové nastavenia.</string>
  <string name="poiBankATMsIcon">Banky/bankomat</string>
  <string name="poiDrink">Puby</string>
  <string name="dialogueContinueRecordingRoute">Pokračovať v nahrávaní?</string>
  <string name="dialogRecordedSince">Nahrávanie prebiehalo:\n%1$s o %2$s</string>
  <string name="messageTotalDistanceExceed">Celková lineárna vzdialenosť celej trasy nemôže presiahnuť %1$s.</string>
  <string name="navTAPTCDetails">Klepnite na zobraz. detailov</string>
  <string name="navSaveChangesLabel">Uložiť zmeny?</string>
  <string name="navSaveChangesPopup">Uložiť zmeny pre inteligentný cieľ?</string>
  <string name="navUpdateButton">Aktualizovať</string>
  <string name="ftueToastTurnOnPredictiveNav">Prediktívna navigácia vypnutá. Zapnete ju v nastaveniach.</string>
  <string name="ftuePredictiveNavIsOn">Prediktívna navigácia je zapnutá. Vypnete ju v nastaveniach.</string>
  <string name="dialogContentReminder">Prediktívna navigácia je zapnutá. Vypnete ju v nastaveniach.</string>
  <string name="RecentDestinationsClearedMessage">Nedávne ciele boli vymazané</string>
  <string name="RecentDestinationsRestoredMessage">Nedávne ciele boli obnovené</string>
  <string name="toastRecordedRouteSaved">Zaznamenaná cesta bola uložená. Nájdete ju na obrazovke sledovania trasy.</string>
  <string name="recordRouteDistanceSave">%1$s\n%2$s o %3$s\nVzdialenosť: %4$s\nChcete uložiť?</string>
  <string name="titleRemoveDestinationWaypoint">Odstrániť cieľ/bod trasy</string>
  <string name="renameYourRecordedRoute">Premenujte zaznamenanú trasu.</string>
  <string name="messageRestartToDismiss">Chybu zavriete reštartovaním aplikácie Navigácia.</string>
  <string name="restrictedRoadOnRoute">Na trase je cesta s obmedzeniami</string>
  <string name="roadIsClosed">Cesta je momentálne zatvorená</string>
  <string name="noSavedRouteYet">Zatiaľ ste neuložili žiadne trasy.</string>
  <string name="roadTracingDescription">Funkcia sledovania trasy vám pomôže zaznamenať trasu mimo cesty a vysledovať počiatočný bod.</string>
  <string name="routeTracing">Sledovanie trasy</string>
  <string name="toastRouteOptionsUncheck">Zrušte výber možnosti a potom začiarknite inú</string>
  <string name="routingToNearestPointToDestination">Trasa k najbližšiemu bodu k vášmu cieľu.</string>
  <string name="dialogStopRecordingMemoryDiskIsFull">SD karta plná</string>
  <string name="dialogCannotRecordMemoryCardIsFull">SD karta plná. Momentálne nie je možné zaznamenať viac trás.</string>
  <string name="dialogueStoppedRecording">Nahrávanie zastavené</string>
  <string name="navSDCardFullRecStopMessage">SD karta plná. Nahrávanie zastavené.</string>
  <string name="listView">V zozname</string>
  <string name="SearchHistoryClearedMessage">História vyhľadávania bola vymazaná</string>
  <string name="SearchHistoryRestoredMessage">História vyhľadávania bola obnovená</string>
  <string name="shoppingLifeIcon">Obchody/štýl</string>
  <string name="barsAsia">Bary</string>
  <string name="generalHospitals">Všeobecné nemocnice</string>
  <string name="gradeATertiaryHospitals">Veľké nemocničné strediská</string>
  <string name="starClassHotels">Hotely (najmenej trojhviezdičkové)</string>
  <string name="mapView">Na mape</string>
  <string name="incrDataUpdateInProcess">Prebieha aktualizácia mapy: %1$s %</string>
  <string name="poiBankATMsTitle">Banky/bankomaty</string>
  <string name="bookStoreItemLabel">Kníhkupectvá</string>
  <string name="commercialStreetItemLabel">Nákupné strediská</string>
  <string name="veterinarianItemLabel">Veterinári</string>
  <string name="shoppingLifeTitle">Obchody/štýl</string>
  <string name="titleShowPOIsOnMap">Zobraziť na mape</string>
  <string name="navLabelTakenToast">Označenie už existuje. Vyberte iné.</string>
  <string name="navSetUpWorkCard">Nastaviť adr. do práce</string>
  <string name="navSetUpHomeCard">Nastaviť adr. domov</string>
  <string name="navDragMapUpdateAddress">Adresu aktual. potiahnutím mapy</string>
  <string name="navLabelButton">Označenie</string>
  <string name="commonDone">Hotovo</string>
  <string name="favoriteSaved">Adresa uložená k obľúbeným</string>
  <string name="navHidePermanentlyText">Skryť natrvalo</string>
  <string name="navHiddenDestinationNotice">Táto poloha sa viac neukáže ako inteligentný cieľ. Tento úkon nemôžete vrátiť.</string>
  <string name="navHideButton">Skryť</string>
  <string name="navHidePermanaentlyLabel">Skryť natrvalo?</string>
  <string name="navChangesSavedToast">Zmeny boli uložené</string>
  <string name="annotationCVP0TimeToHome">%1$s do %2$s</string>
  <string name="buttonLearnMore">Zistiť viac</string>
  <string name="coachTripAssist">Inteligentný cieľ zobrazuje dôležité jazdné informácie pre vaše zvyčajné jazdy</string>
  <string name="TripAssistMessage">Inteligentný cieľ zistí a predvída vaše obľúbené cieľové lokality, čím vám pomôže dostať sa na miesto rýchlejšie bez akéhokoľvek písania.\n\nFunkciu Inteligentný cieľ spravujete prostredníctvom položky Možnosti &gt; Nastavenia &gt; Prediktívna navigácia.</string>
  <string name="bubbleStartPoint">Počiatočný bod</string>
  <string name="trafficEventsUnavailableTitle">Dopravná situácia nie je dostupná</string>
  <string name="trafficEventsUnavailableContent">Ak chcete získať dopravné informácie naživo, zosieťujte informačný systém s vaším telefónom.</string>
  <string name="navTollboothAhead">Blíži sa colná stanica</string>
  <string name="significantTrafficDelayRerouteVars">Na zvyčajnej trase do %1$s je výrazné dopravné meškanie.\nPresmerovaním na %2$s ušetríte %3$s min.</string>
  <string name="MRTStationItemLabel">Stanice klasického alebo ľahkého metra</string>
  <string name="dialogCannotRecordUnknownIssues">Neznáme problémy. Momentálne nemožno zaznamenať viac trás.</string>
  <string name="rerouteViaVars">%1$s o %2$s na %3$s (do %4$s)\nPresmerujte na %5$s.</string>
  <string name="navViewPredictiveTutorial">Návod si môžete pozrieť v položke Nastavenia &gt; Prediktívna navigácia</string>
</resources>