<?xml version="1.0" encoding="UTF-8"?><resources>
  <string name="tacAccept">Sprejmi</string>
  <string name="navAddLabelTextField">Dodajte oznako (največ 10 znakov)</string>
  <string name="recentEditScreenDeleteMessageText">Naslov izbrisan</string>
  <string name="navTurnImmediatelyNotice">Takoj</string>
  <string name="categoryWinery">Vinske kleti</string>
  <string name="carWashItemLabel">Avtopralnica</string>
  <string name="ui_nav1">Navigacija</string>
  <string name="mapUpdateFailedSDCardErrorContactDealer">Vaša kartica SD je polna ali poškodovana. Za več podrobnosti glejte uporabniški priročnik ali obiščite vašega prodajalca.</string>
  <string name="navLimitNumberRecordings">Ni mogoče posneti več kot %1$s poti. Izbrišite stare posnetke, preden ustvarite nove.</string>
  <string name="navActionFailedLabel">Dejanje ni uspelo</string>
  <string name="destinationFarFromRoad">Cilj je daleč od ceste</string>
  <string name="navDestinationNearby">Cilj je blizu</string>
  <string name="emergencyCenterItemLabel">Urgence/urgentni oddelki</string>
  <string name="enableSmartSearchLabel">Omogočite za pametno iskanje in iskanje poti</string>
  <string name="favoriteRemoved">Odstranjeno iz priljubljenih</string>
  <string name="commonMapServiceServiceRouteNotFound">Pot ni bila najdena</string>
  <string name="navSetUpHomeOption">Nastavite domači naslov</string>
  <string name="navFeatureUnavailableInGuidanceToast">Funkcija ni na voljo v načinu vodenja</string>
  <string name="sdcardNotValidForVehicleErrorMessage">Ta kartica SD ni veljavna za navigacijo v tem vozilu. Za več podrobnosti glejte uporabniški priročnik ali obiščite vašega prodajalca.</string>
  <string name="snacksItemLabel">Prigrizki/pijače</string>
  <string name="dessertsBeverages">Slaščice/pijače</string>
  <string name="categoryDeliSandwiches">Delikatesa/sendviči</string>
  <string name="alertMsgFrequentTrafficAccidentAhead">Približujete se delu s pogost. nezgodami</string>
  <string name="ftuePrice">Prejemajte samodejne posodobitve zemljevida prek omrežja</string>
  <string name="ftueActiveRouting">Aktivno iskanje poti – sistem pridobi najboljšo pot, ki se dinamično posodablja glede na trenutne razmere na cesti</string>
  <string name="ftueSmartDestination">Pametni cilj – sistem si zapomni in predvidi vaše priljubljene postanke ter vam prikaže najboljše poti do cilja</string>
  <string name="ftueSmartSearch">Pametno iskanje – sistem hitro poišče vaše priljubljene kraje</string>
  <string name="ftueSkip">Preskoči</string>
  <string name="mapControlInstructionZoom">Približaj</string>
  <string name="mapControlInstructionPan">Premakni</string>
  <string name="mapControlInstructionPin">Pripni</string>
  <string name="mapControlInstructionRecenter">Na sredino</string>
  <string name="mapControlInstructionDismiss">Opusti</string>
  <string name="mapControlInstructionSwitch">Preklopi</string>
  <string name="mapControlInstructionSelect">Izberi</string>
  <string name="mapControlInstructionBack">Nazaj</string>
  <string name="mapControl">Nadzor zemljev.</string>
  <string name="navTripStatsNotice">Statistika vožnje</string>
  <string name="navSmartDestinationsReady">Vaši pametni cilji so pripravljeni!</string>
  <string name="navTapCardAlternateRoutes">Za alternativne poti pritisnite kartico.</string>
  <string name="navSwipeDismissCard">Podrsajte levo ali desno, da opustite kartico.</string>
  <string name="navSwipeMinimizeCard">Podrsajte navzdol, da pomanjšate kartico.</string>
  <string name="navLongHoldEdit">Pritisnite in zadržite, da uredite kartico.</string>
  <string name="navFasterBubble">%1$s min\nhitreje</string>
  <string name="navSimilarTimeBubble">Podoben čas</string>
  <string name="navSlowerBubble">%1$s min\npočasneje</string>
  <string name="navYouveArrivedNotice">Prispeli ste</string>
  <string name="navDynamicDistance">%1$s mi</string>
  <string name="largeMapUpdateAvailable">Velika posodobitev zemljev. na voljo</string>
  <string name="downloadSizeVarDataRatesApply">Velikost prenosa je približno %1$s MB.\nPodatki in/ali drugi povprečni stroški so lahko zaračunani.</string>
  <string name="massageParlorsItemLabel">Masažni saloni</string>
  <string name="tennisItemLabel">Teniška igrišča</string>
  <string name="golfItemLabel">Igrišča za golf</string>
  <string name="categorySoccerField">Nogometna igrišča</string>
  <string name="toastLocationMaskingOff">Skrivanje lokacije izklopljeno</string>
  <string name="titleLocationMasking">Skrivanje lokacije vklopljeno</string>
  <string name="navExitNavButton">Izhod iz navigacije</string>
  <string name="subContent_requestPermissions">Navigacija potrebuje tudi dovoljenje za dostop do vaše lokacije, telefona in stikov.</string>
  <string name="navSystemSettingsGrantAccess">Dostop lahko omogočite v nastavitvah sistema.</string>
  <string name="mapColorSummary">Izberite Samodejno, če želite, da se načini samodejno spreminjajo glede na pogoje osvetlitve.</string>
  <string name="newLocalMapUpdateAvailable">Nova posod. lok. zemljevida na voljo</string>
  <string name="onStarDynamic">%1$s</string>
  <string name="nameAlreadyTaken">Ime je že v uporabi</string>
  <string name="navHighwayModeTitle">Način avtoceste</string>
  <string name="yourNavServiceRenewed">Naročnina na storitev navigacije je bila podaljšana.</string>
  <string name="neverCheckForBetterRoute">Nikoli ne išči boljših poti</string>
  <string name="askBeforeRerouting">Vprašaj pred preusmerjanjem</string>
  <string name="renewSubscriptionLabel">Podaljšajte naročnino</string>
  <string name="restartNavSystemNotice">Navigacijo morate znova zagnati, da bo začela veljati nova naročnina. V nasprotnem primeru naročnina ne bo na voljo, dokler znova ne zaženete motorja.\nAli želite znova zagnati zdaj?</string>
  <string name="yourSubscriptionRenewed">Vaša naročnina je bila podaljšana.</string>
  <string name="couldNotFindChargingStation">Polnilne postaje ni bilo mogoče najti</string>
  <string name="noNearbyExits">V bližini ni nobenega izvoza</string>
  <string name="noExitsNearby">V bližini ni nobenega izvoza.</string>
  <string name="roadTracing">Sledenje poti</string>
  <string name="navWarningCallNotPossible">Brez dostopa do vašega telefona navigacija ne more omogočiti funkcije "Kliči".\nKliknite Pokaži dovoljenje spodaj ali odprite nastavitve sistema, da omogočite dostop.</string>
  <string name="poiBankATMsIcon">Banke/bankom.</string>
  <string name="poiDrink">Pijača</string>
  <string name="dialogueContinueRecordingRoute">Ali želite nadaljevati snemanje?</string>
  <string name="dialogRecordedSince">Snemanje od:\n%1$s ob %2$s</string>
  <string name="messageTotalDistanceExceed">Skupna linearna razdalja celotne poti ne sme presegati %1$s.</string>
  <string name="navTAPTCDetails">Pritisnite za ogled podrobn.</string>
  <string name="navSaveChangesLabel">Ali želite shraniti spremembe?</string>
  <string name="navSaveChangesPopup">Ali želite shraniti spremembe v pametne cilje?</string>
  <string name="navUpdateButton">Posodobi</string>
  <string name="ftueToastTurnOnPredictiveNav">Navigacija s predvidevanjem izklopljena. Vklopite jo v nastavitvah.</string>
  <string name="ftuePredictiveNavIsOn">Navigacija s predvidevanjem vklopljena. Izklopite jo v nastavitvah.</string>
  <string name="dialogContentReminder">Navigacija s predvidevanjem vklopljena. Izklopite jo v nastavitvah.</string>
  <string name="RecentDestinationsClearedMessage">Nedavni cilji počiščeni</string>
  <string name="RecentDestinationsRestoredMessage">Nedavni cilji obnovljeni</string>
  <string name="toastRecordedRouteSaved">Posneta pot shranjena. Najdete jo na zaslonu Sledenje poti.</string>
  <string name="recordRouteDistanceSave">%1$s\n%2$s ob %3$s\nRazdalja: %4$s\nAli želite shraniti?</string>
  <string name="titleRemoveDestinationWaypoint">Odstrani cilj/točko poti</string>
  <string name="renameYourRecordedRoute">Preimenujte svojo posneto pot.</string>
  <string name="messageRestartToDismiss">Znova zaženite aplikacijo Navigacija, da počistite napako.</string>
  <string name="restrictedRoadOnRoute">Cesta s prepovedmi na poti</string>
  <string name="roadIsClosed">Cesta je trenutno zaprta</string>
  <string name="noSavedRouteYet">Shranili niste še nobene poti.</string>
  <string name="roadTracingDescription">Sledenje poti vam pomaga pri snemanju poti izven urejenih cest in najti pot nazaj na izhodiščno točko.</string>
  <string name="routeTracing">Sledenje poti</string>
  <string name="toastRouteOptionsUncheck">Prekličite izbor in nato izberite drugo možnost</string>
  <string name="routingToNearestPointToDestination">Vodenje do poti, ki je najbliže vašemu cilju.</string>
  <string name="dialogStopRecordingMemoryDiskIsFull">Kartica SD polna</string>
  <string name="dialogCannotRecordMemoryCardIsFull">Kartica SD je polna. Več poti trenutno ni mogoče posneti.</string>
  <string name="dialogueStoppedRecording">Snemanje ustavljeno</string>
  <string name="navSDCardFullRecStopMessage">Kartica SD je polna. Snemanje je ustavljeno.</string>
  <string name="listView">Pogl. sezn.</string>
  <string name="SearchHistoryClearedMessage">Zgodovina iskanja počiščena</string>
  <string name="SearchHistoryRestoredMessage">Zgodovina iskanja obnovljena</string>
  <string name="shoppingLifeIcon">Nakup./življ. slog</string>
  <string name="barsAsia">Bari</string>
  <string name="generalHospitals">Splošne bolnišnice</string>
  <string name="gradeATertiaryHospitals">Univerzitetni klinični centri</string>
  <string name="starClassHotels">Hoteli po kategoriji zvezdic</string>
  <string name="mapView">Pogled zem.</string>
  <string name="incrDataUpdateInProcess">Posodabljanje zemljevida v teku: %1$s %</string>
  <string name="poiBankATMsTitle">Banke/bankomati</string>
  <string name="bookStoreItemLabel">Knjigarne</string>
  <string name="commercialStreetItemLabel">Nakupovalna središča</string>
  <string name="veterinarianItemLabel">Veterinarji</string>
  <string name="shoppingLifeTitle">Nakupovanje/življenjski slog</string>
  <string name="titleShowPOIsOnMap">Prikaži na zemljevidu</string>
  <string name="navLabelTakenToast">Oznaka je v uporabi. Izberite drugo.</string>
  <string name="navSetUpWorkCard">Nastavi služb. naslov</string>
  <string name="navSetUpHomeCard">Nastavi domači naslov</string>
  <string name="navDragMapUpdateAddress">Povlecite zemlj., da posod. naslov</string>
  <string name="navLabelButton">Oznaka</string>
  <string name="commonDone">Končano</string>
  <string name="favoriteSaved">Shranjeno med priljubljene</string>
  <string name="navHidePermanentlyText">Trajno skrij</string>
  <string name="navHiddenDestinationNotice">Ta lokacija več ne bo prikazana kot pametni cilj. Tega dejanja ni mogoče razveljaviti.</string>
  <string name="navHideButton">Skrij</string>
  <string name="navHidePermanaentlyLabel">Ali želite trajno skriti?</string>
  <string name="navChangesSavedToast">Spremembe shranjene</string>
  <string name="annotationCVP0TimeToHome">%1$s do %2$s</string>
  <string name="buttonLearnMore">Več informacij</string>
  <string name="coachTripAssist">Pametni cilj prikazuje pomembne informacije o vožnji za vaše običajne poti</string>
  <string name="TripAssistMessage">Pametni cilj si zapomni in predvidi vaše priljubljene postanke ter vam pomaga doseči cilj hitreje in brez tipkanja.\n\nUporabite Možnosti &gt; Nastavitve &gt; Navigacija s predvidevanjem, če želite upravljati pametne cilje.</string>
  <string name="bubbleStartPoint">Začetna točka</string>
  <string name="trafficEventsUnavailableTitle">Prometni dogodki niso na voljo</string>
  <string name="trafficEventsUnavailableContent">Sistem za infotainment povežite s svojim telefonom, če želite prejemati sprotne prometne informacije.</string>
  <string name="navTollboothAhead">Približujete se cestninski postaji</string>
  <string name="significantTrafficDelayRerouteVars">Na običajni poti do cilja %1$s je velik zastoj.\nPreusmerite prek %2$s in prispeli boste %3$s min hitreje.</string>
  <string name="MRTStationItemLabel">Podzemne postaje/hitri tramvaji</string>
  <string name="dialogCannotRecordUnknownIssues">Neznana težava. Snemanje več poti trenutno ni mogoče.</string>
  <string name="rerouteViaVars">%1$s čez %2$s na %3$s (do %4$s)\nPreusmerite prek %5$s.</string>
  <string name="navViewPredictiveTutorial">Ogled navodil vam je na voljo v Nastavitve &gt; Navigacija s predvidevanjem.</string>
</resources>