<?xml version="1.0" encoding="UTF-8"?><resources>
  <string name="tacAccept">Akkoord</string>
  <string name="navAddLabelTextField">Voeg een label toe (Max. 10 tekens)</string>
  <string name="recentEditScreenDeleteMessageText">Adres verwijderd</string>
  <string name="navTurnImmediatelyNotice">Direct</string>
  <string name="categoryWinery">Wijnmakerijen</string>
  <string name="carWashItemLabel">Wasstraat</string>
  <string name="ui_nav1">Navigatie</string>
  <string name="mapUpdateFailedSDCardErrorContactDealer">Uw SD-kaart is vol of beschadigd. Raadpleeg de gebruikershandleiding voor meer informatie of bezoek uw dealer.</string>
  <string name="navLimitNumberRecordings">Er kunnen niet meer dan %1$s routes worden opgenomen. Verwijder oude opnamen voordat u nieuwe aanmaakt.</string>
  <string name="navActionFailedLabel">Actie mislukt</string>
  <string name="destinationFarFromRoad">Bestemming is ver van de weg gelegen</string>
  <string name="navDestinationNearby">Bestemming in de buurt</string>
  <string name="emergencyCenterItemLabel">Noodhulpcentra/eerstehulpafdelingen</string>
  <string name="enableSmartSearchLabel">Activeer Smart Search/Routing</string>
  <string name="favoriteRemoved">Favoriet verwijderd</string>
  <string name="commonMapServiceServiceRouteNotFound">Route niet gevonden</string>
  <string name="navSetUpHomeOption">Thuisadres instellen</string>
  <string name="navFeatureUnavailableInGuidanceToast">Functie niet beschikbaar in begeleidingsmodus</string>
  <string name="sdcardNotValidForVehicleErrorMessage">Deze SD-kaart is ongeschikt voor navigatie in dit voertuig. Zie uw gebruikershandleiding voor meer informatie of bezoek uw dealer.</string>
  <string name="snacksItemLabel">Snacks/dranken</string>
  <string name="dessertsBeverages">Desserts/dranken</string>
  <string name="categoryDeliSandwiches">Delicatessen/sandwiches</string>
  <string name="alertMsgFrequentTrafficAccidentAhead">Nadering gevaarlijk verkeerspunt</string>
  <string name="ftuePrice">Verkrijg automatische kaartupdates via de ether</string>
  <string name="ftueActiveRouting">Active Routing – Update de beste route dynamisch op basis van de huidige wegomstandigheden</string>
  <string name="ftueSmartDestination">Smart Destination – Leer en voorspel uw favoriete stopplaatsen en toon de beste routes om er te komen</string>
  <string name="ftueSmartSearch">Smart Search – Zoek snel plaatsen die belangrijk voor u zijn</string>
  <string name="ftueSkip">Overslaan</string>
  <string name="mapControlInstructionZoom">Zoomen</string>
  <string name="mapControlInstructionPan">Move</string>
  <string name="mapControlInstructionPin">Speld</string>
  <string name="mapControlInstructionRecenter">Centreren</string>
  <string name="mapControlInstructionDismiss">Negeren</string>
  <string name="mapControlInstructionSwitch">Wisselen</string>
  <string name="mapControlInstructionSelect">Selecteren</string>
  <string name="mapControlInstructionBack">Terug</string>
  <string name="mapControl">Kaartbediening</string>
  <string name="navTripStatsNotice">Ritgegevens</string>
  <string name="navSmartDestinationsReady">Uw Smart Destinations staan klaar!</string>
  <string name="navTapCardAlternateRoutes">Tik op de kaart voor alternatieve routes.</string>
  <string name="navSwipeDismissCard">Veeg naar links of naar rechts om de kaart te sluiten.</string>
  <string name="navSwipeMinimizeCard">Veeg naar beneden om de kaart te minimaliseren</string>
  <string name="navLongHoldEdit">Houd de kaart ingedrukt om hem te bewerken.</string>
  <string name="navFasterBubble">%1$s min.\nsneller</string>
  <string name="navSimilarTimeBubble">Vergelijk-bare tijd</string>
  <string name="navSlowerBubble">%1$s min.\ntrager</string>
  <string name="navYouveArrivedNotice">U hebt uw bestemming bereikt</string>
  <string name="navDynamicDistance">%1$s mi</string>
  <string name="largeMapUpdateAvailable">Grote kaartupdate beschikbaar</string>
  <string name="downloadSizeVarDataRatesApply">De downloadgrootte is circa %1$s MB.\nEr kunnen datakosten en/of extra kosten van toepassing zijn.</string>
  <string name="massageParlorsItemLabel">Massagesalons</string>
  <string name="tennisItemLabel">Tennisvelden</string>
  <string name="golfItemLabel">Golfbanen</string>
  <string name="categorySoccerField">Voetbalvelden</string>
  <string name="toastLocationMaskingOff">Maskering van de locatie UIT</string>
  <string name="titleLocationMasking">Maskering van de locatie AAN</string>
  <string name="navExitNavButton">Verlaat navigatie</string>
  <string name="subContent_requestPermissions">Navigatie vereist ook toestemming voor toegang tot uw locatie, telefoon en contacten.</string>
  <string name="navSystemSettingsGrantAccess">Ga naar Systeeminstellingen om toegang te verlenen.</string>
  <string name="mapColorSummary">Selecteer Auto om de modus automatisch te wijzigen op basis van de lichtomstandigheden.</string>
  <string name="newLocalMapUpdateAvailable">Nieuwe kaartupdate beschikbaar</string>
  <string name="onStarDynamic">%1$s</string>
  <string name="nameAlreadyTaken">Naam bestaat al</string>
  <string name="navHighwayModeTitle">Snelwegmodus</string>
  <string name="yourNavServiceRenewed">Uw navigatieservice is verlengd.</string>
  <string name="neverCheckForBetterRoute">Nooit zoeken naar betere routes</string>
  <string name="askBeforeRerouting">Vragen vóór omleiden naar nieuwe route</string>
  <string name="renewSubscriptionLabel">Abonnement verlengen</string>
  <string name="restartNavSystemNotice">U moet Navigatie opnieuw opstarten voordat het nieuwe abonnement van kracht wordt. Anders is het abonnement pas beschikbaar als u de volgende keer de motor start.\nNu opnieuw opstarten?</string>
  <string name="yourSubscriptionRenewed">Uw abonnement is verlengd.</string>
  <string name="couldNotFindChargingStation">Laadstation niet gevonden</string>
  <string name="noNearbyExits">Geen afritten in de buurt</string>
  <string name="noExitsNearby">Geen afritten in de buurt.</string>
  <string name="roadTracing">Route tracking</string>
  <string name="navWarningCallNotPossible">Navigatie kan de functie "Bellen" niet inschakelen als uw telefoon niet toegankelijk is.\nKlik hieronder op Toestemming tonen of ga naar Systeeminstellingen om toegang te verlenen.</string>
  <string name="poiBankATMsIcon">Banken</string>
  <string name="poiDrink">Cafés/pubs</string>
  <string name="dialogueContinueRecordingRoute">Opname voortzetten?</string>
  <string name="dialogRecordedSince">Opgenomen vanaf:\n%1$s om %2$s</string>
  <string name="messageTotalDistanceExceed">De totale hemelsbrede afstand van de rit kan niet groter zijn dan %1$s.</string>
  <string name="navTAPTCDetails">Tik om details te bekijken</string>
  <string name="navSaveChangesLabel">Wijzigingen opslaan?</string>
  <string name="navSaveChangesPopup">Wijzigingen naar Smart Destination opslaan?</string>
  <string name="navUpdateButton">Bijwerken</string>
  <string name="ftueToastTurnOnPredictiveNav">Voorspellende navigatie UIT. Zet deze AAN in Instellingen.</string>
  <string name="ftuePredictiveNavIsOn">Voorspellende navigatie AAN. Zet deze UIT in Instellingen.</string>
  <string name="dialogContentReminder">Voorspellende navigatie AAN. Zet deze UIT in Instellingen.</string>
  <string name="RecentDestinationsClearedMessage">Recente bestemmingen gewist</string>
  <string name="RecentDestinationsRestoredMessage">Recente bestemmingen teruggezet</string>
  <string name="toastRecordedRouteSaved">Opgenomen route opgeslagen. Zoek deze in het scherm Route tracking.</string>
  <string name="recordRouteDistanceSave">%1$s\n%2$s om %3$s\nAfstand: %4$s\nWilt u opslaan?</string>
  <string name="titleRemoveDestinationWaypoint">Bestemming/routepunt verwijderen</string>
  <string name="renameYourRecordedRoute">Wijzig de naam van uw opgenomen route.</string>
  <string name="messageRestartToDismiss">Herstart de Navigatie-app om het probleem te elimineren.</string>
  <string name="restrictedRoadOnRoute">Verboden weg op route</string>
  <string name="roadIsClosed">Weg is momenteel afgesloten</string>
  <string name="noSavedRouteYet">U hebt nog geen routes opgeslagen.</string>
  <string name="roadTracingDescription">Met route tracking kunt u uw off-road route opnemen en terug naar het beginpunt volgen.</string>
  <string name="routeTracing">Route tracking</string>
  <string name="toastRouteOptionsUncheck">Vink een optie uit en vink een andere aan</string>
  <string name="routingToNearestPointToDestination">Route berekenen naar dichtstbijzijnde bestemmingspunt.</string>
  <string name="dialogStopRecordingMemoryDiskIsFull">SD-kaart vol</string>
  <string name="dialogCannotRecordMemoryCardIsFull">SD-kaart vol. Er kunnen momenteel geen routes meer worden opgenomen.</string>
  <string name="dialogueStoppedRecording">Opname gestopt</string>
  <string name="navSDCardFullRecStopMessage">SD-kaart vol. Opname gestopt.</string>
  <string name="listView">Lijst tonen</string>
  <string name="SearchHistoryClearedMessage">Zoekgeschiedenis gewist</string>
  <string name="SearchHistoryRestoredMessage">Zoekgeschiedenis teruggezet</string>
  <string name="shoppingLifeIcon">Winkels/lifestyle</string>
  <string name="barsAsia">Cafés</string>
  <string name="generalHospitals">Algemene ziekenhuizen</string>
  <string name="gradeATertiaryHospitals">Regionale ziekenhuizen</string>
  <string name="starClassHotels">Topklasse hotels</string>
  <string name="mapView">Kaart tonen</string>
  <string name="incrDataUpdateInProcess">Kaartupdate wordt uitgevoerd: %1$s%</string>
  <string name="poiBankATMsTitle">Banken/geldautomaten</string>
  <string name="bookStoreItemLabel">Boekenwinkels</string>
  <string name="commercialStreetItemLabel">Winkelcentra</string>
  <string name="veterinarianItemLabel">Dierenartsen</string>
  <string name="shoppingLifeTitle">Winkels/lifestyle</string>
  <string name="titleShowPOIsOnMap">Op kaart tonen</string>
  <string name="navLabelTakenToast">Label bestaat al. Kies een ander label.</string>
  <string name="navSetUpWorkCard">Werkadres instellen</string>
  <string name="navSetUpHomeCard">Thuisadres instellen</string>
  <string name="navDragMapUpdateAddress">Versleep kaart naar nieuw adres</string>
  <string name="navLabelButton">Label</string>
  <string name="commonDone">Gereed</string>
  <string name="favoriteSaved">Favoriet opgeslagen</string>
  <string name="navHidePermanentlyText">Permanent verbergen</string>
  <string name="navHiddenDestinationNotice">Deze locatie wordt niet meer als Smart Destination getoond. U kunt deze actie niet ongedaan maken.</string>
  <string name="navHideButton">Verbergen</string>
  <string name="navHidePermanaentlyLabel">Permanent verbergen?</string>
  <string name="navChangesSavedToast">Wijzigingen opgeslagen</string>
  <string name="annotationCVP0TimeToHome">%1$s naar %2$s</string>
  <string name="buttonLearnMore">Meer informatie</string>
  <string name="coachTripAssist">Smart Destination toont belangrijke informatie voor uw gebruikelijke ritten</string>
  <string name="TripAssistMessage">Smart Destination verkrijgt inzicht in uw favoriete bestemmingen en voorspelt deze, zodat u hier sneller kunt komen zonder iets in te typen.\n\nBeheer Smart Destination in Opties &gt; Instellingen &gt; Voorspellende navigatie.</string>
  <string name="bubbleStartPoint">Beginpunt</string>
  <string name="trafficEventsUnavailableTitle">Verkeersinformatie niet beschikbaar</string>
  <string name="trafficEventsUnavailableContent">Koppel het infotainmentsysteem met uw telefoon voor verkeersinformatie.</string>
  <string name="navTollboothAhead">U nadert een tolpoort</string>
  <string name="significantTrafficDelayRerouteVars">Grote verkeershinder op gebruikelijke route naar %1$s.\nOmrijden via %2$s bespaart %3$s min.</string>
  <string name="MRTStationItemLabel">Metro-/lightrail-/tramstations</string>
  <string name="dialogCannotRecordUnknownIssues">Onbekend probleem. Er kunnen momenteel geen routes meer worden opgenomen.</string>
  <string name="rerouteViaVars">%1$s over %2$s op %3$s (tot %4$s)\nNieuwe route via %5$s</string>
  <string name="navViewPredictiveTutorial">U kunt de handleiding bekijken in Instellingen &gt; Voorspellende navigatie</string>
</resources>