<?xml version="1.0" encoding="UTF-8"?><resources>
  <string name="tacAccept">Aceptar</string>
  <string name="navAddLabelTextField">Agregue una etiqueta (máx. 10 caracteres).</string>
  <string name="recentEditScreenDeleteMessageText">Dirección eliminada</string>
  <string name="navTurnImmediatelyNotice">Inmediatamente</string>
  <string name="categoryWinery">Bodegas</string>
  <string name="carWashItemLabel">Lavado de automóviles</string>
  <string name="ui_nav1">Navegación</string>
  <string name="mapUpdateFailedSDCardErrorContactDealer">La tarjeta SD está llena o dañada. Consulte el Manual de Instrucciones para ver más detalles o visite a su concesionario.</string>
  <string name="navLimitNumberRecordings">No es posible grabar más de %1$s rutas. Elimine grabaciones antiguas antes de crear otras nuevas.</string>
  <string name="navActionFailedLabel">Fallo en la acción</string>
  <string name="destinationFarFromRoad">Destino alejado de la carretera</string>
  <string name="navDestinationNearby">Destino cercano</string>
  <string name="emergencyCenterItemLabel">Urgencias/Hospital</string>
  <string name="enableSmartSearchLabel">Activar para búsqueda/cálculo de ruta inteligente</string>
  <string name="favoriteRemoved">Favorito eliminado</string>
  <string name="commonMapServiceServiceRouteNotFound">Ruta no encontrada</string>
  <string name="navSetUpHomeOption">Configurar dirección de casa</string>
  <string name="navFeatureUnavailableInGuidanceToast">Función no disponible en modo de guía</string>
  <string name="sdcardNotValidForVehicleErrorMessage">Tarjeta SD no válida para navegación en este vehículo. Consulte Manual de Instrucciones para ver detalles o visite a su concesionario.</string>
  <string name="snacksItemLabel">Refrigerios/Bebidas</string>
  <string name="dessertsBeverages">Postres/Bebidas</string>
  <string name="categoryDeliSandwiches">Delicatessen/Sándwiches</string>
  <string name="alertMsgFrequentTrafficAccidentAhead">Accidentes de tráfico frecuentes delante</string>
  <string name="ftuePrice">Reciba actualizaciones de mapas automáticas inalámbricas.</string>
  <string name="ftueActiveRouting">Cálculo de ruta activo: actualiza la mejor ruta de forma dinámica en función de las condiciones actuales de la carretera.</string>
  <string name="ftueSmartDestination">Destino inteligente: aprende y predice sus paradas favoritas y le muestra las mejores rutas para llegar a ellas.</string>
  <string name="ftueSmartSearch">Búsqueda inteligente: encuentra con rapidez los lugares que le interesan.</string>
  <string name="ftueSkip">Saltar</string>
  <string name="mapControlInstructionZoom">Zoom</string>
  <string name="mapControlInstructionPan">Desplazar</string>
  <string name="mapControlInstructionPin">Alfiler</string>
  <string name="mapControlInstructionRecenter">Centrar</string>
  <string name="mapControlInstructionDismiss">Descartar</string>
  <string name="mapControlInstructionSwitch">Cambiar</string>
  <string name="mapControlInstructionSelect">Selecc.</string>
  <string name="mapControlInstructionBack">Atrás</string>
  <string name="mapControl">Control del mapa</string>
  <string name="navTripStatsNotice">Estadísticas del viaje</string>
  <string name="navSmartDestinationsReady">¡Sus destinos inteligentes están listos!</string>
  <string name="navTapCardAlternateRoutes">Toque la tarjeta para ver rutas alternativas.</string>
  <string name="navSwipeDismissCard">Deslice hacia la izquierda o hacia la derecha para descartar la tarjeta.</string>
  <string name="navSwipeMinimizeCard">Deslice hacia abajo para minimizar la tarjeta.</string>
  <string name="navLongHoldEdit">Realice una pulsación larga para editar la tarjeta.</string>
  <string name="navFasterBubble">%1$s min\nmás rápid.</string>
  <string name="navSimilarTimeBubble">Hora similar</string>
  <string name="navSlowerBubble">%1$s min\nmás lenta</string>
  <string name="navYouveArrivedNotice">Ha llegado a su destino.</string>
  <string name="navDynamicDistance">%1$s mi</string>
  <string name="largeMapUpdateAvailable">Actualiz. mapa completo disponible</string>
  <string name="downloadSizeVarDataRatesApply">Tamaño de descarga de aprox. %1$s MB.\nPuede que se apliquen tarifas de datos o por exceso.</string>
  <string name="massageParlorsItemLabel">Salón de masajes</string>
  <string name="tennisItemLabel">Pistas de tenis</string>
  <string name="golfItemLabel">Campos de golf</string>
  <string name="categorySoccerField">Campos de fútbol</string>
  <string name="toastLocationMaskingOff">Desenmascaramiento de ubicación</string>
  <string name="titleLocationMasking">Enmascaramiento de ubicación</string>
  <string name="navExitNavButton">Salir de navegación</string>
  <string name="subContent_requestPermissions">La navegación también necesita permiso para acceder a su ubicación, teléfono y contactos.</string>
  <string name="navSystemSettingsGrantAccess">Acceda a Ajustes del sistema para conceder acceso.</string>
  <string name="mapColorSummary">Seleccione Automático para cambiar automáticamente de modo en función de las condiciones de iluminación.</string>
  <string name="newLocalMapUpdateAvailable">Nueva actualiz. mapa local disponible</string>
  <string name="onStarDynamic">%1$s</string>
  <string name="nameAlreadyTaken">El nombre ya existe.</string>
  <string name="navHighwayModeTitle">Modo de autopista</string>
  <string name="yourNavServiceRenewed">El servicio de navegación se ha renovado.</string>
  <string name="neverCheckForBetterRoute">No buscar nunca mejores rutas</string>
  <string name="askBeforeRerouting">Preguntar antes de calcular nueva ruta</string>
  <string name="renewSubscriptionLabel">Renovar suscripción</string>
  <string name="restartNavSystemNotice">Debe reiniciar la navegación para que se aplique la nueva suscripción. Si no, la suscripción no estará disponible hasta la próxima vez que arranque el motor.\n¿Reiniciar ahora?</string>
  <string name="yourSubscriptionRenewed">La suscripción se ha renovado.</string>
  <string name="couldNotFindChargingStation">No se ha podido encontrar estación de carga</string>
  <string name="noNearbyExits">No hay salidas cercanas.</string>
  <string name="noExitsNearby">No hay salidas cercanas.</string>
  <string name="roadTracing">Rastreo de ruta</string>
  <string name="navWarningCallNotPossible">Sin acceso al teléfono, la navegación no puede activar la función "Llamar".\nPara conceder acceso, haga clic en Mostrar permiso a continuación o acceda a Ajustes del sistema.</string>
  <string name="poiBankATMsIcon">Bancos/Cajeros</string>
  <string name="poiDrink">Bebidas</string>
  <string name="dialogueContinueRecordingRoute">¿Continuar grabando?</string>
  <string name="dialogRecordedSince">Grabación desde:\n%1$s a las %2$s</string>
  <string name="messageTotalDistanceExceed">La distancia lineal total del viaje completo no puede superar %1$s.</string>
  <string name="navTAPTCDetails">Toque para ver detalles.</string>
  <string name="navSaveChangesLabel">¿Guardar cambios?</string>
  <string name="navSaveChangesPopup">¿Guardar cambios en destino inteligente?</string>
  <string name="navUpdateButton">Actualizar</string>
  <string name="ftueToastTurnOnPredictiveNav">Navegación predictiva desactivada. Actívela en Configuración.</string>
  <string name="ftuePredictiveNavIsOn">Navegación predictiva activada. Desactívela en Configuración.</string>
  <string name="dialogContentReminder">Navegación predictiva activada. Desactívela en Configuración.</string>
  <string name="RecentDestinationsClearedMessage">Destinos recientes borrados</string>
  <string name="RecentDestinationsRestoredMessage">Destinos recientes restaurados</string>
  <string name="toastRecordedRouteSaved">Ruta grabada guardada. Puede encontrarla en la pantalla Rastreo de ruta.</string>
  <string name="recordRouteDistanceSave">%1$s\n%2$s a las %3$s\nDistancia: %4$s\n¿Desea guardar?</string>
  <string name="titleRemoveDestinationWaypoint">Eliminar destino/punto de ruta</string>
  <string name="renameYourRecordedRoute">Cambie el nombre de la ruta grabada.</string>
  <string name="messageRestartToDismiss">Reinicie la aplicación Navegación para descartar el error.</string>
  <string name="restrictedRoadOnRoute">Carretera restringida en ruta</string>
  <string name="roadIsClosed">Carretera actualmente cortada</string>
  <string name="noSavedRouteYet">Aún no ha guardado ninguna ruta.</string>
  <string name="roadTracingDescription">Rastreo de ruta le ayuda a grabar las rutas fuera de la carretera y regresar al punto de partida.</string>
  <string name="routeTracing">Rastreo de ruta</string>
  <string name="toastRouteOptionsUncheck">Desmarque una casilla y luego marque otra.</string>
  <string name="routingToNearestPointToDestination">Calculando ruta al punto más cercano a su destino...</string>
  <string name="dialogStopRecordingMemoryDiskIsFull">Tarjeta SD llena</string>
  <string name="dialogCannotRecordMemoryCardIsFull">Tarjeta SD llena. En este momento no se pueden grabar más rutas.</string>
  <string name="dialogueStoppedRecording">Grabación detenida</string>
  <string name="navSDCardFullRecStopMessage">Tarjeta SD llena. Grabación detenida.</string>
  <string name="listView">Ver lista</string>
  <string name="SearchHistoryClearedMessage">Historial de búsqueda borrado</string>
  <string name="SearchHistoryRestoredMessage">Historial de búsqueda restaurado</string>
  <string name="shoppingLifeIcon">Tiendas/Moda</string>
  <string name="barsAsia">Bares</string>
  <string name="generalHospitals">Hospitales generales</string>
  <string name="gradeATertiaryHospitals">Hospitales públicos</string>
  <string name="starClassHotels">Hoteles de 3-5 estrellas</string>
  <string name="mapView">Vista mapa</string>
  <string name="incrDataUpdateInProcess">Actualización de mapa en curso: %1$s%</string>
  <string name="poiBankATMsTitle">Bancos/Cajeros</string>
  <string name="bookStoreItemLabel">Librerías</string>
  <string name="commercialStreetItemLabel">Distritos comerciales</string>
  <string name="veterinarianItemLabel">Clínicas veterinarias</string>
  <string name="shoppingLifeTitle">Tiendas/Moda</string>
  <string name="titleShowPOIsOnMap">Mostrar en mapa</string>
  <string name="navLabelTakenToast">La etiqueta ya existe. Elija otra.</string>
  <string name="navSetUpWorkCard">Config. direc. trabajo</string>
  <string name="navSetUpHomeCard">Config. dirección casa</string>
  <string name="navDragMapUpdateAddress">Arrastre mapa para actual. direc.</string>
  <string name="navLabelButton">Etiqueta</string>
  <string name="commonDone">Terminar</string>
  <string name="favoriteSaved">Favorito guardado</string>
  <string name="navHidePermanentlyText">Ocultar permanentemente</string>
  <string name="navHiddenDestinationNotice">Esta ubicación no se volverá a mostrar como un destino inteligente. No puede deshacer esta acción.</string>
  <string name="navHideButton">Ocultar</string>
  <string name="navHidePermanaentlyLabel">¿Ocultar permanentemente?</string>
  <string name="navChangesSavedToast">Cambios guardados</string>
  <string name="annotationCVP0TimeToHome">%1$s a %2$s</string>
  <string name="buttonLearnMore">Más informac.</string>
  <string name="coachTripAssist">Destino inteligente muestra información de conducción importante para sus viajes habituales.</string>
  <string name="TripAssistMessage">Destino inteligente aprende y predice sus paradas favoritas para ayudarle a llegar a ellas más rápido sin tener que escribir.\n\nGestione Destino inteligente en Opciones &gt; Configuración &gt; Navegación predictiva.</string>
  <string name="bubbleStartPoint">Punto de partida</string>
  <string name="trafficEventsUnavailableTitle">Evento de tráfico no disponible</string>
  <string name="trafficEventsUnavailableContent">Enlace el sistema de infoocio a su teléfono para recibir tráfico en directo.</string>
  <string name="navTollboothAhead">Peaje delante</string>
  <string name="significantTrafficDelayRerouteVars">Retraso de tráfico considerable en ruta habitual a %1$s.\nCalcular nueva ruta por %2$s y ahorrar %3$s min.</string>
  <string name="MRTStationItemLabel">Estaciones de metro/ferrocarril</string>
  <string name="dialogCannotRecordUnknownIssues">Problemas desconocidos. En este momento no se pueden grabar más rutas.</string>
  <string name="rerouteViaVars">%1$s a %2$s en %3$s (hacia %4$s)\nCalcular nueva ruta por %5$s.</string>
  <string name="navViewPredictiveTutorial">Puede ver el tutorial en Configuración &gt; Navegación predictiva.</string>
</resources>