<?xml version="1.0" encoding="UTF-8"?><resources>
  <string name="tacAccept">Zustimmen</string>
  <string name="navAddLabelTextField">Label hinzufügen (max. 10 Zeichen)</string>
  <string name="recentEditScreenDeleteMessageText">Adresse gelöscht</string>
  <string name="navTurnImmediatelyNotice">Sofort</string>
  <string name="categoryWinery">Weinhandel</string>
  <string name="carWashItemLabel">Autowaschanlagen</string>
  <string name="ui_nav1">Navi</string>
  <string name="mapUpdateFailedSDCardErrorContactDealer">Ihre SD-Karte ist voll oder beschädigt. Lesen Sie hierzu die Betriebsanleitung oder wenden Sie sich an Ihren Händler.</string>
  <string name="navLimitNumberRecordings">Es können nicht mehr als %1$s Strecken aufgezeichnet werden. Löschen Sie alte Aufzeichnungen, bevor Sie neue erstellen.</string>
  <string name="navActionFailedLabel">Aktion fehlgeschlagen.</string>
  <string name="destinationFarFromRoad">Ziel weit abseits der Straße</string>
  <string name="navDestinationNearby">Ziel in der Nähe</string>
  <string name="emergencyCenterItemLabel">Notfallzentren/Ambulanzen</string>
  <string name="enableSmartSearchLabel">Intelligente Suche und Streckenführung aktiv.</string>
  <string name="favoriteRemoved">Favorit wurde gelöscht.</string>
  <string name="commonMapServiceServiceRouteNotFound">Strecke nicht gefunden.</string>
  <string name="navSetUpHomeOption">Zuhause festlegen</string>
  <string name="navFeatureUnavailableInGuidanceToast">Funktion im Zielführungsmodus nicht verfügbar.</string>
  <string name="sdcardNotValidForVehicleErrorMessage">Die SD-Karte ist in diesem Fahrzeug für die Navigation ungültig. Näheres in der Betriebs-anleitung oder an den Händler wenden.</string>
  <string name="snacksItemLabel">Snacks/Getränke</string>
  <string name="dessertsBeverages">Desserts/Getränke</string>
  <string name="categoryDeliSandwiches">Feinkost/Sandwiches</string>
  <string name="alertMsgFrequentTrafficAccidentAhead">Ort häufiger Unfälle voraus</string>
  <string name="ftuePrice">Laden Sie automatische Kartenupdates per Funk herunter.</string>
  <string name="ftueActiveRouting">Aktive Streckenführung: Aktualisiert die beste Strecke dynamisch auf Basis der aktuellen Straßenverhältnisse.</string>
  <string name="ftueSmartDestination">Intelligentes Ziel: Lernt Ihre Lieblingsziele und sagt sie voraus und zeigt Ihnen die besten Strecken dorthin an.</string>
  <string name="ftueSmartSearch">Intelligente Suche: Findet schnell Orte, die Ihnen am wichtigsten sind.</string>
  <string name="ftueSkip">Überspringen</string>
  <string name="mapControlInstructionZoom">Zoomen</string>
  <string name="mapControlInstructionPan">Verschieb.</string>
  <string name="mapControlInstructionPin">Auswählen</string>
  <string name="mapControlInstructionRecenter">Zentrieren</string>
  <string name="mapControlInstructionDismiss">Schließen</string>
  <string name="mapControlInstructionSwitch">Wechseln</string>
  <string name="mapControlInstructionSelect">Auswählen</string>
  <string name="mapControlInstructionBack">Zurück</string>
  <string name="mapControl">Kartensteuerung</string>
  <string name="navTripStatsNotice">Routenstatistik</string>
  <string name="navSmartDestinationsReady">Ihre intelligenten Ziele sind bereit.</string>
  <string name="navTapCardAlternateRoutes">Karte antippen, um alternative Strecken zu erhalten.</string>
  <string name="navSwipeDismissCard">Nach links oder rechts wischen, um eine Karte zu schließen.</string>
  <string name="navSwipeMinimizeCard">Nach unten wischen, um eine Karte zu verkleinern.</string>
  <string name="navLongHoldEdit">Gedrückt halten, um eine Karte zu bearbeiten.</string>
  <string name="navFasterBubble">%1$s min\nschneller</string>
  <string name="navSimilarTimeBubble">Ähnliche Fahrtdauer</string>
  <string name="navSlowerBubble">%1$s min\nlangs.</string>
  <string name="navYouveArrivedNotice">Sie sind am Ziel.</string>
  <string name="navDynamicDistance">%1$s mi</string>
  <string name="largeMapUpdateAvailable">Großes Kartenupdate verfügbar</string>
  <string name="downloadSizeVarDataRatesApply">Die Downloadgröße beträgt etwa %1$s MB.\nEs können Gebühren f. Datenraten und/oder Datenlimitüberschreitung anfallen.</string>
  <string name="massageParlorsItemLabel">Massage</string>
  <string name="tennisItemLabel">Tennisplätze</string>
  <string name="golfItemLabel">Golfplätze</string>
  <string name="categorySoccerField">Fußballplätze</string>
  <string name="toastLocationMaskingOff">Standort verbergen aus</string>
  <string name="titleLocationMasking">Standort verbergen ein</string>
  <string name="navExitNavButton">Navigation beenden</string>
  <string name="subContent_requestPermissions">Darüber hinaus muss die Navigation auf Ihren Standort, Ihr Telefon und Ihre Kontakte zugreifen können.</string>
  <string name="navSystemSettingsGrantAccess">Gehen Sie in die Systemeinstellungen, um den Zugriff zu erlauben.</string>
  <string name="mapColorSummary">Bei „Automatisch“ ändert sich der Modus automatisch anhand der Lichtverhältnisse.</string>
  <string name="newLocalMapUpdateAvailable">Neues Update f. lokale Karten verfüg.</string>
  <string name="onStarDynamic">%1$s</string>
  <string name="nameAlreadyTaken">Name bereits vorhanden</string>
  <string name="navHighwayModeTitle">Schnellstraßenmodus</string>
  <string name="yourNavServiceRenewed">Das Abo für den Navigationsdienst wurde verlängert.</string>
  <string name="neverCheckForBetterRoute">Nie nach besseren Strecken suchen</string>
  <string name="askBeforeRerouting">Vor Umleitung fragen</string>
  <string name="renewSubscriptionLabel">Abo verlängern</string>
  <string name="restartNavSystemNotice">Starten Sie die Navigation neu, damit das Abo wirksam wird. Ihr Abo ist sonst erst verfügbar, wenn Sie das Fahrzeug das nächste Mal starten.\nNavigation jetzt neu starten?</string>
  <string name="yourSubscriptionRenewed">Ihr Abo wurde verlängert.</string>
  <string name="couldNotFindChargingStation">Keine Ladestation in der Nähe gefunden.</string>
  <string name="noNearbyExits">Keine Ausfahrten in der Nähe</string>
  <string name="noExitsNearby">Keine Ausfahrten in der Nähe.</string>
  <string name="roadTracing">Streckenverfolg.</string>
  <string name="navWarningCallNotPossible">Ohne Zugriff auf Ihr Telefon kann die Navigation die „Anrufen“-Funktion nicht aktivieren.\nUm den Zugriff zu erlauben, klicken Sie unten auf „Berechtigung anzeigen“ oder öffnen Sie die Systemeinstellungen.</string>
  <string name="poiBankATMsIcon">Banken/Geldaut.</string>
  <string name="poiDrink">Getränke</string>
  <string name="dialogueContinueRecordingRoute">Aufzeichnung fortsetzen?</string>
  <string name="dialogRecordedSince">Aufgezeichnet seit:\n%1$s um %2$s</string>
  <string name="messageTotalDistanceExceed">Die Gesamtfahrstrecke der Reise darf %1$s nicht überschreiten.</string>
  <string name="navTAPTCDetails">Für Einzelheiten antippen</string>
  <string name="navSaveChangesLabel">Änderungen speichern?</string>
  <string name="navSaveChangesPopup">Änderungen in „Intelligentes Ziel“ speichern?</string>
  <string name="navUpdateButton">Aktualisieren</string>
  <string name="ftueToastTurnOnPredictiveNav">Vorausschauende Navigation ist aus. Schalten Sie sie in den Einstellungen ein.</string>
  <string name="ftuePredictiveNavIsOn">Vorausschauende Navigation ist ein. Schalten Sie sie in den Einstellungen aus.</string>
  <string name="dialogContentReminder">Vorausschauende Navigation ist ein. Schalten Sie sie in den Einstellungen aus.</string>
  <string name="RecentDestinationsClearedMessage">Letzte Ziele gelöscht</string>
  <string name="RecentDestinationsRestoredMessage">Letzte Ziele wiederhergestellt</string>
  <string name="toastRecordedRouteSaved">Aufgezeichnete Strecke gespeichert. Sie finden diese in der Streckenverfolgung.</string>
  <string name="recordRouteDistanceSave">%1$s\n%2$s um %3$s\nFahrstrecke: %4$s\nMöchten Sie die Aufzeichnung speichern?</string>
  <string name="titleRemoveDestinationWaypoint">Ziel/Zwischenziel entfernen</string>
  <string name="renameYourRecordedRoute">Benennen Sie Ihre aufgezeichnete Strecke um.</string>
  <string name="messageRestartToDismiss">Starten Sie die Navigations-App neu, um den Fehler zu schließen.</string>
  <string name="restrictedRoadOnRoute">Eingeschränkt befahrbare Straße auf der Strecke</string>
  <string name="roadIsClosed">Straße derzeit gesperrt</string>
  <string name="noSavedRouteYet">Sie haben noch keine Strecke gespeichert.</string>
  <string name="roadTracingDescription">Mithilfe der Streckenverfolgung können Sie Ihre Offroad-Strecken aufzeichnen und zum Startpunkt zurückfinden.</string>
  <string name="routeTracing">Streckenverfolgung</string>
  <string name="toastRouteOptionsUncheck">Heben Sie die Auswahl auf, bevor Sie eine andere Auswahl treffen.</string>
  <string name="routingToNearestPointToDestination">Streckenführung zu Punkt, der dem Ziel am nächsten liegt.</string>
  <string name="dialogStopRecordingMemoryDiskIsFull">SD-Karte voll</string>
  <string name="dialogCannotRecordMemoryCardIsFull">Die SD-Karte ist voll. Aktuell können keine weiteren Strecken aufgezeichnet werden.</string>
  <string name="dialogueStoppedRecording">Aufzeichnung beendet</string>
  <string name="navSDCardFullRecStopMessage">SD-Karte voll. Aufzeichnung beendet.</string>
  <string name="listView">Liste</string>
  <string name="SearchHistoryClearedMessage">Suchverlauf gelöscht</string>
  <string name="SearchHistoryRestoredMessage">Suchverlauf wiederhergestellt</string>
  <string name="shoppingLifeIcon">Shopp./Lifestyle</string>
  <string name="barsAsia">Bars</string>
  <string name="generalHospitals">Allgemeine Krankenhäuser</string>
  <string name="gradeATertiaryHospitals">Großkrankenhäuser</string>
  <string name="starClassHotels">Sternehotels</string>
  <string name="mapView">Karte</string>
  <string name="incrDataUpdateInProcess">Kartenupdate läuft: %1$s %</string>
  <string name="poiBankATMsTitle">Banken/Geldautomaten</string>
  <string name="bookStoreItemLabel">Buchhandlungen</string>
  <string name="commercialStreetItemLabel">Einkaufsviertel</string>
  <string name="veterinarianItemLabel">Tierärzte</string>
  <string name="shoppingLifeTitle">Shopping/Lifestyle</string>
  <string name="titleShowPOIsOnMap">Auf Karte anzeigen</string>
  <string name="navLabelTakenToast">Label bereits vorhanden. Bitte anderes Label auswählen.</string>
  <string name="navSetUpWorkCard">Arbeitsplatz festlegen</string>
  <string name="navSetUpHomeCard">Zuhause festlegen</string>
  <string name="navDragMapUpdateAddress">Karte ziehen, um Adr. zu aktualis.</string>
  <string name="navLabelButton">Label</string>
  <string name="commonDone">Fertig</string>
  <string name="favoriteSaved">Favorit wurde gespeichert.</string>
  <string name="navHidePermanentlyText">Dauerhaft ausblenden</string>
  <string name="navHiddenDestinationNotice">Dieser Ort erscheint nicht mehr als intelligentes Ziel. Diese Aktion kann nicht rückgängig gemacht werden.</string>
  <string name="navHideButton">Ausblenden</string>
  <string name="navHidePermanaentlyLabel">Dauerhaft ausblenden?</string>
  <string name="navChangesSavedToast">Änderungen wurden gespeichert.</string>
  <string name="annotationCVP0TimeToHome">%1$s bis %2$s</string>
  <string name="buttonLearnMore">Mehr erfahren</string>
  <string name="coachTripAssist">„Intelligentes Ziel“ zeigt zu Ihren üblichen Routen wichtige Fahrinformationen an.</string>
  <string name="TripAssistMessage">„Intelligentes Ziel“ lernt Ihre Lieblingsziele und sagt sie voraus. So kommen Sie schneller ans Ziel, ohne etwas eingeben zu müssen.\n\n„Intelligentes Ziel“ verwalten in Optionen &gt; Einstellungen &gt; Vorausschauende Navigation.</string>
  <string name="bubbleStartPoint">Startpunkt</string>
  <string name="trafficEventsUnavailableTitle">Verkehrsmeldungen nicht verfügbar</string>
  <string name="trafficEventsUnavailableContent">Verbinden Sie das Infotainmentsystem per Tethering mit Ihrem Telefon, um aktuelle Verkehrsmeldungen zu erhalten.</string>
  <string name="navTollboothAhead">Mautstelle voraus</string>
  <string name="significantTrafficDelayRerouteVars">Erhebliche Verzögerungen auf üblicher Strecke zu %1$s.\nUmleitung über %2$s spart %3$s min.</string>
  <string name="MRTStationItemLabel">U-Bahn-/S-Bahn-Stationen</string>
  <string name="dialogCannotRecordUnknownIssues">Unbekannte Fehler. Derzeit können keine weiteren Strecken aufgezeichnet werden.</string>
  <string name="rerouteViaVars">%1$s in %2$s auf %3$s (nach %4$s)\nUmleiten über %5$s.</string>
  <string name="navViewPredictiveTutorial">Sie finden die Videoanleitung in Einstellungen &gt; Vorausschauende Navigation</string>
</resources>