<?xml version="1.0" encoding="UTF-8"?><resources>
  <string name="tacAccept">Accetta</string>
  <string name="navAddLabelTextField">Aggiungere un'etichetta (max. 10 caratteri)</string>
  <string name="recentEditScreenDeleteMessageText">Indirizzo eliminato</string>
  <string name="navTurnImmediatelyNotice">Subito</string>
  <string name="categoryWinery">Enoteche</string>
  <string name="carWashItemLabel">Autolavaggio</string>
  <string name="ui_nav1">Nav</string>
  <string name="mapUpdateFailedSDCardErrorContactDealer">Scheda SD piena o danneggiata. Vedere il Manuale di uso e manutenzione o recarsi dal concessionario.</string>
  <string name="navLimitNumberRecordings">Impossibile registrare più di %1$s percorsi. Eliminare le vecchie registrazioni prima di crearne di nuove.</string>
  <string name="navActionFailedLabel">Azione non riuscita</string>
  <string name="destinationFarFromRoad">Destinazione lontana dalla strada</string>
  <string name="navDestinationNearby">Destinazione nelle vicinanze</string>
  <string name="emergencyCenterItemLabel">Pronto Soccorso</string>
  <string name="enableSmartSearchLabel">Abilita per ricerca e instradamento intelligenti</string>
  <string name="favoriteRemoved">Preferito rimosso</string>
  <string name="commonMapServiceServiceRouteNotFound">Percorso non trovato</string>
  <string name="navSetUpHomeOption">Configura Abitazione</string>
  <string name="navFeatureUnavailableInGuidanceToast">Funzione non disponibile in modalità Guida</string>
  <string name="sdcardNotValidForVehicleErrorMessage">Scheda SD non valida in questo veicolo per la navigazione. Vedere il Manuale di uso e manutenzione o recarsi in concessionaria.</string>
  <string name="snacksItemLabel">Spuntini/bevande</string>
  <string name="dessertsBeverages">Dessert/bevande</string>
  <string name="categoryDeliSandwiches">Panineria</string>
  <string name="alertMsgFrequentTrafficAccidentAhead">Frequenti incidenti stradali più avanti</string>
  <string name="ftuePrice">Ottieni aggiornamenti mappa automatici via etere</string>
  <string name="ftueActiveRouting">Instradamento attivo: consente di aggiornare in modo dinamico il percorso migliore in base alle condizioni stradali attuali</string>
  <string name="ftueSmartDestination">Destinazione intelligente: acquisisce e prevede le tue soste preferite e mostra i percorsi migliori per arrivare a destinazione</string>
  <string name="ftueSmartSearch">Ricerca intelligente: consente di trovare rapidamente che cosa ti interessa</string>
  <string name="ftueSkip">Ignora</string>
  <string name="mapControlInstructionZoom">Zoom</string>
  <string name="mapControlInstructionPan">Scorri</string>
  <string name="mapControlInstructionPin">Seleziona</string>
  <string name="mapControlInstructionRecenter">Ricentra</string>
  <string name="mapControlInstructionDismiss">Ignora</string>
  <string name="mapControlInstructionSwitch">Cambia</string>
  <string name="mapControlInstructionSelect">Seleziona</string>
  <string name="mapControlInstructionBack">Indietro</string>
  <string name="mapControl">Comandi mappa</string>
  <string name="navTripStatsNotice">Statistiche percorso</string>
  <string name="navSmartDestinationsReady">Le destinazioni intelligenti sono pronte!</string>
  <string name="navTapCardAlternateRoutes">Toccare la carta per ottenere percorsi alternativi.</string>
  <string name="navSwipeDismissCard">Scorrere verso sinistra o destra per ignorare la carta.</string>
  <string name="navSwipeMinimizeCard">Scorrere verso il basso per ridurre al minimo la carta</string>
  <string name="navLongHoldEdit">Tenere premuto a lungo per modificare la carta.</string>
  <string name="navFasterBubble">%1$s min\npiù veloce</string>
  <string name="navSimilarTimeBubble">Tempo simile</string>
  <string name="navSlowerBubble">%1$s min\npiù lento</string>
  <string name="navYouveArrivedNotice">Destinazione raggiunta</string>
  <string name="navDynamicDistance">%1$s mi</string>
  <string name="largeMapUpdateAvailable">Disponibile agg. mappa grande</string>
  <string name="downloadSizeVarDataRatesApply">Dimensioni del download: circa %1$s MB.\nPossono essere applicate tariffe dati e/o tariffe medie.</string>
  <string name="massageParlorsItemLabel">Massaggi</string>
  <string name="tennisItemLabel">Campi da tennis</string>
  <string name="golfItemLabel">Campi da golf</string>
  <string name="categorySoccerField">Campi da calcio</string>
  <string name="toastLocationMaskingOff">Mascheramento posizione disattivo</string>
  <string name="titleLocationMasking">Mascheramento posizione attivo</string>
  <string name="navExitNavButton">Chiudi Nav</string>
  <string name="subContent_requestPermissions">La navigazione richiede anche l'autorizzazione ad accedere alla posizione, al telefono e ai contatti.</string>
  <string name="navSystemSettingsGrantAccess">Andare a Impostazioni del sistema per ottenere l'accesso.</string>
  <string name="mapColorSummary">Selezionare Auto per modificare automaticamente le modalità in base alle condizioni di illuminazione.</string>
  <string name="newLocalMapUpdateAvailable">Dispon. nuovo aggiorn. mappa locale</string>
  <string name="onStarDynamic">%1$s</string>
  <string name="nameAlreadyTaken">Nome già in uso</string>
  <string name="navHighwayModeTitle">Modalità Autostrada</string>
  <string name="yourNavServiceRenewed">Il servizio di navigazione è stato rinnovato.</string>
  <string name="neverCheckForBetterRoute">Non cercare mai percorsi migliori</string>
  <string name="askBeforeRerouting">Chiedere prima di ricalcolare percorso</string>
  <string name="renewSubscriptionLabel">Rinnova sottoscrizione</string>
  <string name="restartNavSystemNotice">Affinché la nuova sottoscrizione diventi effettiva, riavviare Nav. In caso contrario, la sottoscrizione non sarà disponibile fino al prossimo riavvio del motore.\nRiavviare ora?</string>
  <string name="yourSubscriptionRenewed">La sottoscrizione è stata rinnovata.</string>
  <string name="couldNotFindChargingStation">Impossibile trovare la stazione di carica</string>
  <string name="noNearbyExits">Nessuna uscita nelle vicinanze</string>
  <string name="noExitsNearby">Nessuna uscita nelle vicinanze.</string>
  <string name="roadTracing">Tracciatura percorso</string>
  <string name="navWarningCallNotPossible">Senza accesso al telefono, la navigazione non può abilitare la funzione "Chiama".\nPer consentire l'accesso, fare clic su Mostra autorizzazione in basso o andare alle impostazioni del sistema.</string>
  <string name="poiBankATMsIcon">Banche/prelievo</string>
  <string name="poiDrink">Bar</string>
  <string name="dialogueContinueRecordingRoute">Continuare a registrare?</string>
  <string name="dialogRecordedSince">Registrato da:\n%1$s alle %2$s</string>
  <string name="messageTotalDistanceExceed">La distanza lineare totale dell'intero percorso non può superare %1$s.</string>
  <string name="navTAPTCDetails">Toccare per vedere dettagli</string>
  <string name="navSaveChangesLabel">Salvare le modifiche?</string>
  <string name="navSaveChangesPopup">Salvare le modifiche in Destinazione intelligente?</string>
  <string name="navUpdateButton">Aggiorna</string>
  <string name="ftueToastTurnOnPredictiveNav">Navigazione predittiva disattivata. Attivarla in Impostazioni.</string>
  <string name="ftuePredictiveNavIsOn">Navigazione predittiva attiva. Disattivarla in Impostazioni.</string>
  <string name="dialogContentReminder">Navigazione predittiva attiva. Disattivarla in Impostazioni.</string>
  <string name="RecentDestinationsClearedMessage">Destinazioni recenti cancellate</string>
  <string name="RecentDestinationsRestoredMessage">Destinazioni recenti ripristinate</string>
  <string name="toastRecordedRouteSaved">Percorso registrato salvato. Trovarlo nella schermata Tracciatura del percorso.</string>
  <string name="recordRouteDistanceSave">%1$s\n%2$s alle %3$s\nDistanza: %4$s\nSalvare?</string>
  <string name="titleRemoveDestinationWaypoint">Elimina destinazione/tappa</string>
  <string name="renameYourRecordedRoute">Rinominare percorso registrato.</string>
  <string name="messageRestartToDismiss">Riavviare l'app Nav per ignorare l'errore.</string>
  <string name="restrictedRoadOnRoute">Strada a traffico limitato lungo il percorso</string>
  <string name="roadIsClosed">Strada attualmente chiusa</string>
  <string name="noSavedRouteYet">Nessun percorso salvato ancora.</string>
  <string name="roadTracingDescription">La funzione Tracciatura del percorso consente di registrare i percorsi su sterrato per tornare al punto di partenza.</string>
  <string name="routeTracing">Tracciatura percorso</string>
  <string name="toastRouteOptionsUncheck">Deselezionare una selezione e selezionarne un'altra</string>
  <string name="routingToNearestPointToDestination">Calcolo del corso al punto più vicino alla destinazione.</string>
  <string name="dialogStopRecordingMemoryDiskIsFull">Scheda SD piena</string>
  <string name="dialogCannotRecordMemoryCardIsFull">Scheda SD piena. Impossibile registrare altri percorsi al momento.</string>
  <string name="dialogueStoppedRecording">Registrazione interrotta</string>
  <string name="navSDCardFullRecStopMessage">Scheda SD piena. Registrazione interrotta.</string>
  <string name="listView">Vista elenco</string>
  <string name="SearchHistoryClearedMessage">Cronologia ricerche cancellata</string>
  <string name="SearchHistoryRestoredMessage">Cronologia ricerche ripristinata</string>
  <string name="shoppingLifeIcon">Shopping/moda</string>
  <string name="barsAsia">Bar</string>
  <string name="generalHospitals">Ospedali generali</string>
  <string name="gradeATertiaryHospitals">Ospedali terziari di grado A</string>
  <string name="starClassHotels">Hotel di lusso</string>
  <string name="mapView">Vista mappa</string>
  <string name="incrDataUpdateInProcess">Aggiornamento mappa in corso: %1$s%</string>
  <string name="poiBankATMsTitle">Banche/prelievo</string>
  <string name="bookStoreItemLabel">Librerie</string>
  <string name="commercialStreetItemLabel">Centri commerciali</string>
  <string name="veterinarianItemLabel">Veterinari</string>
  <string name="shoppingLifeTitle">Shopping/moda</string>
  <string name="titleShowPOIsOnMap">Mostra sulla mappa</string>
  <string name="navLabelTakenToast">Etichetta già in uso. Sceglierne un'altra.</string>
  <string name="navSetUpWorkCard">Configura Lavoro</string>
  <string name="navSetUpHomeCard">Configura Abitazione</string>
  <string name="navDragMapUpdateAddress">Trascin. mappa per aggiorn. indir.</string>
  <string name="navLabelButton">Etichetta</string>
  <string name="commonDone">Fine</string>
  <string name="favoriteSaved">Preferito salvato</string>
  <string name="navHidePermanentlyText">Nascondi in modo perman.</string>
  <string name="navHiddenDestinationNotice">Questa posiz. non sarà più mostrata come destinaz. intelligente. L'azione non può essere annullata.</string>
  <string name="navHideButton">Nascondi</string>
  <string name="navHidePermanaentlyLabel">Nascondere in modo permanente?</string>
  <string name="navChangesSavedToast">Modifiche salvate</string>
  <string name="annotationCVP0TimeToHome">%1$s per %2$s</string>
  <string name="buttonLearnMore">Più info</string>
  <string name="coachTripAssist">Destinazione intelligente mostra informazioni di guida importanti per i percorsi abituali</string>
  <string name="TripAssistMessage">Destinazione intelligente acquisisce e prevede le tue soste preferite per aiutarti ad arrivare prima senza necessità di digitare.\n\nPuoi gestire Destinazione intelligente in Opzioni &gt; Impostazioni &gt; Navigazione predittiva.</string>
  <string name="bubbleStartPoint">Punto di partenza</string>
  <string name="trafficEventsUnavailableTitle">Evento traffico non disponibile</string>
  <string name="trafficEventsUnavailableContent">Esegui il tethering del sistema informativo nel telefono per ottenere notizie sul traffico in tempo reale.</string>
  <string name="navTollboothAhead">Casello più avanti</string>
  <string name="significantTrafficDelayRerouteVars">Ritardo significativo del traffico lungo il percorso abituale verso %1$s.\nRicalcolare il percorso per %2$s, risparmi %3$s min.</string>
  <string name="MRTStationItemLabel">Stazioni tram/metropolitana</string>
  <string name="dialogCannotRecordUnknownIssues">Problemi sconosciuti. Impossibile registrare altri percorsi al momento.</string>
  <string name="rerouteViaVars">%1$s tra %2$s in %3$s (per %4$s)\nNuovo percorso via %5$s.</string>
  <string name="navViewPredictiveTutorial">Il tutorial è disponibile da Impostazioni &gt; Navigazione predittiva</string>
</resources>