<?xml version="1.0" encoding="UTF-8"?><resources>
  <string name="tacAccept">Accepter</string>
  <string name="navAddLabelTextField">Ajouter une désignation (10 caractères max.)</string>
  <string name="recentEditScreenDeleteMessageText">Adresse supprimée</string>
  <string name="navTurnImmediatelyNotice">Immédiatement</string>
  <string name="categoryWinery">Établissements vinicoles</string>
  <string name="carWashItemLabel">Station de lavage</string>
  <string name="ui_nav1">Navigation</string>
  <string name="mapUpdateFailedSDCardErrorContactDealer">Votre carte SD est pleine ou endommagée. Consultez le Manuel d'utilisation pour les détails ou rencontrez un concessionnaire.</string>
  <string name="navLimitNumberRecordings">Impossible d'enregistrer plus de %1$s itinéraires. Effacez les anciens enregistrements avant d'en créer de nouveaux.</string>
  <string name="navActionFailedLabel">Échec de l'action</string>
  <string name="destinationFarFromRoad">Destination très éloignée de la route</string>
  <string name="navDestinationNearby">Destination à proximité</string>
  <string name="emergencyCenterItemLabel">Centre de secours/Urgences</string>
  <string name="enableSmartSearchLabel">Activer pour la recherche et l'itinéraire intelligents</string>
  <string name="favoriteRemoved">Favori supprimé</string>
  <string name="commonMapServiceServiceRouteNotFound">Itinéraire non trouvé</string>
  <string name="navSetUpHomeOption">Définir Domicile</string>
  <string name="navFeatureUnavailableInGuidanceToast">Fonction non disponible en mode Guidage</string>
  <string name="sdcardNotValidForVehicleErrorMessage">Cette carte SD n'est pas valide dans ce véhicule pour la navigation. Consultez votre Manuel d'utilisation ou voyez votre concessionnaire.</string>
  <string name="snacksItemLabel">En-cas/Boissons</string>
  <string name="dessertsBeverages">Desserts/Boissons</string>
  <string name="categoryDeliSandwiches">Épicerie/Sandwiches</string>
  <string name="alertMsgFrequentTrafficAccidentAhead">Zone à fréquents accidents de la route</string>
  <string name="ftuePrice">Recevoir des mises à jour de la cartographie automatiques</string>
  <string name="ftueActiveRouting">Itinéraire actif : trouve le meilleur itinéraire avec mise à jour dynamique en fonction des conditions de circulation</string>
  <string name="ftueSmartDestination">Destination intelligente : mémorise et prévoit vos arrêts préférés et indique les meilleurs itinéraires pour vous y rendre</string>
  <string name="ftueSmartSearch">Recherche intelligente : trouve rapidement les endroits qui comptent pour vous</string>
  <string name="ftueSkip">Ignorer</string>
  <string name="mapControlInstructionZoom">Zoom</string>
  <string name="mapControlInstructionPan">Panorama</string>
  <string name="mapControlInstructionPin">Épingler</string>
  <string name="mapControlInstructionRecenter">Recentrer</string>
  <string name="mapControlInstructionDismiss">Ignorer</string>
  <string name="mapControlInstructionSwitch">Basculer</string>
  <string name="mapControlInstructionSelect">Sélect.</string>
  <string name="mapControlInstructionBack">Retour</string>
  <string name="mapControl">Commande carte</string>
  <string name="navTripStatsNotice">Statistiques du trajet</string>
  <string name="navSmartDestinationsReady">Vos destinations intelligentes sont prêtes !</string>
  <string name="navTapCardAlternateRoutes">Appuyez sur la carte pour obtenir des itinéraires alternatifs.</string>
  <string name="navSwipeDismissCard">Glissez vers la gauche ou vers la droite pour ignorer la carte.</string>
  <string name="navSwipeMinimizeCard">Glissez vers le bas pour réduire la carte.</string>
  <string name="navLongHoldEdit">Maintenez l'appui pour modifier la carte.</string>
  <string name="navFasterBubble">%1$s min\n+ rapide</string>
  <string name="navSimilarTimeBubble">Même temps</string>
  <string name="navSlowerBubble">%1$s min\n+ long</string>
  <string name="navYouveArrivedNotice">Vous êtes arrivé.</string>
  <string name="navDynamicDistance">%1$s mi</string>
  <string name="largeMapUpdateAvailable">Màj de carte volumineuse disponible</string>
  <string name="downloadSizeVarDataRatesApply">Le téléchargement est d'environ %1$s Mo.\nDes frais de données et/ou complémentaires peuvent s'appliquer.</string>
  <string name="massageParlorsItemLabel">Massages</string>
  <string name="tennisItemLabel">Courts de tennis</string>
  <string name="golfItemLabel">Terrains de golf</string>
  <string name="categorySoccerField">Terrains de football</string>
  <string name="toastLocationMaskingOff">Localisation masquée désactivée</string>
  <string name="titleLocationMasking">Localisation masquée activée</string>
  <string name="navExitNavButton">Quitter la navigation</string>
  <string name="subContent_requestPermissions">La navigation nécessite également une autorisation d'accès à votre localisation, votre téléphone et vos contacts.</string>
  <string name="navSystemSettingsGrantAccess">Veuillez accéder aux Réglages du système pour accorder l'accès.</string>
  <string name="mapColorSummary">Sélectionnez Auto pour changer automatiquement de mode en fonction des conditions d'éclairage.</string>
  <string name="newLocalMapUpdateAvailable">Nouvelle màj de carte locale dispo</string>
  <string name="onStarDynamic">%1$s</string>
  <string name="nameAlreadyTaken">Nom déjà utilisé</string>
  <string name="navHighwayModeTitle">Mode Autoroute</string>
  <string name="yourNavServiceRenewed">Votre service de navigation a été renouvelé.</string>
  <string name="neverCheckForBetterRoute">Ne jamais chercher de meilleur itinéraire</string>
  <string name="askBeforeRerouting">Demander avant de changer d'itinéraire</string>
  <string name="renewSubscriptionLabel">Se réabonner</string>
  <string name="restartNavSystemNotice">Vous devez redémarrer la navigation pour que le nouvel abonnement prenne effet. Dans le cas contraire, il ne sera pas disponible jusqu'au prochain démarrage du moteur.\nRedémarrer maintenant ?</string>
  <string name="yourSubscriptionRenewed">Votre abonnement a été renouvelé.</string>
  <string name="couldNotFindChargingStation">Aucune station de recharge trouvée</string>
  <string name="noNearbyExits">Aucune sortie à proximité</string>
  <string name="noExitsNearby">Aucune sortie à proximité.</string>
  <string name="roadTracing">Tracé d'itinéraire</string>
  <string name="navWarningCallNotPossible">Sans accès à votre téléphone, la navigation ne peut pas activer la fonction d'appel.\nPour autoriser l'accès, cliquez sur Voir l'autorisation ci-dessous ou rendez-vous dans les Réglages du système.</string>
  <string name="poiBankATMsIcon">Banques/DAB</string>
  <string name="poiDrink">Boissons</string>
  <string name="dialogueContinueRecordingRoute">Poursuivre l'enregistrement ?</string>
  <string name="dialogRecordedSince">Enregistré depuis :\n%1$s à %2$s</string>
  <string name="messageTotalDistanceExceed">La distance linéaire totale du trajet dans son ensemble ne peut pas dépasser %1$s.</string>
  <string name="navTAPTCDetails">Appuyer pour les détails</string>
  <string name="navSaveChangesLabel">Enregistrer les changements ?</string>
  <string name="navSaveChangesPopup">Enregistrer la destination intelligente modifiée ?</string>
  <string name="navUpdateButton">Mettre à jour</string>
  <string name="ftueToastTurnOnPredictiveNav">Navigation prédictive désactivée. Activez-la dans les réglages.</string>
  <string name="ftuePredictiveNavIsOn">Navigation prédictive activée. Désactivez-la dans les réglages.</string>
  <string name="dialogContentReminder">Navigation prédictive activée. Désactivez-la dans les réglages.</string>
  <string name="RecentDestinationsClearedMessage">Destinations récentes effacées</string>
  <string name="RecentDestinationsRestoredMessage">Destinations récentes restaurées</string>
  <string name="toastRecordedRouteSaved">Itinéraire enregistré sauvegardé. Vous le trouverez depuis l'écran Tracé d'itinéraire.</string>
  <string name="recordRouteDistanceSave">%1$s\n%2$s à %3$s\nDistance : %4$s\nVoulez-vous enregistrer ?</string>
  <string name="titleRemoveDestinationWaypoint">Supprimer destination/étape</string>
  <string name="renameYourRecordedRoute">Renommez votre itinéraire enregistré.</string>
  <string name="messageRestartToDismiss">Veuillez redémarrer l'application de navigation pour masquer l'erreur.</string>
  <string name="restrictedRoadOnRoute">Route à restriction sur l'itinéraire</string>
  <string name="roadIsClosed">Route actuellement barrée</string>
  <string name="noSavedRouteYet">Vous n'avez enregistré aucun itinéraire pour l'instant.</string>
  <string name="roadTracingDescription">Le Tracé d'itinéraire vous aide à enregistrer votre itinéraire hors route et à refaire le trajet inverse jusqu'au point de départ.</string>
  <string name="routeTracing">Tracé d'itinéraire</string>
  <string name="toastRouteOptionsUncheck">Décochez une sélection, puis cochez-en une autre.</string>
  <string name="routingToNearestPointToDestination">Itinéraire jusqu'au point le plus proche de votre destination.</string>
  <string name="dialogStopRecordingMemoryDiskIsFull">Carte SD pleine</string>
  <string name="dialogCannotRecordMemoryCardIsFull">Carte SD pleine. Impossible d'enregistrer d'autres itinéraires à ce stade.</string>
  <string name="dialogueStoppedRecording">Enregistrement arrêté</string>
  <string name="navSDCardFullRecStopMessage">Carte SD pleine. Enregistrement arrêté.</string>
  <string name="listView">Liste</string>
  <string name="SearchHistoryClearedMessage">Historique de recherche effacé</string>
  <string name="SearchHistoryRestoredMessage">Historique de recherche restauré</string>
  <string name="shoppingLifeIcon">Courses/Style vie</string>
  <string name="barsAsia">Bars</string>
  <string name="generalHospitals">Hôpitaux généralistes</string>
  <string name="gradeATertiaryHospitals">Hôpitaux spécialisés</string>
  <string name="starClassHotels">Hôtels étoilés</string>
  <string name="mapView">Carte</string>
  <string name="incrDataUpdateInProcess">Màj de carte en cours : %1$s %</string>
  <string name="poiBankATMsTitle">Banques/DAB</string>
  <string name="bookStoreItemLabel">Librairies</string>
  <string name="commercialStreetItemLabel">Quartiers commerçants</string>
  <string name="veterinarianItemLabel">Vétérinaires</string>
  <string name="shoppingLifeTitle">Courses/Style de vie</string>
  <string name="titleShowPOIsOnMap">Afficher sur la carte</string>
  <string name="navLabelTakenToast">Désignation déjà utilisée. Veuillez en choisir une autre.</string>
  <string name="navSetUpWorkCard">Définir Travail</string>
  <string name="navSetUpHomeCard">Définir Domicile</string>
  <string name="navDragMapUpdateAddress">Glisser carte pour màj adresse</string>
  <string name="navLabelButton">Désignation</string>
  <string name="commonDone">Terminé</string>
  <string name="favoriteSaved">Favori enregistré</string>
  <string name="navHidePermanentlyText">Masquer de manière perman.</string>
  <string name="navHiddenDestinationNotice">Ce lieu ne sera plus indiqué comme destination intelligente. Cette action ne peut pas être annulée.</string>
  <string name="navHideButton">Masquer</string>
  <string name="navHidePermanaentlyLabel">Masquer de manière permanente ?</string>
  <string name="navChangesSavedToast">Changements enregistrés</string>
  <string name="annotationCVP0TimeToHome">%1$s jusqu'à %2$s</string>
  <string name="buttonLearnMore">En savoir plus</string>
  <string name="coachTripAssist">La destination intelligente présente les informations de conduite importantes pour vos trajets habituels.</string>
  <string name="TripAssistMessage">La destination intelligente mémorise et prévoit vos arrêts préférés pour vous aider à vous y rendre, sans saisir d'informations.\n\nGérez les destinations intelligentes dans Options &gt; Réglages &gt; Navigation prédictive.</string>
  <string name="bubbleStartPoint">Point de départ</string>
  <string name="trafficEventsUnavailableTitle">Événement de trafic non disponible</string>
  <string name="trafficEventsUnavailableContent">Reliez les infos système à votre téléphone pour connaître le trafic en direct.</string>
  <string name="navTollboothAhead">Péage à venir</string>
  <string name="significantTrafficDelayRerouteVars">Retard de trafic important sur l'itinéraire habituel vers %1$s.\nNouvel itinéraire via %2$s, pour gagner %3$s minutes.</string>
  <string name="MRTStationItemLabel">Métro/Tram-train</string>
  <string name="dialogCannotRecordUnknownIssues">Problèmes inconnus. Impossible d'enregistrer d'autres itinéraires pour le moment.</string>
  <string name="rerouteViaVars">%1$s dans %2$s sur %3$s (vers %4$s)\nNouvel itinéraire via %5$s.</string>
  <string name="navViewPredictiveTutorial">Vous pouvez afficher le didacticiel depuis Réglages &gt; Navigation prédictive.</string>
</resources>