<?xml version="1.0" encoding="UTF-8"?><resources>
  <string name="tacAccept">Elfogadás</string>
  <string name="navAddLabelTextField">Címke hozzáadása (max. 10 karakter)</string>
  <string name="recentEditScreenDeleteMessageText">Cím törölve</string>
  <string name="navTurnImmediatelyNotice">Azonnal</string>
  <string name="categoryWinery">Borászat</string>
  <string name="carWashItemLabel">Autómosó</string>
  <string name="ui_nav1">Navigáció</string>
  <string name="mapUpdateFailedSDCardErrorContactDealer">Az SD-kártyája megtelt vagy sérült. Továbbiakat a kezelési útmutatóban talál, vagy keresse fel márkakereskedőjét.</string>
  <string name="navLimitNumberRecordings">Maximálisan %1$s útvonal rögzíthető. Mielőtt új útvonalat rögzítene, törölnie kell valamelyiket a régebben rögzítettek közül.</string>
  <string name="navActionFailedLabel">Művelet sikertelen</string>
  <string name="destinationFarFromRoad">Az úti cél messze van az úttól</string>
  <string name="navDestinationNearby">Úti cél a közelben</string>
  <string name="emergencyCenterItemLabel">Sürgősségi ellátás/Ügyelet</string>
  <string name="enableSmartSearchLabel">Intelligens kereséshez és útvonaltervezéshez</string>
  <string name="favoriteRemoved">Kedvenc eltávolítva</string>
  <string name="commonMapServiceServiceRouteNotFound">Útvonal nem található</string>
  <string name="navSetUpHomeOption">Otthon beállítása</string>
  <string name="navFeatureUnavailableInGuidanceToast">A funkció nem érhető el Célbairányítás módban</string>
  <string name="sdcardNotValidForVehicleErrorMessage">Ez az SD-kártya nem használható navigációs célra ebben a járműben. További infó a kezelé-si útmutatóban, vagy keresse fel kereskedőjét.</string>
  <string name="snacksItemLabel">Falatozó/Büfé</string>
  <string name="dessertsBeverages">Édesség/Büfé</string>
  <string name="categoryDeliSandwiches">Csemegebolt/Szendvicsek</string>
  <string name="alertMsgFrequentTrafficAccidentAhead">Balesetveszélyes helyszínhez közeledik</string>
  <string name="ftuePrice">Frissítse automatikusan térképeit műholdkapcsolat segítségével</string>
  <string name="ftueActiveRouting">Aktív útvonaltervezés - Az aktuális útviszonyok alapján dinamikusan frissített, legjobb útvonaltervet használja</string>
  <string name="ftueSmartDestination">Intelligens úticél-választás - Megismeri és előre jelzi a kedvenc megállóhelyeit, megmutatja a legjobb, oda vezető útvonalakat</string>
  <string name="ftueSmartSearch">Intelligens keresés - Gyorsan megtalálja az Ön számára fontos helyeket</string>
  <string name="ftueSkip">Kihagyás</string>
  <string name="mapControlInstructionZoom">Zoom</string>
  <string name="mapControlInstructionPan">Mozgatás</string>
  <string name="mapControlInstructionPin">Kitűzés</string>
  <string name="mapControlInstructionRecenter">Középre</string>
  <string name="mapControlInstructionDismiss">Elvetés</string>
  <string name="mapControlInstructionSwitch">Átváltás</string>
  <string name="mapControlInstructionSelect">Kiválasztás</string>
  <string name="mapControlInstructionBack">Vissza</string>
  <string name="mapControl">Térképvezérlők</string>
  <string name="navTripStatsNotice">Útadatok</string>
  <string name="navSmartDestinationsReady">Az intelligens úti céljai rendelkezésre állnak!</string>
  <string name="navTapCardAlternateRoutes">Érintse meg a kártyát az útvonal megváltoztatásához.</string>
  <string name="navSwipeDismissCard">Húzza el balra vagy jobbra a kártyát az eltüntetéséhez.</string>
  <string name="navSwipeMinimizeCard">Húzza lefelé a kártyát a kicsinyítéséhez</string>
  <string name="navLongHoldEdit">Érintse a kártyát folyamatosan a szerkesztéshez.</string>
  <string name="navFasterBubble">%1$s perccel\ngyorsabb</string>
  <string name="navSimilarTimeBubble">Hasonló időtartam</string>
  <string name="navSlowerBubble">%1$s perccel\nlassabb</string>
  <string name="navYouveArrivedNotice">Megérkezett az úti céljához</string>
  <string name="navDynamicDistance">%1$s mi</string>
  <string name="largeMapUpdateAvailable">Nagyméretű térképfrissítés érhető el</string>
  <string name="downloadSizeVarDataRatesApply">A letöltendő fájl körülbelül %1$s MB méretű\nAdatforgalmi díjak és/vagy túlforgalma-zási díjak kerülhetnek felszámításra.</string>
  <string name="massageParlorsItemLabel">Masszázsközpontok</string>
  <string name="tennisItemLabel">Teniszpályák</string>
  <string name="golfItemLabel">Golfpályák</string>
  <string name="categorySoccerField">Futballpályák</string>
  <string name="toastLocationMaskingOff">Tartózkodási hely titkosítása kikapcsolva</string>
  <string name="titleLocationMasking">Tartózkodási hely titkosítása bekapcsolva</string>
  <string name="navExitNavButton">Kilépés a navigációból</string>
  <string name="subContent_requestPermissions">A navigációnak hozzáférési engedélyre van szüksége azt Ön tartózkodási helyéhez, telefon- és kapcsolati adataihoz is.</string>
  <string name="navSystemSettingsGrantAccess">A hozzáférési engedélyt a Rendszerbeállításokban tudja megadni.</string>
  <string name="mapColorSummary">Válassza ki az Auto beállítást, ha azt szeretné, hogy az üzemmódok a fényviszonyoktól függően, automatikusan változzanak.</string>
  <string name="newLocalMapUpdateAvailable">Új helyitérkép-frissítés érhető el</string>
  <string name="onStarDynamic">%1$s</string>
  <string name="nameAlreadyTaken">A név már foglalt</string>
  <string name="navHighwayModeTitle">Autópálya-üzemmód</string>
  <string name="yourNavServiceRenewed">A navigációs szolgáltatása megújult.</string>
  <string name="neverCheckForBetterRoute">Soha ne keressen jobb útvonalakat</string>
  <string name="askBeforeRerouting">Kérdezzen rá az újratervezés előtt</string>
  <string name="renewSubscriptionLabel">Előfizetés megújítása</string>
  <string name="restartNavSystemNotice">Az új előfizetés érvénybe léptetéséhez újra kell indítania a navigációt, máskülönben az előfizetés nem lesz használható a következő motorindításig.\nÚjraindítja most?</string>
  <string name="yourSubscriptionRenewed">Az előfizetése megújítása megtörtént.</string>
  <string name="couldNotFindChargingStation">Nem található töltőállomás</string>
  <string name="noNearbyExits">Nincs kijárat a közelben</string>
  <string name="noExitsNearby">Nincs kijárat a közelben.</string>
  <string name="roadTracing">Útvonalrögzítés</string>
  <string name="navWarningCallNotPossible">A telefonjához történő hozzáférés hiányában a navigáció nem tudja bekapcsolni a „Hívás” funkciót.\nAz engedély megadásához kattintson az alábbi „Engedély mutatása" gombra, vagy keresse fel a Rendszerbeállítások menüpontot.</string>
  <string name="poiBankATMsIcon">Bank/ATM</string>
  <string name="poiDrink">Bár</string>
  <string name="dialogueContinueRecordingRoute">Folytatja a rögzítést?</string>
  <string name="dialogRecordedSince">Rögzítés kezdete:\n%1$s, %2$s</string>
  <string name="messageTotalDistanceExceed">A teljes út összesített távolsága nem lehet több, mint %1$s.</string>
  <string name="navTAPTCDetails">A részletekért érintse meg</string>
  <string name="navSaveChangesLabel">Menti a változtatásokat?</string>
  <string name="navSaveChangesPopup">Menti az Intelligens úticél-választásba?</string>
  <string name="navUpdateButton">Frissítés</string>
  <string name="ftueToastTurnOnPredictiveNav">A prediktív navigáció ki van kapcsolva. A Beállítások menüben kapcsolhatja be.</string>
  <string name="ftuePredictiveNavIsOn">A prediktív navigáció be van kapcsolva. A Beállítások menüben kapcsolhatja ki.</string>
  <string name="dialogContentReminder">A prediktív navigáció be van kapcsolva. A Beállítások menüben kapcsolhatja ki.</string>
  <string name="RecentDestinationsClearedMessage">A legutóbbi úti célok törlődtek</string>
  <string name="RecentDestinationsRestoredMessage">A legutóbbi úti célok visszaállításra kerültek</string>
  <string name="toastRecordedRouteSaved">A rögzített útvonal elmentve. Megtalálható az útvonalrögzítési képernyőnézeten.</string>
  <string name="recordRouteDistanceSave">%1$s\n%2$s, %3$s\nTávolság: %4$s\nSzeretné menteni?</string>
  <string name="titleRemoveDestinationWaypoint">Úti cél/Útvonalpont eltávolítása</string>
  <string name="renameYourRecordedRoute">Rögzített útvonal átnevezése</string>
  <string name="messageRestartToDismiss">Kérjük, indítsa újra a navigációs alkalmazást a hiba megoldásához.</string>
  <string name="restrictedRoadOnRoute">Az útvonal korlátozottan használható szakaszt tartalmaz</string>
  <string name="roadIsClosed">Az út jelenleg le van zárva</string>
  <string name="noSavedRouteYet">Ön még nem mentett el útvonalat.</string>
  <string name="roadTracingDescription">Az útvonalrögzítési funkcióval rögzítheti terepen megtett útvonalát, amelyeket aztán visszakövethet a kiindulási pontig.</string>
  <string name="routeTracing">Útvonalrögzítés</string>
  <string name="toastRouteOptionsUncheck">Szüntesse meg az egyik kiválasztott elem jelölését, és ezt követően jelöljön ki egy másikat</string>
  <string name="routingToNearestPointToDestination">Útvonaltervezés az úti célhoz legközelebb lévő ponthoz.</string>
  <string name="dialogStopRecordingMemoryDiskIsFull">Az SD-kártya megtelt</string>
  <string name="dialogCannotRecordMemoryCardIsFull">Az SD-kártya megtelt. Több útvonal jelenleg nem rögzíthető.</string>
  <string name="dialogueStoppedRecording">Az útvonalrögzítés leállt</string>
  <string name="navSDCardFullRecStopMessage">Az SD-kártya megtelt. A útvonalrögzítés leállt.</string>
  <string name="listView">Listanézet</string>
  <string name="SearchHistoryClearedMessage">Keresési előzmények törölve</string>
  <string name="SearchHistoryRestoredMessage">Keresési előzmények visszaállítva</string>
  <string name="shoppingLifeIcon">Üzletközpont</string>
  <string name="barsAsia">Bár</string>
  <string name="generalHospitals">Kórház</string>
  <string name="gradeATertiaryHospitals">Felsőfokú terápiás kórházak</string>
  <string name="starClassHotels">Csillaggal rendelkező hotelek</string>
  <string name="mapView">Térképnézet</string>
  <string name="incrDataUpdateInProcess">Térképfrissítés folyamatban: %1$s%</string>
  <string name="poiBankATMsTitle">Bank/ATM</string>
  <string name="bookStoreItemLabel">Könyvesbolt</string>
  <string name="commercialStreetItemLabel">Bevásárlóközpont</string>
  <string name="veterinarianItemLabel">Állatorvos</string>
  <string name="shoppingLifeTitle">Üzletközpont</string>
  <string name="titleShowPOIsOnMap">Mutatás a térképen</string>
  <string name="navLabelTakenToast">A címke már használatban van. Kérjük, válasszon másikat.</string>
  <string name="navSetUpWorkCard">Munkahely beállítása</string>
  <string name="navSetUpHomeCard">Otthon beállítása</string>
  <string name="navDragMapUpdateAddress">Címfrissítéshez húzza a térképet</string>
  <string name="navLabelButton">Címke</string>
  <string name="commonDone">Kész</string>
  <string name="favoriteSaved">Kedvenc elmentve</string>
  <string name="navHidePermanentlyText">Véglegesen elrejtve</string>
  <string name="navHiddenDestinationNotice">Ez a helyszín nem lesz újra látható az Intelligens úticél-választásban. A művelet nem vonható vissza.</string>
  <string name="navHideButton">Elrejtés</string>
  <string name="navHidePermanaentlyLabel">Véglegesen elrejti?</string>
  <string name="navChangesSavedToast">Változtatások elmentve</string>
  <string name="annotationCVP0TimeToHome">%1$s a következőig: %2$s</string>
  <string name="buttonLearnMore">További infó</string>
  <string name="coachTripAssist">Az Intelligens úticél-választási funkció fontos közlekedési információkat jelenít meg a szokásos útvonalaira vonatkozóan.</string>
  <string name="TripAssistMessage">Az Intelligens úticél-választási funkció megismeri és előre jelzi a kedvenc megállóhelyeit, hogy segíteni tudja Önt célja gyorsabban elérésében, mégpedig anélkül, hogy Önnek szöveget kellene beírnia.\n\nAz Intelligens úticél-választási funkció a Lehetőségek &gt; Beállítások &gt; Prediktív navigáció menüpont alatt kezelhető.</string>
  <string name="bubbleStartPoint">Kiindulási pont</string>
  <string name="trafficEventsUnavailableTitle">Közlekedési események nem érhetők el</string>
  <string name="trafficEventsUnavailableContent">Valós idejű közlekedési információkhoz való hozzáférés érdekében csatlakoztassa a jármű információs rendszerét a telefonjával.</string>
  <string name="navTollboothAhead">Díjfizető kapuhoz közeledik</string>
  <string name="significantTrafficDelayRerouteVars">A(z) %1$s útvonalon jelentős közlekedési torlódás alakult ki.\nA(z) %2$s alternatív útvonal %3$s perc időmegtakarítást jelentene.</string>
  <string name="MRTStationItemLabel">Metró/Keskeny nyomtávú vasúti megálló</string>
  <string name="dialogCannotRecordUnknownIssues">Ismeretlen eredetű probléma. Jelenleg nem rögzíthető több útvonal.</string>
  <string name="rerouteViaVars">%1$s a(z) %2$s útvonalon, %3$s távolságra Öntől (%4$s felé)\nAlternatív útvonal a következőn keresztül: %5$s.</string>
  <string name="navViewPredictiveTutorial">Az ismertető megtekinthető a Beállítások &gt; Prediktív navigáció menüpont alatt</string>
</resources>