<?xml version="1.0" encoding="UTF-8"?><resources>
  <string name="tacAccept">Hyväksy</string>
  <string name="navAddLabelTextField">Lisää merkintä (maks. 10 merkkiä)</string>
  <string name="recentEditScreenDeleteMessageText">Osoite poistettu</string>
  <string name="navTurnImmediatelyNotice">Välittömästi</string>
  <string name="categoryWinery">Viinitilat</string>
  <string name="carWashItemLabel">Autopesu</string>
  <string name="ui_nav1">Nav</string>
  <string name="mapUpdateFailedSDCardErrorContactDealer">SD-muistikortti on täynnä tai vaurioitunut. Katso lisätietoja ohjekirjasta tai vieraile jälleenmyyjän luona.</string>
  <string name="navLimitNumberRecordings">Reittien enimmäismäärä on %1$s. Poista ensin vanhoja tallenteita, ennen kuin yrität luoda uusia.</string>
  <string name="navActionFailedLabel">Toiminto epäonnistui</string>
  <string name="destinationFarFromRoad">Määränpää on kaukana tiestä</string>
  <string name="navDestinationNearby">Määränpää on lähellä</string>
  <string name="emergencyCenterItemLabel">Ensiapu</string>
  <string name="enableSmartSearchLabel">Ota käyttöön älykkään haun ja reitityksen osalta</string>
  <string name="favoriteRemoved">Suosikki poistettu</string>
  <string name="commonMapServiceServiceRouteNotFound">Reittiä ei löytynyt</string>
  <string name="navSetUpHomeOption">Määritä koti</string>
  <string name="navFeatureUnavailableInGuidanceToast">Toiminto ei ole saatavilla opastustilassa</string>
  <string name="sdcardNotValidForVehicleErrorMessage">Tämä SD-muistikortti ei sovellu navigointiin tässä autossa. Katso lisätietoja ohjekirjasta tai vieraile jälleenmyyjän luona.</string>
  <string name="snacksItemLabel">Välipalat/virvokkeet</string>
  <string name="dessertsBeverages">Jälkiruoat/virvokkeet</string>
  <string name="categoryDeliSandwiches">Deli/voileivät</string>
  <string name="alertMsgFrequentTrafficAccidentAhead">Onnettomuusaltis alue edessä</string>
  <string name="ftuePrice">Automaattiset karttapäivitykset langattomasti</string>
  <string name="ftueActiveRouting">Aktiivinen reititys – Noutaa parhaan, tieolosuhteiden mukaan dynaamisesti päivitettävän reitin</string>
  <string name="ftueSmartDestination">Älykäs määränpää – Oppii ja ennakoi suosikkipysähdyksesi ja näyttää parhaat reitit perille</string>
  <string name="ftueSmartSearch">Älykäs haku – Löytää nopeasti sinua kiinnostavia paikkoja</string>
  <string name="ftueSkip">Ohita</string>
  <string name="mapControlInstructionZoom">Zoomaa</string>
  <string name="mapControlInstructionPan">Panoroi</string>
  <string name="mapControlInstructionPin">Merkitse</string>
  <string name="mapControlInstructionRecenter">Keskitä</string>
  <string name="mapControlInstructionDismiss">Hylkää</string>
  <string name="mapControlInstructionSwitch">Vaihda</string>
  <string name="mapControlInstructionSelect">Valitse</string>
  <string name="mapControlInstructionBack">Takaisin</string>
  <string name="mapControl">Kartan hallinta</string>
  <string name="navTripStatsNotice">Matkan tilastot</string>
  <string name="navSmartDestinationsReady">Älykkäät määränpäät ovat valmiina!</string>
  <string name="navTapCardAlternateRoutes">Tarkastele vaihtoehtoisia reittejä napauttamalla korttia.</string>
  <string name="navSwipeDismissCard">Sulje kortti pyyhkäisemällä vasemmalle tai oikealle.</string>
  <string name="navSwipeMinimizeCard">Pienennä kortti pyyhkäisemällä alas.</string>
  <string name="navLongHoldEdit">Muokkaa korttia painamalla pitkään.</string>
  <string name="navFasterBubble">%1$s min\nnopeampi</string>
  <string name="navSimilarTimeBubble">Sama kesto</string>
  <string name="navSlowerBubble">%1$s min\nhitaampi</string>
  <string name="navYouveArrivedNotice">Saavuit määränpäähän</string>
  <string name="navDynamicDistance">%1$s mi</string>
  <string name="largeMapUpdateAvailable">Suuri karttapäivitys saatavana</string>
  <string name="downloadSizeVarDataRatesApply">Latauskoko on noin %1$s Mt.\nDatahintoja ja/tai ylityskuluja voidaan soveltaa.</string>
  <string name="massageParlorsItemLabel">Hieronta</string>
  <string name="tennisItemLabel">Tenniskentät</string>
  <string name="golfItemLabel">Golfkentät</string>
  <string name="categorySoccerField">Jalkapallokentät</string>
  <string name="toastLocationMaskingOff">Sijainnin peitto pois</string>
  <string name="titleLocationMasking">Sijainnin peitto päällä</string>
  <string name="navExitNavButton">Sulje navigointi</string>
  <string name="subContent_requestPermissions">Navigointi edellyttää myös lupaa käyttää sijaintia, puhelinta ja yhteystietoja.</string>
  <string name="navSystemSettingsGrantAccess">Myönnä lupa järjestelmäasetuksista.</string>
  <string name="mapColorSummary">Valitse Automaattinen, jos haluat vaihtaa tilaa automaattisesti valaistusolosuhteiden mukaan.</string>
  <string name="newLocalMapUpdateAvailable">Uusi paikall. karttapäivitys saatavana</string>
  <string name="onStarDynamic">%1$s</string>
  <string name="nameAlreadyTaken">Nimi varattu</string>
  <string name="navHighwayModeTitle">Moottoritietila</string>
  <string name="yourNavServiceRenewed">Navigointipalvelusi on uusittu.</string>
  <string name="neverCheckForBetterRoute">Älä koskaan hae parempia reittejä</string>
  <string name="askBeforeRerouting">Kysy ennen reitin laskemista uudelleen</string>
  <string name="renewSubscriptionLabel">Uusi tilaus</string>
  <string name="restartNavSystemNotice">Nav on käynnistettävä uudelleen, ennen kuin uusi tilaus astuu voimaan. Muutoin uusi tilaus ei ole käytettävissä, ennen kuin käynnistät moottorin seuraavan kerran.\nKäynnistä uudelleen nyt?</string>
  <string name="yourSubscriptionRenewed">Tilauksesi on uusittu.</string>
  <string name="couldNotFindChargingStation">Latausasemaa ei löytynyt</string>
  <string name="noNearbyExits">Lähellä ei ole poistumisväyliä</string>
  <string name="noExitsNearby">Lähellä ei ole poistumisväyliä.</string>
  <string name="roadTracing">Reitin jäljitys</string>
  <string name="navWarningCallNotPossible">Jos puhelimen käyttöoikeutta ei ole, Navigointi ei voi käyttää Soita-toimintoa.\nVoit myöntää luvan napsauttamalla Näytä lupa alla tai avaamalla Järjestelmäasetukset.</string>
  <string name="poiBankATMsIcon">Pankit/autom.</string>
  <string name="poiDrink">Juoma</string>
  <string name="dialogueContinueRecordingRoute">Jatketaanko tallennusta?</string>
  <string name="dialogRecordedSince">Tallennus aloitettu:\n%1$s klo %2$s</string>
  <string name="messageTotalDistanceExceed">Koko matkan lineaarinen kokonaismatka ei saa ylittää arvoa %1$s.</string>
  <string name="navTAPTCDetails">Katso tiedot napauttamalla</string>
  <string name="navSaveChangesLabel">Tallennetaanko muutokset?</string>
  <string name="navSaveChangesPopup">Tallennetaanko Älykäs määränpää -muutokset ?</string>
  <string name="navUpdateButton">Päivitä</string>
  <string name="ftueToastTurnOnPredictiveNav">Ennakoiva navigointi on pois päältä. Kytke se päälle asetuksista.</string>
  <string name="ftuePredictiveNavIsOn">Ennakoiva navigointi on päällä. Kytke se pois asetuksista.</string>
  <string name="dialogContentReminder">Ennakoiva navigointi on päällä. Kytke se pois asetuksista.</string>
  <string name="RecentDestinationsClearedMessage">Viimeisimmät määränpäät tyhjennetty</string>
  <string name="RecentDestinationsRestoredMessage">Viimeisimmät määränpäät palautettu</string>
  <string name="toastRecordedRouteSaved">Jäljitetty reitti on tallennettu. Se löytyy reitin jäljitysnäytöltä.</string>
  <string name="recordRouteDistanceSave">%1$s\n%2$s klo %3$s\nMatka: %4$s\nHaluatko tallentaa?</string>
  <string name="titleRemoveDestinationWaypoint">Poista määränpää/reittipiste</string>
  <string name="renameYourRecordedRoute">Nimeä jäljitetty reitti uudelleen.</string>
  <string name="messageRestartToDismiss">Sulje virhe käynnistämällä Nav-sovellus uudelleen.</string>
  <string name="restrictedRoadOnRoute">Reitillä on tie, jolla on ajokielto</string>
  <string name="roadIsClosed">Tie on suljettu</string>
  <string name="noSavedRouteYet">Et ole vielä tallentanut yhtään reittiä.</string>
  <string name="roadTracingDescription">Reitin jäljityksen avulla voit jäljittää maastossa ajamasi reitin ja seurata sitä takaisin lähtöpisteeseen.</string>
  <string name="routeTracing">Reitin jäljitys</string>
  <string name="toastRouteOptionsUncheck">Poista valinta ruudusta ja valitse sitten toinen ruutu</string>
  <string name="routingToNearestPointToDestination">Luodaan reitti pisteeseen, joka on lähinnä määränpäätäsi.</string>
  <string name="dialogStopRecordingMemoryDiskIsFull">SD-kortti täynnä</string>
  <string name="dialogCannotRecordMemoryCardIsFull">SD-kortti täynnä. Lisää reittejä ei voida tallentaa juuri nyt.</string>
  <string name="dialogueStoppedRecording">Tallennus pysäytetty</string>
  <string name="navSDCardFullRecStopMessage">SD-kortti täynnä. Tallennus pysäytetty.</string>
  <string name="listView">Luettelo</string>
  <string name="SearchHistoryClearedMessage">Hakuhistoria tyhjennetty</string>
  <string name="SearchHistoryRestoredMessage">Hakuhistoria palautettu</string>
  <string name="shoppingLifeIcon">Shoppailu/life</string>
  <string name="barsAsia">Baarit</string>
  <string name="generalHospitals">Sairaalat/yleis</string>
  <string name="gradeATertiaryHospitals">Sairaalat (kiinal. A-tertiäär.)</string>
  <string name="starClassHotels">Hotellit tähtiluokituksella</string>
  <string name="mapView">Kartta</string>
  <string name="incrDataUpdateInProcess">Karttapäivitys käynnissä: %1$s %</string>
  <string name="poiBankATMsTitle">Pankit/autom.</string>
  <string name="bookStoreItemLabel">Kirjakaupat</string>
  <string name="commercialStreetItemLabel">Ostoskeskusalueet</string>
  <string name="veterinarianItemLabel">Eläinlääkärit</string>
  <string name="shoppingLifeTitle">Shoppailu/lifestyle</string>
  <string name="titleShowPOIsOnMap">Näytä kartalla</string>
  <string name="navLabelTakenToast">Nimike on jo käytössä. Valitse toinen.</string>
  <string name="navSetUpWorkCard">Määritä työ</string>
  <string name="navSetUpHomeCard">Määritä koti</string>
  <string name="navDragMapUpdateAddress">Päivitä osoite vetämällä karttaa</string>
  <string name="navLabelButton">Nimike</string>
  <string name="commonDone">Valmis</string>
  <string name="favoriteSaved">Suosikki tallennettu</string>
  <string name="navHidePermanentlyText">Piilota pysyvästi</string>
  <string name="navHiddenDestinationNotice">Tätä sijaintia ei näytetä uudelleen älykkäänä määränpäänä. Et voi peruuttaa tätä toimenpidettä.</string>
  <string name="navHideButton">Piilota</string>
  <string name="navHidePermanaentlyLabel">Piilotetaanko pysyvästi?</string>
  <string name="navChangesSavedToast">Muutokset tallennettu</string>
  <string name="annotationCVP0TimeToHome">%1$s kohteeseen %2$s</string>
  <string name="buttonLearnMore">Lue lisää</string>
  <string name="coachTripAssist">Älykäs määränpää näyttää tärkeitä ajotietoja usein ajamillesi matkoille</string>
  <string name="TripAssistMessage">Älykäs määränpää oppii ja ennakoi suosikkipysähdyksesi, jotta pääset perille nopeammin kirjoittamatta mitään.\n\nHallitse Älykäs määränpää -toiminnon asetuksia kohdassa Valinnat &gt; Asetukset &gt; Ennakoiva navigointi</string>
  <string name="bubbleStartPoint">Aloituspiste</string>
  <string name="trafficEventsUnavailableTitle">Liikennetapahtumatietoja ei ole saatavilla</string>
  <string name="trafficEventsUnavailableContent">Liitä tietojärjestelmä puhelimeesi saadaksesi ajankohtaiset liikennetiedot.</string>
  <string name="navTollboothAhead">Tietullipiste edessä</string>
  <string name="significantTrafficDelayRerouteVars">Merkittävä liikennehidaste tavallisella reitillä kohteeseen %1$s.\nUudelleenreititys tien %2$s kautta, säästö %3$s min.</string>
  <string name="MRTStationItemLabel">Metro-/raitiovaunuasemat</string>
  <string name="dialogCannotRecordUnknownIssues">Tuntematon ongelma. Muita reittejä ei voida tallentaa juuri nyt.</string>
  <string name="rerouteViaVars">%1$s %2$s päässä tiellä %3$s (päättyen %4$s)\nKierto tien %5$s kautta.</string>
  <string name="navViewPredictiveTutorial">Voit katsoa opastevideon kohdassa Asetukset &gt; Ennakoiva navigointi</string>
</resources>