<?xml version="1.0" encoding="UTF-8"?><resources>
  <string name="tacAccept">수락</string>
  <string name="navAddLabelTextField">라벨 추가(최대 10자)</string>
  <string name="recentEditScreenDeleteMessageText">주소 삭제됨</string>
  <string name="navTurnImmediatelyNotice">즉시</string>
  <string name="categoryWinery">와이너리</string>
  <string name="carWashItemLabel">세차장</string>
  <string name="ui_nav1">내비게이션</string>
  <string name="mapUpdateFailedSDCardErrorContactDealer">SD 카드가 꽉 찼거나 손상되었습니다. 취급 설명서를 참조하여 자세한 내용을 확인하거나 딜러를 방문하십시오.</string>
  <string name="navLimitNumberRecordings">%1$s개를 초과하는 경로를 기록할 수 없습니다. 기존 기록을 삭제한 후 새 기록을 만드십시오.</string>
  <string name="navActionFailedLabel">실행 안 됨</string>
  <string name="destinationFarFromRoad">목적지가 도로에서 너무 멀리 있습니다</string>
  <string name="navDestinationNearby">주변 목적지</string>
  <string name="emergencyCenterItemLabel">응급 센터/응급실</string>
  <string name="enableSmartSearchLabel">스마트 검색 및 경로 지정용으로 활성화</string>
  <string name="favoriteRemoved">즐겨찾기 삭제됨</string>
  <string name="commonMapServiceServiceRouteNotFound">경로를 찾을 수 없습니다</string>
  <string name="navSetUpHomeOption">집 주소 설정</string>
  <string name="navFeatureUnavailableInGuidanceToast">안내 모드에서 사용할 수 없는 기능입니다</string>
  <string name="sdcardNotValidForVehicleErrorMessage">이 SD 카드는 차량에서 내비게이션에 사용할 수 없습니다. 취급 설명서를 참조하여 자세한 내용을 확인하거나 딜러를 방문하십시오.</string>
  <string name="snacksItemLabel">스낵/음료</string>
  <string name="dessertsBeverages">디저트/음료</string>
  <string name="categoryDeliSandwiches">델리/샌드위치</string>
  <string name="alertMsgFrequentTrafficAccidentAhead">전방에 사고 다발 구간</string>
  <string name="ftuePrice">운전 중에 지도 업데이트를 자동으로 진행</string>
  <string name="ftueActiveRouting">능동형 경로 지정 – 현재의 도로 상황에 따라 최상의 경로를 유연하게 자동 업데이트</string>
  <string name="ftueSmartDestination">스마트 목적지 – 즐겨찾는 장소를 학습하고 예측하여 해당 장소로 가는 최상의 경로를 제공</string>
  <string name="ftueSmartSearch">스마트 검색 – 관심 있는 장소를 신속하게 찾음</string>
  <string name="ftueSkip">건너뛰기</string>
  <string name="mapControlInstructionZoom">확대</string>
  <string name="mapControlInstructionPan">회전</string>
  <string name="mapControlInstructionPin">핀</string>
  <string name="mapControlInstructionRecenter">현위치</string>
  <string name="mapControlInstructionDismiss">닫기</string>
  <string name="mapControlInstructionSwitch">전환</string>
  <string name="mapControlInstructionSelect">선택</string>
  <string name="mapControlInstructionBack">뒤로</string>
  <string name="mapControl">지도 컨트롤</string>
  <string name="navTripStatsNotice">주행 정보</string>
  <string name="navSmartDestinationsReady">스마트 목적지가 준비되었습니다!</string>
  <string name="navTapCardAlternateRoutes">대체 경로를 확인하려면 카드를 터치하십시오.</string>
  <string name="navSwipeDismissCard">카드를 닫으려면 왼쪽이나 오른쪽으로 미십시오.</string>
  <string name="navSwipeMinimizeCard">카드를 최소화하려면 아래로 내리십시오.</string>
  <string name="navLongHoldEdit">카드를 편집하려면 길게 누르십시오.</string>
  <string name="navFasterBubble">%1$s분\n단축</string>
  <string name="navSimilarTimeBubble">비슷한 시간</string>
  <string name="navSlowerBubble">%1$s분\n지연</string>
  <string name="navYouveArrivedNotice">도착했습니다</string>
  <string name="navDynamicDistance">%1$s mi</string>
  <string name="largeMapUpdateAvailable">대용량 지도 업데이트 있음</string>
  <string name="downloadSizeVarDataRatesApply">다운로드 크기가 약 %1$sMB입니다.\n데이터 요금 및/또는 평균 요금이 적용될 수 있습니다.</string>
  <string name="massageParlorsItemLabel">마사지</string>
  <string name="tennisItemLabel">테니스 코트</string>
  <string name="golfItemLabel">골프장</string>
  <string name="categorySoccerField">축구 경기장</string>
  <string name="toastLocationMaskingOff">위치 숨김 꺼짐</string>
  <string name="titleLocationMasking">위치 숨김 켜짐</string>
  <string name="navExitNavButton">내비게이션 종료</string>
  <string name="subContent_requestPermissions">또한 내비게이션을 사용하려면 위치, 전화 및 연락처에 액세스하는 것을 허락해야 합니다.</string>
  <string name="navSystemSettingsGrantAccess">시스템 설정으로 이동하여 액세스를 허락하십시오.</string>
  <string name="mapColorSummary">자동을 선택하면 모드가 조명 조건에 따라 자동으로 변경됩니다.</string>
  <string name="newLocalMapUpdateAvailable">새 로컬 지도 업데이트 있음</string>
  <string name="onStarDynamic">%1$s</string>
  <string name="nameAlreadyTaken">사용 중인 이름</string>
  <string name="navHighwayModeTitle">고속도로 모드</string>
  <string name="yourNavServiceRenewed">내비게이션 서비스가 갱신되었습니다.</string>
  <string name="neverCheckForBetterRoute">대체 경로를 절대로 검색하지 않음</string>
  <string name="askBeforeRerouting">경로를 재탐색하기 전에 묻기</string>
  <string name="renewSubscriptionLabel">서비스 재가입</string>
  <string name="restartNavSystemNotice">새 가입이 적용되기 전에 내비게이션을 다시 시작해야 합니다. 그렇지 않을 경우 다음에 엔진을 시동할 때까지 서비스를 이용할 수 없습니다.\n지금 다시 시작하시겠습니까?</string>
  <string name="yourSubscriptionRenewed">서비스 가입이 갱신되었습니다.</string>
  <string name="couldNotFindChargingStation">충전소를 찾을 수 없습니다</string>
  <string name="noNearbyExits">주변에 출구 없음</string>
  <string name="noExitsNearby">주변에 출구가 없습니다.</string>
  <string name="roadTracing">경로 추적</string>
  <string name="navWarningCallNotPossible">전화에 액세스하지 않을 경우 내비게이션이 "통화" 기능을 사용할 수 없습니다. 액세스를 허락하려면 아래의 권한 표시를 클릭하거나 시스템 설정으로 이동하십시오.</string>
  <string name="poiBankATMsIcon">은행/ATM</string>
  <string name="poiDrink">주점</string>
  <string name="dialogueContinueRecordingRoute">계속 기록하시겠습니까?</string>
  <string name="dialogRecordedSince">기록 시작:\n%1$s, %2$s</string>
  <string name="messageTotalDistanceExceed">전체 구간의 총 직선 거리는 %1$s를 초과할 수 없습니다.</string>
  <string name="navTAPTCDetails">터치하여 자세히 확인</string>
  <string name="navSaveChangesLabel">변경 내용을 저장하시겠습니까?</string>
  <string name="navSaveChangesPopup">변경 내용을 스마트 목적지에 저장하시겠습니까?</string>
  <string name="navUpdateButton">업데이트</string>
  <string name="ftueToastTurnOnPredictiveNav">스마트 내비게이션이 꺼졌습니다. 설정에서 켜십시오.</string>
  <string name="ftuePredictiveNavIsOn">스마트 내비게이션이 켜졌습니다. 설정에서 끄십시오.</string>
  <string name="dialogContentReminder">스마트 내비게이션이 켜졌습니다. 설정에서 끄십시오.</string>
  <string name="RecentDestinationsClearedMessage">최근 목적지 삭제됨</string>
  <string name="RecentDestinationsRestoredMessage">최근 목적지 복원됨</string>
  <string name="toastRecordedRouteSaved">기록된 경로가 저장되었습니다. 경로 추적 화면에서 찾으십시오.</string>
  <string name="recordRouteDistanceSave">%1$s\n%2$s, %3$s\n거리: %4$s\n저장하시겠습니까?</string>
  <string name="titleRemoveDestinationWaypoint">목적지/경유지 삭제</string>
  <string name="renameYourRecordedRoute">기록된 경로 이름을 변경하십시오.</string>
  <string name="messageRestartToDismiss">내비게이션 앱을 다시 시작하여 오류를 삭제하십시오.</string>
  <string name="restrictedRoadOnRoute">경로에 차단된 도로 있음</string>
  <string name="roadIsClosed">현재 폐쇄된 도로</string>
  <string name="noSavedRouteYet">아직 경로를 저장하지 않았습니다.</string>
  <string name="roadTracingDescription">경로 추적은 오프로드 경로를 기록하고 출발점으로 역추적하는 데 도움이 됩니다.</string>
  <string name="routeTracing">경로 추적</string>
  <string name="toastRouteOptionsUncheck">선택을 취소하고 다른 항목을 선택하십시오</string>
  <string name="routingToNearestPointToDestination">목적지와 가장 가까운 위치로 경로를 안내하는 중입니다.</string>
  <string name="dialogStopRecordingMemoryDiskIsFull">SD 카드 꽉 참</string>
  <string name="dialogCannotRecordMemoryCardIsFull">SD 카드 꽉 참. 지금은 더 많은 경로를 기록할 수 없습니다.</string>
  <string name="dialogueStoppedRecording">기록 중지됨</string>
  <string name="navSDCardFullRecStopMessage">SD 카드 꽉 참. 기록 중지됨.</string>
  <string name="listView">목록 보기</string>
  <string name="SearchHistoryClearedMessage">검색 기록 삭제됨</string>
  <string name="SearchHistoryRestoredMessage">검색 기록 복원됨</string>
  <string name="shoppingLifeIcon">쇼핑/생활</string>
  <string name="barsAsia">바</string>
  <string name="generalHospitals">종합병원</string>
  <string name="gradeATertiaryHospitals">A급 3차 병원</string>
  <string name="starClassHotels">고급 호텔</string>
  <string name="mapView">지도 보기</string>
  <string name="incrDataUpdateInProcess">지도 업데이트 중: %1$s%</string>
  <string name="poiBankATMsTitle">은행/ATM</string>
  <string name="bookStoreItemLabel">서점</string>
  <string name="commercialStreetItemLabel">쇼핑 지구</string>
  <string name="veterinarianItemLabel">동물병원</string>
  <string name="shoppingLifeTitle">쇼핑/생활</string>
  <string name="titleShowPOIsOnMap">지도에 표시</string>
  <string name="navLabelTakenToast">사용 중인 라벨입니다. 다른 라벨을 선택하십시오.</string>
  <string name="navSetUpWorkCard">직장 주소 설정</string>
  <string name="navSetUpHomeCard">집 주소 설정</string>
  <string name="navDragMapUpdateAddress">지도를 끌어서 주소 업데이트</string>
  <string name="navLabelButton">라벨</string>
  <string name="commonDone">완료</string>
  <string name="favoriteSaved">즐겨찾기 저장됨</string>
  <string name="navHidePermanentlyText">영구적으로 숨김</string>
  <string name="navHiddenDestinationNotice">이 위치는 다시 스마트 목적지로 표시되지 않습니다. 이 작업을 취소할 수 없습니다.</string>
  <string name="navHideButton">숨김</string>
  <string name="navHidePermanaentlyLabel">영구적으로 숨기시겠습니까?</string>
  <string name="navChangesSavedToast">변경 내용 저장됨</string>
  <string name="annotationCVP0TimeToHome">%2$s까지 %1$s분</string>
  <string name="buttonLearnMore">자세히 알아보기</string>
  <string name="coachTripAssist">스마트 목적지는 평소의 주행 구간에 대한 중요한 주행 정보를 표시합니다.</string>
  <string name="TripAssistMessage">스마트 목적지는 즐겨찾는 장소를 학습하고 예측하여 목적지를 입력하지 않고도 해당 장소에 더 빨리 도착하도록 돕습니다.\n\n옵션 &gt; 설정 &gt; 스마트 내비게이션에서 스마트 목적지를 관리하십시오.</string>
  <string name="bubbleStartPoint">출발점</string>
  <string name="trafficEventsUnavailableTitle">교통 상황 알림 이용 불가능</string>
  <string name="trafficEventsUnavailableContent">실시간 교통 정보를 수신하려면 인포 시스템을 휴대폰과 연결하십시오.</string>
  <string name="navTollboothAhead">전방에 요금소</string>
  <string name="significantTrafficDelayRerouteVars">%1$s(으)로 가는 평상시 경로에 심한 교통 정체가 있습니다.\n%2$s(으)로 우회하여 %3$s분을 절약하십시오.</string>
  <string name="MRTStationItemLabel">지하철역/경전철역</string>
  <string name="dialogCannotRecordUnknownIssues">알 수 없는 문제입니다. 지금은 더 많은 경로를 기록할 수 없습니다.</string>
  <string name="rerouteViaVars">%3$s %2$s 지점(%4$s 방향)에서 %1$s 발생\n%5$s을(를) 경유하는 경로로 재탐색하십시오.</string>
  <string name="navViewPredictiveTutorial">설정 &gt; 스마트 내비게이션에서 자습서를 볼 수 있습니다</string>
</resources>