<?xml version="1.0" encoding="UTF-8"?><resources>
  <string name="tacAccept">Prihvati</string>
  <string name="navAddLabelTextField">Dodaj oznaku (maks. 10 znakova)</string>
  <string name="recentEditScreenDeleteMessageText">Adresa je izbrisana</string>
  <string name="navTurnImmediatelyNotice">Odmah</string>
  <string name="categoryWinery">Vinarije</string>
  <string name="carWashItemLabel">Autopraonica</string>
  <string name="ui_nav1">Navigacija</string>
  <string name="mapUpdateFailedSDCardErrorContactDealer">Vaša SD kartica je puna ili oštećena. Za više pojedinosti pogledajte priručnik za vlasnika ili posjetite distributera.</string>
  <string name="navLimitNumberRecordings">Ne može se spremiti više od %1$s rute(a). Prije stvaranja novih zapisa izbrišite stare.</string>
  <string name="navActionFailedLabel">Radnja nije uspjela</string>
  <string name="destinationFarFromRoad">Odredište je daleko od ceste</string>
  <string name="navDestinationNearby">Odredište u blizini</string>
  <string name="emergencyCenterItemLabel">Centri za hitne medicinske slučajeve/hitna pomoć</string>
  <string name="enableSmartSearchLabel">Omogući za pametno pretraživanje i izradu rute</string>
  <string name="favoriteRemoved">Omiljena stavka je uklonjena</string>
  <string name="commonMapServiceServiceRouteNotFound">Ruta nije pronađena</string>
  <string name="navSetUpHomeOption">Postavi kućnu adresu</string>
  <string name="navFeatureUnavailableInGuidanceToast">Značajka nije dostupna u načinu za vođenje</string>
  <string name="sdcardNotValidForVehicleErrorMessage">Ova SD kartica nije valjana za navigaciju u ovom vozilu. Za više pojedinosti pogledajte priručnik za vlasnika ili posjetite distributera.</string>
  <string name="snacksItemLabel">Zalogajčići/napitci</string>
  <string name="dessertsBeverages">Slastice/napitci</string>
  <string name="categoryDeliSandwiches">Delikatese/sendviči</string>
  <string name="alertMsgFrequentTrafficAccidentAhead">Područje čestih promet. nesreća ispred</string>
  <string name="ftuePrice">Primajte automatska ažuriranja karata putem etera</string>
  <string name="ftueActiveRouting">Aktivna izrada rute – omogućuje dinamičko ažuriranje najbolje rute na temelju trenutačnih uvjeta na cesti</string>
  <string name="ftueSmartDestination">Pametno odredište – uči i predviđa vaša omiljena stajališta te vam prikazuje najbolje rute do njih</string>
  <string name="ftueSmartSearch">Pametno pretraživanje – brzo pronalazi mjesta koja volite</string>
  <string name="ftueSkip">Preskoči</string>
  <string name="mapControlInstructionZoom">Zumiraj</string>
  <string name="mapControlInstructionPan">Pomakni</string>
  <string name="mapControlInstructionPin">Zakači</string>
  <string name="mapControlInstructionRecenter">Pon. centr.</string>
  <string name="mapControlInstructionDismiss">Odbaci</string>
  <string name="mapControlInstructionSwitch">Prebaci</string>
  <string name="mapControlInstructionSelect">Odaberi</string>
  <string name="mapControlInstructionBack">Natrag</string>
  <string name="mapControl">Kontrola karte</string>
  <string name="navTripStatsNotice">Statistika putovanja</string>
  <string name="navSmartDestinationsReady">Vaša pametna odredišta su spremna!</string>
  <string name="navTapCardAlternateRoutes">Za prikazivanje alternativnih ruta dodirnite kartu.</string>
  <string name="navSwipeDismissCard">Za isključivanje karte prijeđite prstom ulijevo ili udesno.</string>
  <string name="navSwipeMinimizeCard">Za minimiziranje karte prijeđite prstom prema dolje</string>
  <string name="navLongHoldEdit">Za uređivanje karte pritisnite i dugo držite.</string>
  <string name="navFasterBubble">Brže za\n%1$s min</string>
  <string name="navSimilarTimeBubble">Slično vrijeme</string>
  <string name="navSlowerBubble">Sporije za\n%1$s min</string>
  <string name="navYouveArrivedNotice">Stigli ste</string>
  <string name="navDynamicDistance">%1$s mi</string>
  <string name="largeMapUpdateAvailable">Dostupno je veliko ažuriranje karte</string>
  <string name="downloadSizeVarDataRatesApply">Veličina preuzimanja iznosi pribl. %1$s MB.\nMogu se primjenjivati nakn. za brzinu prijenosa podataka i/ili prosj. naknade.</string>
  <string name="massageParlorsItemLabel">Saloni za masažu</string>
  <string name="tennisItemLabel">Teniski tereni</string>
  <string name="golfItemLabel">Golfski tereni</string>
  <string name="categorySoccerField">Nogometna igrališta</string>
  <string name="toastLocationMaskingOff">Skrivanje lokacije je isključeno</string>
  <string name="titleLocationMasking">Skrivanje lokacije je uključeno</string>
  <string name="navExitNavButton">Izađi iz navigacije</string>
  <string name="subContent_requestPermissions">Navigacija zahtijeva i dopuštenje za pristup vašoj lokaciji, telefonu i kontaktima.</string>
  <string name="navSystemSettingsGrantAccess">Za odobravanje pristupa otvorite postavke sustava.</string>
  <string name="mapColorSummary">Za automatsku promjenu načina rada ovisno o uvjetima osvjetljenja odaberite Automatski.</string>
  <string name="newLocalMapUpdateAvailable">Dostupno je novo ažur. za lokal. kartu</string>
  <string name="onStarDynamic">%1$s</string>
  <string name="nameAlreadyTaken">Naziv već postoji</string>
  <string name="navHighwayModeTitle">Način za autocestu</string>
  <string name="yourNavServiceRenewed">Vaša usluga navigacije je obnovljena.</string>
  <string name="neverCheckForBetterRoute">Nikad ne traži bolje rute</string>
  <string name="askBeforeRerouting">Pitaj prije promjene rute</string>
  <string name="renewSubscriptionLabel">Obnovi pretplatu</string>
  <string name="restartNavSystemNotice">Kako bi nova pretplata postala aktivna, morate ponovno pokrenuti navigaciju. U suprotnom pretplata neće biti dostupna sve dok sljedeći put ne pokrenete motor.\nŽelite li je sada ponovno pokrenuti?</string>
  <string name="yourSubscriptionRenewed">Vaša pretplata je obnovljena.</string>
  <string name="couldNotFindChargingStation">Stanica za punjenje nije pronađena</string>
  <string name="noNearbyExits">Nema izlaza u blizini</string>
  <string name="noExitsNearby">Nema izlaza u blizini.</string>
  <string name="roadTracing">Praćenje rute</string>
  <string name="navWarningCallNotPossible">Bez pristupa vašem telefonu navigacija ne može omogućiti značajku „Poziv”.\nZa odobravanje pristupa kliknite na Prikaži dopuštenje ili otvorite postavke sustava.</string>
  <string name="poiBankATMsIcon">Banke/bankom.</string>
  <string name="poiDrink">Alkoholna pića</string>
  <string name="dialogueContinueRecordingRoute">Nastaviti snimanje?</string>
  <string name="dialogRecordedSince">Snimljeno od:\n%1$s u %2$s</string>
  <string name="messageTotalDistanceExceed">Ukupna zračna udaljenost cijelog putovanja ne može biti veća od %1$s.</string>
  <string name="navTAPTCDetails">Dodirnite za pojedinosti</string>
  <string name="navSaveChangesLabel">Spremiti promjene?</string>
  <string name="navSaveChangesPopup">Spremiti promjene pametnog odredišta?</string>
  <string name="navUpdateButton">Ažuriraj</string>
  <string name="ftueToastTurnOnPredictiveNav">Predvidljiva navigacija je isključena. Uključite je u izborniku Postavke.</string>
  <string name="ftuePredictiveNavIsOn">Predvidljiva navigacija je uključena. Isključite je u izborniku Postavke.</string>
  <string name="dialogContentReminder">Predvidljiva navigacija je uključena. Isključite je u izborniku Postavke.</string>
  <string name="RecentDestinationsClearedMessage">Posljednja odredišta su izbrisana</string>
  <string name="RecentDestinationsRestoredMessage">Posljednja odredišta su vraćena</string>
  <string name="toastRecordedRouteSaved">Snimljena ruta je spremljena. Možete je naći na zaslonu Praćenje rute.</string>
  <string name="recordRouteDistanceSave">%1$s\n%2$s u %3$s\nUdaljenost: %4$s\nŽelite li je spremiti?</string>
  <string name="titleRemoveDestinationWaypoint">Uklanjanje odredišta / putne točke</string>
  <string name="renameYourRecordedRoute">Preimenujte svoju snimljenu rutu.</string>
  <string name="messageRestartToDismiss">Za odbacivanje pogreške ponovno pokrenite aplikaciju za navigaciju.</string>
  <string name="restrictedRoadOnRoute">Cesta s ograničenjem na ruti</string>
  <string name="roadIsClosed">Cesta je trenutačno zatvorena</string>
  <string name="noSavedRouteYet">Još niste spremili nijednu rutu.</string>
  <string name="roadTracingDescription">Praćenje rute omogućuje vam snimanje terenske rute i praćenje do početne točke.</string>
  <string name="routeTracing">Praćenje rute</string>
  <string name="toastRouteOptionsUncheck">Poništite odabir i zatim odaberite drugu</string>
  <string name="routingToNearestPointToDestination">Promjena rute do točke najbliže vašem odredištu.</string>
  <string name="dialogStopRecordingMemoryDiskIsFull">SD kartica je puna</string>
  <string name="dialogCannotRecordMemoryCardIsFull">SD kartica je puna. Trenutačno se ne mogu snimiti dodatne rute.</string>
  <string name="dialogueStoppedRecording">Snimanje je zaustavljeno</string>
  <string name="navSDCardFullRecStopMessage">SD kartica je puna. Snimanje je zaustavljeno.</string>
  <string name="listView">Prik. popisa</string>
  <string name="SearchHistoryClearedMessage">Povijest pretraživanja je izbrisana</string>
  <string name="SearchHistoryRestoredMessage">Povijest pretraživanja je vraćena</string>
  <string name="shoppingLifeIcon">Trg. cen./lifestyle</string>
  <string name="barsAsia">Barovi</string>
  <string name="generalHospitals">Opće bolnice</string>
  <string name="gradeATertiaryHospitals">Kliničke bolnice</string>
  <string name="starClassHotels">Hoteli s 3 – 5 zvjezdica</string>
  <string name="mapView">Prikaz karte</string>
  <string name="incrDataUpdateInProcess">Ažuriranje karte u tijeku: %1$s %</string>
  <string name="poiBankATMsTitle">Banke/bankomati</string>
  <string name="bookStoreItemLabel">Knjižare</string>
  <string name="commercialStreetItemLabel">Šoping četvrti</string>
  <string name="veterinarianItemLabel">Veterinari</string>
  <string name="shoppingLifeTitle">Trgovački centri/lifestyle trgovine</string>
  <string name="titleShowPOIsOnMap">Prikaži na karti</string>
  <string name="navLabelTakenToast">Oznaka već postoji. Odaberite drugu.</string>
  <string name="navSetUpWorkCard">Postavi adresu posla</string>
  <string name="navSetUpHomeCard">Postavi kućnu adresu</string>
  <string name="navDragMapUpdateAddress">Za ažurir. adrese povucite kartu</string>
  <string name="navLabelButton">Oznaka</string>
  <string name="commonDone">Gotovo</string>
  <string name="favoriteSaved">Omiljena stavka je spremljena</string>
  <string name="navHidePermanentlyText">Trajno sakrij</string>
  <string name="navHiddenDestinationNotice">Ova se lokacija neće više prikazivati kao pametno odredište. Ne možete poništiti ovu radnju.</string>
  <string name="navHideButton">Sakrij</string>
  <string name="navHidePermanaentlyLabel">Trajno sakriti?</string>
  <string name="navChangesSavedToast">Promjene su spremljene</string>
  <string name="annotationCVP0TimeToHome">%1$s do %2$s</string>
  <string name="buttonLearnMore">Saznaj više</string>
  <string name="coachTripAssist">Pametno odredište prikazuje važne informacije o vožnji za vaša uobičajena putovanja</string>
  <string name="TripAssistMessage">Pametno odredište uči i predviđa vaša omiljena stajališta kako biste bez tipkanja brže stigli na odredište.\n\nPostavkama pametnog odredišta možete upravljati u izborniku Opcije &gt; Postavke &gt; Predvidljiva navigacija.</string>
  <string name="bubbleStartPoint">Početna točka</string>
  <string name="trafficEventsUnavailableTitle">Prometni događaj nije dostupan</string>
  <string name="trafficEventsUnavailableContent">Za dobivanje prometnih obavijesti uživo povežite sustav za informacije i zabavu sa svojim telefonom.</string>
  <string name="navTollboothAhead">Naplatna postaja ispred</string>
  <string name="significantTrafficDelayRerouteVars">Duži prometni zastoj na uobičajenoj ruti do %1$s.\nPromijenite rutu putem %2$s i uštedite %3$s min.</string>
  <string name="MRTStationItemLabel">Postaje podzemne/lake gradske željeznice</string>
  <string name="dialogCannotRecordUnknownIssues">Nepoznati problemi. Trenutačno se ne mogu snimiti dodatne rute.</string>
  <string name="rerouteViaVars">%1$s za %2$s na %3$s (prema %4$s)\nPromijenite rutu putem %5$s.</string>
  <string name="navViewPredictiveTutorial">Vodič možete pogledati u izborniku Postavke &gt; Predvidljiva navigacija</string>
</resources>