<?xml version="1.0" encoding="UTF-8"?><resources>
  <string name="tacAccept">Kabul et</string>
  <string name="navAddLabelTextField">Bir Etiket Ekle (Maksimum 10 karakter)</string>
  <string name="recentEditScreenDeleteMessageText">Adres Silindi</string>
  <string name="navTurnImmediatelyNotice">Derhal</string>
  <string name="categoryWinery">Şarap imalathaneleri</string>
  <string name="carWashItemLabel">Araç Yıkama</string>
  <string name="ui_nav1">Nav</string>
  <string name="mapUpdateFailedSDCardErrorContactDealer">SD kartınız dolu veya hasarlı. Daha fazla ayrıntı için Sürücü Ek Kitabına bakın veya bayinizi ziyaret edin.</string>
  <string name="navLimitNumberRecordings">%1$s rotadan fazla kaydedilemiyor. Yenilerini oluşturmadan önce eski kayıtları silin.</string>
  <string name="navActionFailedLabel">İşlem Sonuçsuz</string>
  <string name="destinationFarFromRoad">Varış Yeri Yoldan Çok Uzak</string>
  <string name="navDestinationNearby">Varış Yeri Yakında</string>
  <string name="emergencyCenterItemLabel">Acil Durum Merkezleri/Odaları</string>
  <string name="enableSmartSearchLabel">Akıllı Arama ve Rota için Etkin</string>
  <string name="favoriteRemoved">Favori Kaldırıldı</string>
  <string name="commonMapServiceServiceRouteNotFound">Rota Bulunamadı</string>
  <string name="navSetUpHomeOption">Ev Ayarla</string>
  <string name="navFeatureUnavailableInGuidanceToast">Özellik Kılavuz Modunda Kullanılamıyor</string>
  <string name="sdcardNotValidForVehicleErrorMessage">Bu SD kartı bu araçta navigasyon için geçerli değil. Daha fazla ayrıntı için Sürücü El kitabına bakın veya bayinizi ziyaret edin.</string>
  <string name="snacksItemLabel">Atıştırmalıklar/İçecekler</string>
  <string name="dessertsBeverages">Tatlılar/İçecekler</string>
  <string name="categoryDeliSandwiches">Şarküteri/Sandviç</string>
  <string name="alertMsgFrequentTrafficAccidentAhead">İleride Sık Trafik Kazası</string>
  <string name="ftuePrice">Kablosuz otomatik harita güncellemelerini alın</string>
  <string name="ftueActiveRouting">Aktif Rota - Mevcut yol koşullarına göre dinamik olarak güncellenen en iyi rotayı alır</string>
  <string name="ftueSmartDestination">Akıllı Varış Yeri - Favori duraklarınızı öğrenir ve tahmin eder ve oraya gidebilmeniz için en iyi rotayı gösterir</string>
  <string name="ftueSmartSearch">Akıllı Arama - Önem verdiğiniz yerleri hızlı bir şekilde bulur</string>
  <string name="ftueSkip">Atla</string>
  <string name="mapControlInstructionZoom">Yakınlaştır</string>
  <string name="mapControlInstructionPan">Gezdir</string>
  <string name="mapControlInstructionPin">İşaretle</string>
  <string name="mapControlInstructionRecenter">Odakla</string>
  <string name="mapControlInstructionDismiss">Kapa</string>
  <string name="mapControlInstructionSwitch">Geçiş</string>
  <string name="mapControlInstructionSelect">Seç</string>
  <string name="mapControlInstructionBack">Geri</string>
  <string name="mapControl">Harita Kontrolü</string>
  <string name="navTripStatsNotice">Seyahat İstatistikleri</string>
  <string name="navSmartDestinationsReady">Akıllı Varış Yerleriniz hazır!</string>
  <string name="navTapCardAlternateRoutes">Alternatif rotaları almak için karta dokunun.</string>
  <string name="navSwipeDismissCard">Kartı kapatmak için sola veya sağa kaydırın.</string>
  <string name="navSwipeMinimizeCard">Kartı küçültmek için aşağı kaydırın</string>
  <string name="navLongHoldEdit">Kartı düzenlemek için uzun süre basılı tutun.</string>
  <string name="navFasterBubble">%1$s dk.\nHızlı</string>
  <string name="navSimilarTimeBubble">Benzer süre</string>
  <string name="navSlowerBubble">%1$s dk.\nYavaş</string>
  <string name="navYouveArrivedNotice">Ulaştınız</string>
  <string name="navDynamicDistance">%1$s mi</string>
  <string name="largeMapUpdateAvailable">Büyük Harita Güncellemesi Var</string>
  <string name="downloadSizeVarDataRatesApply">İndirme boyutu yaklaşık %1$sMB.\nVeri hızları ve/veya aşırı fiyat farkı olabilir.</string>
  <string name="massageParlorsItemLabel">Masaj salonları</string>
  <string name="tennisItemLabel">Tenis Kortları</string>
  <string name="golfItemLabel">Golf Sahaları</string>
  <string name="categorySoccerField">Futbol Sahaları</string>
  <string name="toastLocationMaskingOff">Konum Maskeleme Kapalı</string>
  <string name="titleLocationMasking">Konum Maskeleme Açık</string>
  <string name="navExitNavButton">Navigasyondan Çık</string>
  <string name="subContent_requestPermissions">Navigasyon ayrıca Konum, Telefon ve Kişilere erişmek için izin istiyor.</string>
  <string name="navSystemSettingsGrantAccess">Lütfen erişim vermek için Sistem Ayarlarını ziyaret edin.</string>
  <string name="mapColorSummary">Işık koşullarına göre otomatik olarak mod değiştirmek için Otomatik seçeneğini seçin.</string>
  <string name="newLocalMapUpdateAvailable">Yeni Yerel Harita Güncellemesi Var</string>
  <string name="onStarDynamic">%1$s</string>
  <string name="nameAlreadyTaken">Ad Alınmış</string>
  <string name="navHighwayModeTitle">Otoban Modu</string>
  <string name="yourNavServiceRenewed">Navigasyon Servisiniz yenilendi.</string>
  <string name="neverCheckForBetterRoute">Hiçbir Zaman Daha İyi Rota Arama</string>
  <string name="askBeforeRerouting">Yeni Rota Hesaplamadan Sor</string>
  <string name="renewSubscriptionLabel">Aboneliği Yenile</string>
  <string name="restartNavSystemNotice">Yeni aboneliğin geçerli olması için Navigasyonu yeniden başlatmalısınız. Aksi takdirde, bir sonraki motor başlatmaya kadar abonelik kullanılamayacak.\n'Şimdi yeniden başlatılsın mı?</string>
  <string name="yourSubscriptionRenewed">Aboneliğiniz yenilendi.</string>
  <string name="couldNotFindChargingStation">Şarj istasyonu bulunamadı</string>
  <string name="noNearbyExits">Yakında Çıkış Yok</string>
  <string name="noExitsNearby">Yakında çıkış yok.</string>
  <string name="roadTracing">Rota İzleme</string>
  <string name="navWarningCallNotPossible">Telefonunuza erişim olmadan, Navigasyon "Arama" özelliğini etkinleştiremez.\nErişim izni vermek için, aşağıdaki İzin Göster üzerine tıklayın veya Sistem Ayarlarını ziyaret edin.</string>
  <string name="poiBankATMsIcon">Bankalar/ATM'ler</string>
  <string name="poiDrink">İçecekler</string>
  <string name="dialogueContinueRecordingRoute">Kayda devem edilsin mi?</string>
  <string name="dialogRecordedSince">Kayıt başlangıcı:\n%1$s - %2$s</string>
  <string name="messageTotalDistanceExceed">Tüm seyahatin lineer mesafesi %1$s üzerinde olamaz.</string>
  <string name="navTAPTCDetails">Ayrıntılar için dokunun</string>
  <string name="navSaveChangesLabel">Değişiklikler kaydedilsin mi?</string>
  <string name="navSaveChangesPopup">Değişiklikler Akıllı Varış yerine kaydedilsin mi?</string>
  <string name="navUpdateButton">Güncelle</string>
  <string name="ftueToastTurnOnPredictiveNav">Tahminli Navigasyon Kapalı. Ayarlardan açın.</string>
  <string name="ftuePredictiveNavIsOn">Tahminli Navigasyon Açık. Ayarlardan kapatın.</string>
  <string name="dialogContentReminder">Tahminli Navigasyon Açık. Ayarlardan kapatın.</string>
  <string name="RecentDestinationsClearedMessage">Son Varış Yerleri Silindi</string>
  <string name="RecentDestinationsRestoredMessage">Son Varış Yerleri Geri Yüklendi</string>
  <string name="toastRecordedRouteSaved">Kayıtlı rota kaydedildi. Rota İzleme ekranında bulun.</string>
  <string name="recordRouteDistanceSave">%1$s\n%2$s - %3$s\nMesafe: %4$s\nKaydetmek istiyor musunuz?</string>
  <string name="titleRemoveDestinationWaypoint">Varış Yerini/Ara Noktayı Kaldır</string>
  <string name="renameYourRecordedRoute">Kaydedilen rotanızı yeniden adlandırın.</string>
  <string name="messageRestartToDismiss">Lütfen hatayı kapatmak için Navigasyonu yeniden başlatın.</string>
  <string name="restrictedRoadOnRoute">Rotada Yasaklı Yol</string>
  <string name="roadIsClosed">Yol Şu Anda Kapalı</string>
  <string name="noSavedRouteYet">Henüz herhangi bir rota kaydetmediniz.</string>
  <string name="roadTracingDescription">Rota İzleme arazi rotanızı kaydetmenize ve başlangıç noktasına dönmenize yardımcı olur.</string>
  <string name="routeTracing">Rota İzleme</string>
  <string name="toastRouteOptionsUncheck">Bir seçimi kaldırın ve ardından başka seçim yapın</string>
  <string name="routingToNearestPointToDestination">En yakın varış yerinize rota oluşturuluyor.</string>
  <string name="dialogStopRecordingMemoryDiskIsFull">SD Kartı Dolu</string>
  <string name="dialogCannotRecordMemoryCardIsFull">SD Kartı dolu. Şu anda daha fazla rota kaydedilemez.</string>
  <string name="dialogueStoppedRecording">Kayıt İşlemi Durduruldu</string>
  <string name="navSDCardFullRecStopMessage">SD kartı dolu. Kayıt İşlemi Durduruldu.</string>
  <string name="listView">Liste Gör</string>
  <string name="SearchHistoryClearedMessage">Arama Geçmişi Silindi</string>
  <string name="SearchHistoryRestoredMessage">Arama Geçmişi Geri Yüklendi</string>
  <string name="shoppingLifeIcon">Alışveriş/Yaşam</string>
  <string name="barsAsia">Barlar</string>
  <string name="generalHospitals">Genel Hastaneler</string>
  <string name="gradeATertiaryHospitals">A Sınıfı Üniversite Hastaneleri</string>
  <string name="starClassHotels">Yıldızlı Oteller</string>
  <string name="mapView">Harita Gör</string>
  <string name="incrDataUpdateInProcess">Harita Güncelleme Sürüyor: %%1$s</string>
  <string name="poiBankATMsTitle">Bankalar/ATM'ler</string>
  <string name="bookStoreItemLabel">Kitapçılar</string>
  <string name="commercialStreetItemLabel">Alışveriş Yerleri</string>
  <string name="veterinarianItemLabel">Veterinerler</string>
  <string name="shoppingLifeTitle">Alışveriş/Yaşam</string>
  <string name="titleShowPOIsOnMap">Haritada Göster</string>
  <string name="navLabelTakenToast">Etiket alınmış. Lütfen başka seçin.</string>
  <string name="navSetUpWorkCard">İş Yeri Ayarla</string>
  <string name="navSetUpHomeCard">Ev Ayarla</string>
  <string name="navDragMapUpdateAddress">Adresi günc. için haritayı sürükle</string>
  <string name="navLabelButton">Etiket</string>
  <string name="commonDone">Tamam</string>
  <string name="favoriteSaved">Favori Kaydedildi</string>
  <string name="navHidePermanentlyText">Kalıcı Olarak Gizle</string>
  <string name="navHiddenDestinationNotice">Bu konum artık Akıllı Varış Yeri olarak gösterilmeyecek. Bu eylemi geri alamazsınız.</string>
  <string name="navHideButton">Gizle</string>
  <string name="navHidePermanaentlyLabel">Kalıcı Olarak Gizlensin Mi?</string>
  <string name="navChangesSavedToast">Değişiklikler Kaydedildi</string>
  <string name="annotationCVP0TimeToHome">%1$s sonra %2$s</string>
  <string name="buttonLearnMore">Daha Geniş Bilgi</string>
  <string name="coachTripAssist">Akıllı Varış Yeri genel seyahatleriniz için önemli sürüş bilgileri gösterir</string>
  <string name="TripAssistMessage">Akıllı Varış Yeri herhangi bir giriş yapmadan en hızlı şekilde ulaşmanız için favori duraklarınızı öğrenir ve tahmin eder.\n\nSeçenekler &gt; Ayarlar &gt; Tahminli Navigasyon üzerinden Akıllı Varı Yerini'ni yönetin.</string>
  <string name="bubbleStartPoint">Başlangıç Noktası</string>
  <string name="trafficEventsUnavailableTitle">Trafik Olayı Kullanılamıyor</string>
  <string name="trafficEventsUnavailableContent">Canlı Trafik bilgileri almak için Bilgi Sistemini telefonunuza bağlayın.</string>
  <string name="navTollboothAhead">İleride Gişe</string>
  <string name="significantTrafficDelayRerouteVars">%1$s normal rotasında belirgin trafik gecikmesi.\n%2$s ile yeniden rota oluştur, %3$s dakika kazan.</string>
  <string name="MRTStationItemLabel">Metro/Hafif Raylı Sistemler</string>
  <string name="dialogCannotRecordUnknownIssues">Bilinmeyen sorunlar. Şu anda daha fazla rota kaydedilemiyor.</string>
  <string name="rerouteViaVars">%2$s sonra %3$s üzerinde %1$s (%4$s mevkiine kadar)\n%5$s ile yeni rota oluştur.</string>
  <string name="navViewPredictiveTutorial">Ayarlar &gt; Tahminli Navigasyon üzerinden eğitseli görüntüleyebilirsiniz</string>
</resources>