<?xml version="1.0" encoding="UTF-8"?><resources>
  <string name="tacAccept">Accepter</string>
  <string name="navAddLabelTextField">Ajouter une étiquette (10 caractères max.)</string>
  <string name="recentEditScreenDeleteMessageText">Adresse supprimée</string>
  <string name="navTurnImmediatelyNotice">Immédiatement</string>
  <string name="categoryWinery">Vignobles</string>
  <string name="carWashItemLabel">Lave-auto</string>
  <string name="ui_nav1">Navigation</string>
  <string name="mapUpdateFailedSDCardErrorContactDealer">Votre carte SD est pleine ou endommagée. Consultez le guide du prop. pour obtenir des détails ou visitez votre concession.</string>
  <string name="navLimitNumberRecordings">Impossible d'enregistrer plus de %1$s itinéraires. Supprimez les anciens enregistrements avant d'en créer de nouveaux.</string>
  <string name="navActionFailedLabel">L'action a échoué.</string>
  <string name="destinationFarFromRoad">La destination est éloignée de la route</string>
  <string name="navDestinationNearby">Destination à proximité</string>
  <string name="emergencyCenterItemLabel">Salles/centres d'urgence</string>
  <string name="enableSmartSearchLabel">Act. la rech. et l'établis. d'itinéraires intelligents</string>
  <string name="favoriteRemoved">Favori supprimé</string>
  <string name="commonMapServiceServiceRouteNotFound">Itinéraire introuvable</string>
  <string name="navSetUpHomeOption">Définir domicile</string>
  <string name="navFeatureUnavailableInGuidanceToast">Fonction non disponible en mode de guidage</string>
  <string name="sdcardNotValidForVehicleErrorMessage">Cette carte SD n'est pas valide dans ce véhicule pour la navigation. Consultez le guide du prop. pour plus d'info. ou visitez le concessionnaire.</string>
  <string name="snacksItemLabel">Casse-croûtes/boissons</string>
  <string name="dessertsBeverages">Desserts/boissons</string>
  <string name="categoryDeliSandwiches">Épicerie fine/sandwich</string>
  <string name="alertMsgFrequentTrafficAccidentAhead">Zone d'accidents fréquents devant</string>
  <string name="ftuePrice">Obtenez des mises à jour automatiques de la carte à distance</string>
  <string name="ftueActiveRouting">Établissement actif d'itinéraires - permet d'obtenir dynamiquement le meilleur itinéraire mis à jour en fonction des conditions actuelles de la route</string>
  <string name="ftueSmartDestination">Destination intelligente - mémorise et prévoit vos arrêts favoris et vous indique les meilleurs itinéraires pour y arriver</string>
  <string name="ftueSmartSearch">Recherche intelligente - trouve rapidement les endroits qui vous intéressent</string>
  <string name="ftueSkip">Ignorer</string>
  <string name="mapControlInstructionZoom">Zoom</string>
  <string name="mapControlInstructionPan">Panoram.</string>
  <string name="mapControlInstructionPin">Épingler</string>
  <string name="mapControlInstructionRecenter">Recentrer</string>
  <string name="mapControlInstructionDismiss">Ignorer</string>
  <string name="mapControlInstructionSwitch">Changer</string>
  <string name="mapControlInstructionSelect">Sélect.</string>
  <string name="mapControlInstructionBack">Précédent</string>
  <string name="mapControl">Contr. de la carte</string>
  <string name="navTripStatsNotice">Statistiques du trajet</string>
  <string name="navSmartDestinationsReady">Vos destinations intelligentes sont prêtes!</string>
  <string name="navTapCardAlternateRoutes">Touchez la carte pour obtenir d'autres itinéraires.</string>
  <string name="navSwipeDismissCard">Faites glisser vers la gauche ou la droite pour ignorer la carte.</string>
  <string name="navSwipeMinimizeCard">Faites glisser vers le bas pour réduire la carte</string>
  <string name="navLongHoldEdit">Touchez longuement pour modifier la carte.</string>
  <string name="navFasterBubble">%1$s min\n+ rapide</string>
  <string name="navSimilarTimeBubble">Durée similaire</string>
  <string name="navSlowerBubble">%1$s min.\nplus long</string>
  <string name="navYouveArrivedNotice">Vous êtes arrivé</string>
  <string name="navDynamicDistance">%1$s mi</string>
  <string name="largeMapUpdateAvailable">Grande mise à jour de carte dispo.</string>
  <string name="downloadSizeVarDataRatesApply">Le téléchargement est d'environ %1$s Mo.\nDes frais de données et/ou de dépassement pourraient s'appliquer.</string>
  <string name="massageParlorsItemLabel">Massages</string>
  <string name="tennisItemLabel">Terrains de tennis</string>
  <string name="golfItemLabel">Parcours de golf</string>
  <string name="categorySoccerField">Terrains de soccer</string>
  <string name="toastLocationMaskingOff">Masquage de l'emplacement désactivé</string>
  <string name="titleLocationMasking">Masquage de l'emplacement activé</string>
  <string name="navExitNavButton">Quitter la Nav.</string>
  <string name="subContent_requestPermissions">La navigation exige également une autorisation pour accéder à votre emplacement, votre téléphone et vos contacts.</string>
  <string name="navSystemSettingsGrantAccess">Veuillez aller aux paramètres du système pour donner l'accès.</string>
  <string name="mapColorSummary">Sélectionnez Auto pour changer les modes automatiquement en fonction des conditions d'éclairage.</string>
  <string name="newLocalMapUpdateAvailable">Mise à jour de carte locale disponible</string>
  <string name="onStarDynamic">%1$s</string>
  <string name="nameAlreadyTaken">Ce nom est déjà utilisé.</string>
  <string name="navHighwayModeTitle">Mode autoroute</string>
  <string name="yourNavServiceRenewed">Votre système de navigation a été renouvelé.</string>
  <string name="neverCheckForBetterRoute">Ne jamais rechercher de meilleurs itinér.</string>
  <string name="askBeforeRerouting">Demander avant de changer d'itinéraire.</string>
  <string name="renewSubscriptionLabel">Renouveler abonnement</string>
  <string name="restartNavSystemNotice">Vous devez redémarrer Nav pour que le nouvel abonnement entre en vigueur. Dans le cas contraire, il ne sera pas disponible avant le prochain démarrage du moteur.\nRedémarrer maintenant?</string>
  <string name="yourSubscriptionRenewed">Votre abonnement a été renouvelé.</string>
  <string name="couldNotFindChargingStation">Impossible de trouver une borne de recharge</string>
  <string name="noNearbyExits">Aucune sortie à proximité</string>
  <string name="noExitsNearby">Aucune sortie à proximité.</string>
  <string name="roadTracing">Traçage d'itinéraire</string>
  <string name="navWarningCallNotPossible">Sans accès à votre téléphone, la navigation ne peut activer la fonction\n« Appel ».\nPour autoriser l'accès, cliquez sur Afficher l'autorisation ci-dessous ou allez à Paramètres.</string>
  <string name="poiBankATMsIcon">Banq./guichets</string>
  <string name="poiDrink">Boissons</string>
  <string name="dialogueContinueRecordingRoute">Continuer l'enregistrement?</string>
  <string name="dialogRecordedSince">Enregistré depuis :\n%1$s à %2$s</string>
  <string name="messageTotalDistanceExceed">La distance linéaire totale du trajet entier ne peut dépasser %1$s.</string>
  <string name="navTAPTCDetails">Touchez pour les détails.</string>
  <string name="navSaveChangesLabel">Enregistrer les changements?</string>
  <string name="navSaveChangesPopup">Enr. les changements à Destination intelligente?</string>
  <string name="navUpdateButton">Mettre à jour</string>
  <string name="ftueToastTurnOnPredictiveNav">Navigation prédictive désactivée. Activez-la dans les paramètres.</string>
  <string name="ftuePredictiveNavIsOn">Navigation prédictive activée. Désactivez-la dans les paramètres.</string>
  <string name="dialogContentReminder">Navigation prédictive activée. Désactivez-la dans les paramètres.</string>
  <string name="RecentDestinationsClearedMessage">Destinations récentes effacées</string>
  <string name="RecentDestinationsRestoredMessage">Destinations récentes restaurées</string>
  <string name="toastRecordedRouteSaved">L'itinéraire enregistré a été sauvegardé. Vous le trouverez dans l'écran Traçage d'itinéraire.</string>
  <string name="recordRouteDistanceSave">%1$s\n%2$s à %3$s\nDistance : %4$s\nSouhaitez-vous procéder à la sauvegarde?</string>
  <string name="titleRemoveDestinationWaypoint">Supprimer destin./point de cheminement</string>
  <string name="renameYourRecordedRoute">Renommez votre itinéraire sauvegardé.</string>
  <string name="messageRestartToDismiss">Veuillez redémarrer l'application Nav pour ignorer l'erreur.</string>
  <string name="restrictedRoadOnRoute">Il existe une route à accès restreint sur l'itinéraire.</string>
  <string name="roadIsClosed">La route est actuellement fermée.</string>
  <string name="noSavedRouteYet">Vous n'avez encore sauvegardé aucun itinéraire.</string>
  <string name="roadTracingDescription">La fonction Traçage d'itinéraire vous aide à enregistrer votre itinéraire hors route et à refaire le chemin inverse jusqu'au point de départ.</string>
  <string name="routeTracing">Traçage d'itinéraire</string>
  <string name="toastRouteOptionsUncheck">Décochez une sélection, puis cochez-en une autre.</string>
  <string name="routingToNearestPointToDestination">Étab.de l'itin. jusqu'au point le plus proche de la destination.</string>
  <string name="dialogStopRecordingMemoryDiskIsFull">La carte SD est pleine.</string>
  <string name="dialogCannotRecordMemoryCardIsFull">La carte SD est pleine. Actuellement, vous ne pouvez sauvegarder d'autres itinéraires.</string>
  <string name="dialogueStoppedRecording">Enregistrement arrêté</string>
  <string name="navSDCardFullRecStopMessage">La carte SD est pleine. L'enregistrement s'est arrêté.</string>
  <string name="listView">Vue liste</string>
  <string name="SearchHistoryClearedMessage">L'historique de recherche a été effacé.</string>
  <string name="SearchHistoryRestoredMessage">L'historique de recherche a été restauré.</string>
  <string name="shoppingLifeIcon">Mag./style de vie</string>
  <string name="barsAsia">Bars</string>
  <string name="generalHospitals">Hôpitaux généraux</string>
  <string name="gradeATertiaryHospitals">Hôpitaux de soins tertiaires de niveau de sécurité A</string>
  <string name="starClassHotels">Hôtels évalués au moyen d'étoiles</string>
  <string name="mapView">Vue carte</string>
  <string name="incrDataUpdateInProcess">Mise à jour de carte en cours : %1$s %</string>
  <string name="poiBankATMsTitle">Banques/guichets automatiques</string>
  <string name="bookStoreItemLabel">Librairies</string>
  <string name="commercialStreetItemLabel">Quartiers commerciaux</string>
  <string name="veterinarianItemLabel">Vétérinaires</string>
  <string name="shoppingLifeTitle">Magasinage/style de vie</string>
  <string name="titleShowPOIsOnMap">Afficher sur la carte</string>
  <string name="navLabelTakenToast">L'étiquette est déjà utilisée. Veuillez en choisir une autre.</string>
  <string name="navSetUpWorkCard">Définir lieu de travail</string>
  <string name="navSetUpHomeCard">Définir domicile</string>
  <string name="navDragMapUpdateAddress">F. glisser carte pour actual. adres.</string>
  <string name="navLabelButton">Étiquette</string>
  <string name="commonDone">Terminé</string>
  <string name="favoriteSaved">Favori enregistré</string>
  <string name="navHidePermanentlyText">Masquer en permanence</string>
  <string name="navHiddenDestinationNotice">Cet empl. ne sera plus indiqué comme Destin. intelligente. Impossible d'annuler cette action.</string>
  <string name="navHideButton">Masquer</string>
  <string name="navHidePermanaentlyLabel">Masquer de façon permanente?</string>
  <string name="navChangesSavedToast">Les changements ont été enregistrés.</string>
  <string name="annotationCVP0TimeToHome">%2$s jusqu'à %1$s</string>
  <string name="buttonLearnMore">En savoir plus</string>
  <string name="coachTripAssist">La fonction Destination intelligente affiche des renseignements de conduite importants pour vos trajets habituels</string>
  <string name="TripAssistMessage">La fonction Destination intelligente mémorise et prévoit vos arrêts favoris pour vous aider à y arriver plus rapidement sans aucune saisie.\n\nVous pouvez gérer Destination intelligente dans Options &gt; Paramètres &gt; Navigation prédictive</string>
  <string name="bubbleStartPoint">Point de départ</string>
  <string name="trafficEventsUnavailableTitle">Événements de circulation non disponibles</string>
  <string name="trafficEventsUnavailableContent">Jumelez votre système d'infodivertissement avec votre téléphone pour obtenir la circulation en direct.</string>
  <string name="navTollboothAhead">Poste de péage devant</string>
  <string name="significantTrafficDelayRerouteVars">Délai important sur l'itinéraire habituel jusqu'à %1$s.\nUn changement d'itinéraire via %2$s permet d'économiser %3$s min.</string>
  <string name="MRTStationItemLabel">Stations de métro/trains légers</string>
  <string name="dialogCannotRecordUnknownIssues">Problèmes inconnus. Impossible d'enregistrer d'autres itinéraires pour l'instant.</string>
  <string name="rerouteViaVars">%1$s dans %2$s sur %3$s (jusqu'à %4$s)\nChangement d'itinéraire par %5$s.</string>
  <string name="navViewPredictiveTutorial">Vous pouvez visionner le tutoriel dans Paramètres &gt; Navigation prédictive</string>
</resources>